ISO-10303-21;
HEADER;
FILE_DESCRIPTION(('FreeCAD Model'),'2;1');
FILE_NAME('Open CASCADE Shape Model','2023-01-30T18:25:43',(''),(''),
  'Open CASCADE STEP processor 7.6','FreeCAD','Unknown');
FILE_SCHEMA(('AUTOMOTIVE_DESIGN { 1 0 10303 214 1 1 1 1 }'));
ENDSEC;
DATA;
#1 = APPLICATION_PROTOCOL_DEFINITION('international standard',
  'automotive_design',2000,#2);
#2 = APPLICATION_CONTEXT(
  'core data for automotive mechanical design processes');
#3 = SHAPE_DEFINITION_REPRESENTATION(#4,#10);
#4 = PRODUCT_DEFINITION_SHAPE('','',#5);
#5 = PRODUCT_DEFINITION('design','',#6,#9);
#6 = PRODUCT_DEFINITION_FORMATION('','',#7);
#7 = PRODUCT('Unnamed','Unnamed','',(#8));
#8 = PRODUCT_CONTEXT('',#2,'mechanical');
#9 = PRODUCT_DEFINITION_CONTEXT('part definition',#2,'design');
#10 = SHAPE_REPRESENTATION('',(#11,#15,#19),#23);
#11 = AXIS2_PLACEMENT_3D('',#12,#13,#14);
#12 = CARTESIAN_POINT('',(0.,0.,0.));
#13 = DIRECTION('',(0.,0.,1.));
#14 = DIRECTION('',(1.,0.,-0.));
#15 = AXIS2_PLACEMENT_3D('',#16,#17,#18);
#16 = CARTESIAN_POINT('',(0.,0.,0.));
#17 = DIRECTION('',(0.,0.,1.));
#18 = DIRECTION('',(1.,0.,0.));
#19 = AXIS2_PLACEMENT_3D('',#20,#21,#22);
#20 = CARTESIAN_POINT('',(-2.2,2.83,0.7));
#21 = DIRECTION('',(-1.,4.930380657631E-32,2.22044604925E-16));
#22 = DIRECTION('',(0.,-1.,2.22044604925E-16));
#23 = ( GEOMETRIC_REPRESENTATION_CONTEXT(3) 
GLOBAL_UNCERTAINTY_ASSIGNED_CONTEXT((#27)) GLOBAL_UNIT_ASSIGNED_CONTEXT(
(#24,#25,#26)) REPRESENTATION_CONTEXT('Context #1',
  '3D Context with UNIT and UNCERTAINTY') );
#24 = ( LENGTH_UNIT() NAMED_UNIT(*) SI_UNIT(.MILLI.,.METRE.) );
#25 = ( NAMED_UNIT(*) PLANE_ANGLE_UNIT() SI_UNIT($,.RADIAN.) );
#26 = ( NAMED_UNIT(*) SI_UNIT($,.STERADIAN.) SOLID_ANGLE_UNIT() );
#27 = UNCERTAINTY_MEASURE_WITH_UNIT(LENGTH_MEASURE(1.E-05),#24,
  'distance_accuracy_value','confusion accuracy');
#28 = PRODUCT_RELATED_PRODUCT_CATEGORY('part',$,(#7));
#29 = SHAPE_DEFINITION_REPRESENTATION(#30,#36);
#30 = PRODUCT_DEFINITION_SHAPE('','',#31);
#31 = PRODUCT_DEFINITION('design','',#32,#35);
#32 = PRODUCT_DEFINITION_FORMATION('','',#33);
#33 = PRODUCT('Cherry_Stabilizer','Cherry_Stabilizer','',(#34));
#34 = PRODUCT_CONTEXT('',#2,'mechanical');
#35 = PRODUCT_DEFINITION_CONTEXT('part definition',#2,'design');
#36 = ADVANCED_BREP_SHAPE_REPRESENTATION('',(#11,#37),#8204);
#37 = MANIFOLD_SOLID_BREP('',#38);
#38 = CLOSED_SHELL('',(#39,#97,#155,#263,#296,#410,#450,#481,#514,#538,
    #569,#587,#872,#955,#1001,#1040,#1420,#1452,#1494,#1522,#1570,#1598,
    #1622,#1652,#1699,#1729,#1753,#1781,#1815,#1833,#1867,#1900,#1929,
    #1960,#1977,#1994,#2006,#2023,#2035,#2053,#2065,#2082,#2099,#2116,
    #2128,#2231,#2295,#2377,#2409,#2545,#2588,#2619,#2657,#2674,#2784,
    #2842,#2898,#2963,#3000,#3085,#3130,#3157,#3182,#3254,#3310,#3375,
    #3403,#3427,#3445,#3500,#3525,#3543,#3572,#3612,#3652,#3669,#3702,
    #3783,#3815,#3855,#3879,#3918,#3936,#3965,#3994,#4226,#4252,#4284,
    #4348,#4385,#4411,#4428,#4461,#4483,#4501,#4512,#4530,#4541,#4563,
    #4580,#4624,#4641,#4691,#4703,#4720,#4737,#4754,#4766,#4788,#4800,
    #4825,#4849,#4916,#4933,#4945,#4970,#4994,#5012,#5035,#5053,#5071,
    #5093,#5122,#5146,#5178,#5195,#5212,#5243,#5255,#5277,#5304,#5322,
    #5346,#5358,#5376,#5403,#5451,#5515,#5582,#5647,#5714,#5752,#5799,
    #5833,#5858,#5875,#5891,#5924,#5999,#6057,#6115,#6128,#6141,#6164,
    #6194,#6211,#6223,#6250,#6274,#6303,#6316,#6333,#6350,#6367,#6379,
    #6391,#6404,#6421,#6483,#6500,#6522,#6539,#6556,#6625,#6637,#6675,
    #6706,#6730,#6754,#6772,#6798,#6828,#6859,#6888,#6906,#6918,#6930,
    #6953,#6965,#6977,#6989,#7006,#7028,#7046,#7060,#7074,#7092,#7109,
    #7122,#7160,#7191,#7214,#7232,#7256,#7274,#7300,#7317,#7341,#7359,
    #7377,#7389,#7407,#7419,#7431,#7461,#7491,#7508,#7531,#7543,#7568,
    #7592,#7610,#7634,#7652,#7669,#7681,#7703,#7730,#7742,#7754,#7772,
    #7790,#7802,#7814,#7826,#7844,#7868,#7880,#7902,#7931,#7955,#7977,
    #7994,#8011,#8023,#8035,#8047,#8059,#8100,#8125,#8158,#8175,#8192));
#39 = ADVANCED_FACE('',(#40),#92,.F.);
#40 = FACE_BOUND('',#41,.F.);
#41 = EDGE_LOOP('',(#42,#52,#60,#69,#77,#86));
#42 = ORIENTED_EDGE('',*,*,#43,.T.);
#43 = EDGE_CURVE('',#44,#46,#48,.T.);
#44 = VERTEX_POINT('',#45);
#45 = CARTESIAN_POINT('',(-1.8,-7.,0.));
#46 = VERTEX_POINT('',#47);
#47 = CARTESIAN_POINT('',(-3.4,-7.,0.));
#48 = LINE('',#49,#50);
#49 = CARTESIAN_POINT('',(-1.8,-7.,0.));
#50 = VECTOR('',#51,1.);
#51 = DIRECTION('',(-1.,0.,0.));
#52 = ORIENTED_EDGE('',*,*,#53,.T.);
#53 = EDGE_CURVE('',#46,#54,#56,.T.);
#54 = VERTEX_POINT('',#55);
#55 = CARTESIAN_POINT('',(-3.4,-7.6,0.));
#56 = LINE('',#57,#58);
#57 = CARTESIAN_POINT('',(-3.4,-7.,0.));
#58 = VECTOR('',#59,1.);
#59 = DIRECTION('',(0.,-1.,0.));
#60 = ORIENTED_EDGE('',*,*,#61,.F.);
#61 = EDGE_CURVE('',#62,#54,#64,.T.);
#62 = VERTEX_POINT('',#63);
#63 = CARTESIAN_POINT('',(-3.2,-7.8,0.));
#64 = CIRCLE('',#65,0.2);
#65 = AXIS2_PLACEMENT_3D('',#66,#67,#68);
#66 = CARTESIAN_POINT('',(-3.2,-7.6,0.));
#67 = DIRECTION('',(0.,0.,-1.));
#68 = DIRECTION('',(0.,-1.,0.));
#69 = ORIENTED_EDGE('',*,*,#70,.T.);
#70 = EDGE_CURVE('',#62,#71,#73,.T.);
#71 = VERTEX_POINT('',#72);
#72 = CARTESIAN_POINT('',(-2.,-7.8,0.));
#73 = LINE('',#74,#75);
#74 = CARTESIAN_POINT('',(-3.2,-7.8,0.));
#75 = VECTOR('',#76,1.);
#76 = DIRECTION('',(1.,0.,0.));
#77 = ORIENTED_EDGE('',*,*,#78,.F.);
#78 = EDGE_CURVE('',#79,#71,#81,.T.);
#79 = VERTEX_POINT('',#80);
#80 = CARTESIAN_POINT('',(-1.8,-7.6,0.));
#81 = CIRCLE('',#82,0.2);
#82 = AXIS2_PLACEMENT_3D('',#83,#84,#85);
#83 = CARTESIAN_POINT('',(-2.,-7.6,0.));
#84 = DIRECTION('',(0.,0.,-1.));
#85 = DIRECTION('',(1.,0.,0.));
#86 = ORIENTED_EDGE('',*,*,#87,.T.);
#87 = EDGE_CURVE('',#79,#44,#88,.T.);
#88 = LINE('',#89,#90);
#89 = CARTESIAN_POINT('',(-1.8,-7.6,0.));
#90 = VECTOR('',#91,1.);
#91 = DIRECTION('',(0.,1.,0.));
#92 = PLANE('',#93);
#93 = AXIS2_PLACEMENT_3D('',#94,#95,#96);
#94 = CARTESIAN_POINT('',(0.,0.,0.));
#95 = DIRECTION('',(0.,0.,1.));
#96 = DIRECTION('',(1.,0.,-0.));
#97 = ADVANCED_FACE('',(#98),#150,.F.);
#98 = FACE_BOUND('',#99,.F.);
#99 = EDGE_LOOP('',(#100,#110,#118,#127,#135,#144));
#100 = ORIENTED_EDGE('',*,*,#101,.T.);
#101 = EDGE_CURVE('',#102,#104,#106,.T.);
#102 = VERTEX_POINT('',#103);
#103 = CARTESIAN_POINT('',(3.4,-7.,0.));
#104 = VERTEX_POINT('',#105);
#105 = CARTESIAN_POINT('',(1.8,-7.,0.));
#106 = LINE('',#107,#108);
#107 = CARTESIAN_POINT('',(3.4,-7.,0.));
#108 = VECTOR('',#109,1.);
#109 = DIRECTION('',(-1.,0.,0.));
#110 = ORIENTED_EDGE('',*,*,#111,.F.);
#111 = EDGE_CURVE('',#112,#104,#114,.T.);
#112 = VERTEX_POINT('',#113);
#113 = CARTESIAN_POINT('',(1.8,-7.6,0.));
#114 = LINE('',#115,#116);
#115 = CARTESIAN_POINT('',(1.8,-7.6,0.));
#116 = VECTOR('',#117,1.);
#117 = DIRECTION('',(0.,1.,0.));
#118 = ORIENTED_EDGE('',*,*,#119,.F.);
#119 = EDGE_CURVE('',#120,#112,#122,.T.);
#120 = VERTEX_POINT('',#121);
#121 = CARTESIAN_POINT('',(2.,-7.8,0.));
#122 = CIRCLE('',#123,0.2);
#123 = AXIS2_PLACEMENT_3D('',#124,#125,#126);
#124 = CARTESIAN_POINT('',(2.,-7.6,0.));
#125 = DIRECTION('',(0.,0.,-1.));
#126 = DIRECTION('',(0.,-1.,0.));
#127 = ORIENTED_EDGE('',*,*,#128,.T.);
#128 = EDGE_CURVE('',#120,#129,#131,.T.);
#129 = VERTEX_POINT('',#130);
#130 = CARTESIAN_POINT('',(3.2,-7.8,0.));
#131 = LINE('',#132,#133);
#132 = CARTESIAN_POINT('',(2.,-7.8,0.));
#133 = VECTOR('',#134,1.);
#134 = DIRECTION('',(1.,0.,0.));
#135 = ORIENTED_EDGE('',*,*,#136,.F.);
#136 = EDGE_CURVE('',#137,#129,#139,.T.);
#137 = VERTEX_POINT('',#138);
#138 = CARTESIAN_POINT('',(3.4,-7.6,0.));
#139 = CIRCLE('',#140,0.2);
#140 = AXIS2_PLACEMENT_3D('',#141,#142,#143);
#141 = CARTESIAN_POINT('',(3.2,-7.6,0.));
#142 = DIRECTION('',(0.,0.,-1.));
#143 = DIRECTION('',(1.,0.,0.));
#144 = ORIENTED_EDGE('',*,*,#145,.T.);
#145 = EDGE_CURVE('',#137,#102,#146,.T.);
#146 = LINE('',#147,#148);
#147 = CARTESIAN_POINT('',(3.4,-7.6,0.));
#148 = VECTOR('',#149,1.);
#149 = DIRECTION('',(0.,1.,0.));
#150 = PLANE('',#151);
#151 = AXIS2_PLACEMENT_3D('',#152,#153,#154);
#152 = CARTESIAN_POINT('',(0.,0.,0.));
#153 = DIRECTION('',(0.,0.,1.));
#154 = DIRECTION('',(1.,0.,-0.));
#155 = ADVANCED_FACE('',(#156),#258,.F.);
#156 = FACE_BOUND('',#157,.F.);
#157 = EDGE_LOOP('',(#158,#169,#177,#186,#194,#202,#210,#218,#226,#235,
    #243,#252));
#158 = ORIENTED_EDGE('',*,*,#159,.F.);
#159 = EDGE_CURVE('',#160,#162,#164,.T.);
#160 = VERTEX_POINT('',#161);
#161 = CARTESIAN_POINT('',(-3.4,7.6,0.));
#162 = VERTEX_POINT('',#163);
#163 = CARTESIAN_POINT('',(-3.2,7.8,0.));
#164 = CIRCLE('',#165,0.2);
#165 = AXIS2_PLACEMENT_3D('',#166,#167,#168);
#166 = CARTESIAN_POINT('',(-3.2,7.6,0.));
#167 = DIRECTION('',(0.,0.,-1.));
#168 = DIRECTION('',(-1.,0.,0.));
#169 = ORIENTED_EDGE('',*,*,#170,.T.);
#170 = EDGE_CURVE('',#160,#171,#173,.T.);
#171 = VERTEX_POINT('',#172);
#172 = CARTESIAN_POINT('',(-3.4,5.646410161514,0.));
#173 = LINE('',#174,#175);
#174 = CARTESIAN_POINT('',(-3.4,7.6,0.));
#175 = VECTOR('',#176,1.);
#176 = DIRECTION('',(-4.87464094455E-12,-1.,0.));
#177 = ORIENTED_EDGE('',*,*,#178,.F.);
#178 = EDGE_CURVE('',#179,#171,#181,.T.);
#179 = VERTEX_POINT('',#180);
#180 = CARTESIAN_POINT('',(-3.2,5.699999999808,0.));
#181 = CIRCLE('',#182,0.4);
#182 = AXIS2_PLACEMENT_3D('',#183,#184,#185);
#183 = CARTESIAN_POINT('',(-3.2,5.3,0.));
#184 = DIRECTION('',(0.,-0.,1.));
#185 = DIRECTION('',(0.,1.,0.));
#186 = ORIENTED_EDGE('',*,*,#187,.T.);
#187 = EDGE_CURVE('',#179,#188,#190,.T.);
#188 = VERTEX_POINT('',#189);
#189 = CARTESIAN_POINT('',(-1.7,5.7,0.));
#190 = LINE('',#191,#192);
#191 = CARTESIAN_POINT('',(-3.2,5.699999999808,0.));
#192 = VECTOR('',#193,1.);
#193 = DIRECTION('',(1.,1.280007211335E-10,0.));
#194 = ORIENTED_EDGE('',*,*,#195,.F.);
#195 = EDGE_CURVE('',#196,#188,#198,.T.);
#196 = VERTEX_POINT('',#197);
#197 = CARTESIAN_POINT('',(-1.7,7.,0.));
#198 = LINE('',#199,#200);
#199 = CARTESIAN_POINT('',(-1.7,7.,0.));
#200 = VECTOR('',#201,1.);
#201 = DIRECTION('',(0.,-1.,0.));
#202 = ORIENTED_EDGE('',*,*,#203,.F.);
#203 = EDGE_CURVE('',#204,#196,#206,.T.);
#204 = VERTEX_POINT('',#205);
#205 = CARTESIAN_POINT('',(1.7,7.,0.));
#206 = LINE('',#207,#208);
#207 = CARTESIAN_POINT('',(1.7,7.,0.));
#208 = VECTOR('',#209,1.);
#209 = DIRECTION('',(-1.,0.,0.));
#210 = ORIENTED_EDGE('',*,*,#211,.F.);
#211 = EDGE_CURVE('',#212,#204,#214,.T.);
#212 = VERTEX_POINT('',#213);
#213 = CARTESIAN_POINT('',(1.7,5.7,0.));
#214 = LINE('',#215,#216);
#215 = CARTESIAN_POINT('',(1.7,5.7,0.));
#216 = VECTOR('',#217,1.);
#217 = DIRECTION('',(0.,1.,0.));
#218 = ORIENTED_EDGE('',*,*,#219,.T.);
#219 = EDGE_CURVE('',#212,#220,#222,.T.);
#220 = VERTEX_POINT('',#221);
#221 = CARTESIAN_POINT('',(3.2,5.69999999965,0.));
#222 = LINE('',#223,#224);
#223 = CARTESIAN_POINT('',(1.7,5.7,0.));
#224 = VECTOR('',#225,1.);
#225 = DIRECTION('',(1.,-2.335340809623E-10,0.));
#226 = ORIENTED_EDGE('',*,*,#227,.F.);
#227 = EDGE_CURVE('',#228,#220,#230,.T.);
#228 = VERTEX_POINT('',#229);
#229 = CARTESIAN_POINT('',(3.4,5.646410161514,0.));
#230 = CIRCLE('',#231,0.4);
#231 = AXIS2_PLACEMENT_3D('',#232,#233,#234);
#232 = CARTESIAN_POINT('',(3.2,5.3,0.));
#233 = DIRECTION('',(0.,0.,1.));
#234 = DIRECTION('',(0.5,0.866025403784,-0.));
#235 = ORIENTED_EDGE('',*,*,#236,.T.);
#236 = EDGE_CURVE('',#228,#237,#239,.T.);
#237 = VERTEX_POINT('',#238);
#238 = CARTESIAN_POINT('',(3.4,7.6,0.));
#239 = LINE('',#240,#241);
#240 = CARTESIAN_POINT('',(3.400000000013,5.646410161381,0.));
#241 = VECTOR('',#242,1.);
#242 = DIRECTION('',(-6.546803730675E-12,1.,0.));
#243 = ORIENTED_EDGE('',*,*,#244,.F.);
#244 = EDGE_CURVE('',#245,#237,#247,.T.);
#245 = VERTEX_POINT('',#246);
#246 = CARTESIAN_POINT('',(3.2,7.8,0.));
#247 = CIRCLE('',#248,0.2);
#248 = AXIS2_PLACEMENT_3D('',#249,#250,#251);
#249 = CARTESIAN_POINT('',(3.2,7.6,0.));
#250 = DIRECTION('',(0.,0.,-1.));
#251 = DIRECTION('',(0.,1.,0.));
#252 = ORIENTED_EDGE('',*,*,#253,.T.);
#253 = EDGE_CURVE('',#245,#162,#254,.T.);
#254 = LINE('',#255,#256);
#255 = CARTESIAN_POINT('',(3.2,7.8,0.));
#256 = VECTOR('',#257,1.);
#257 = DIRECTION('',(-1.,0.,0.));
#258 = PLANE('',#259);
#259 = AXIS2_PLACEMENT_3D('',#260,#261,#262);
#260 = CARTESIAN_POINT('',(0.,0.,0.));
#261 = DIRECTION('',(0.,0.,1.));
#262 = DIRECTION('',(1.,0.,-0.));
#263 = ADVANCED_FACE('',(#264),#291,.F.);
#264 = FACE_BOUND('',#265,.F.);
#265 = EDGE_LOOP('',(#266,#267,#276,#284));
#266 = ORIENTED_EDGE('',*,*,#43,.F.);
#267 = ORIENTED_EDGE('',*,*,#268,.T.);
#268 = EDGE_CURVE('',#44,#269,#271,.T.);
#269 = VERTEX_POINT('',#270);
#270 = CARTESIAN_POINT('',(-1.8,-6.8,-0.2));
#271 = CIRCLE('',#272,0.2);
#272 = AXIS2_PLACEMENT_3D('',#273,#274,#275);
#273 = CARTESIAN_POINT('',(-1.8,-7.,-0.2));
#274 = DIRECTION('',(-1.,0.,0.));
#275 = DIRECTION('',(0.,0.,1.));
#276 = ORIENTED_EDGE('',*,*,#277,.T.);
#277 = EDGE_CURVE('',#269,#278,#280,.T.);
#278 = VERTEX_POINT('',#279);
#279 = CARTESIAN_POINT('',(-3.4,-6.8,-0.2));
#280 = LINE('',#281,#282);
#281 = CARTESIAN_POINT('',(-1.8,-6.8,-0.2));
#282 = VECTOR('',#283,1.);
#283 = DIRECTION('',(-1.,0.,0.));
#284 = ORIENTED_EDGE('',*,*,#285,.T.);
#285 = EDGE_CURVE('',#278,#46,#286,.T.);
#286 = CIRCLE('',#287,0.2);
#287 = AXIS2_PLACEMENT_3D('',#288,#289,#290);
#288 = CARTESIAN_POINT('',(-3.4,-7.,-0.2));
#289 = DIRECTION('',(1.,0.,0.));
#290 = DIRECTION('',(-0.,1.,0.));
#291 = CYLINDRICAL_SURFACE('',#292,0.2);
#292 = AXIS2_PLACEMENT_3D('',#293,#294,#295);
#293 = CARTESIAN_POINT('',(15.15024,-7.,-0.2));
#294 = DIRECTION('',(-1.,0.,0.));
#295 = DIRECTION('',(0.,0.,1.));
#296 = ADVANCED_FACE('',(#297),#405,.F.);
#297 = FACE_BOUND('',#298,.F.);
#298 = EDGE_LOOP('',(#299,#309,#318,#324,#325,#326,#334,#342,#350,#358,
    #366,#374,#383,#391,#399));
#299 = ORIENTED_EDGE('',*,*,#300,.T.);
#300 = EDGE_CURVE('',#301,#303,#305,.T.);
#301 = VERTEX_POINT('',#302);
#302 = CARTESIAN_POINT('',(-1.8,-7.7,-1.6));
#303 = VERTEX_POINT('',#304);
#304 = CARTESIAN_POINT('',(-1.8,-7.,-1.6));
#305 = LINE('',#306,#307);
#306 = CARTESIAN_POINT('',(-1.8,-7.7,-1.6));
#307 = VECTOR('',#308,1.);
#308 = DIRECTION('',(0.,1.,0.));
#309 = ORIENTED_EDGE('',*,*,#310,.F.);
#310 = EDGE_CURVE('',#311,#303,#313,.T.);
#311 = VERTEX_POINT('',#312);
#312 = CARTESIAN_POINT('',(-1.8,-6.8,-1.4));
#313 = CIRCLE('',#314,0.2);
#314 = AXIS2_PLACEMENT_3D('',#315,#316,#317);
#315 = CARTESIAN_POINT('',(-1.8,-7.,-1.4));
#316 = DIRECTION('',(-1.,0.,0.));
#317 = DIRECTION('',(0.,1.,0.));
#318 = ORIENTED_EDGE('',*,*,#319,.F.);
#319 = EDGE_CURVE('',#269,#311,#320,.T.);
#320 = LINE('',#321,#322);
#321 = CARTESIAN_POINT('',(-1.8,-6.8,-0.2));
#322 = VECTOR('',#323,1.);
#323 = DIRECTION('',(0.,0.,-1.));
#324 = ORIENTED_EDGE('',*,*,#268,.F.);
#325 = ORIENTED_EDGE('',*,*,#87,.F.);
#326 = ORIENTED_EDGE('',*,*,#327,.T.);
#327 = EDGE_CURVE('',#79,#328,#330,.T.);
#328 = VERTEX_POINT('',#329);
#329 = CARTESIAN_POINT('',(-1.8,-7.6,1.117157287525));
#330 = LINE('',#331,#332);
#331 = CARTESIAN_POINT('',(-1.8,-7.6,0.));
#332 = VECTOR('',#333,1.);
#333 = DIRECTION('',(0.,0.,1.));
#334 = ORIENTED_EDGE('',*,*,#335,.F.);
#335 = EDGE_CURVE('',#336,#328,#338,.T.);
#336 = VERTEX_POINT('',#337);
#337 = CARTESIAN_POINT('',(-1.8,-7.317157287525,1.4));
#338 = LINE('',#339,#340);
#339 = CARTESIAN_POINT('',(-1.8,-7.317157287525,1.4));
#340 = VECTOR('',#341,1.);
#341 = DIRECTION('',(0.,-0.707106781187,-0.707106781187));
#342 = ORIENTED_EDGE('',*,*,#343,.T.);
#343 = EDGE_CURVE('',#336,#344,#346,.T.);
#344 = VERTEX_POINT('',#345);
#345 = CARTESIAN_POINT('',(-1.8,-5.8,1.4));
#346 = LINE('',#347,#348);
#347 = CARTESIAN_POINT('',(-1.8,-7.317157287525,1.4));
#348 = VECTOR('',#349,1.);
#349 = DIRECTION('',(0.,1.,0.));
#350 = ORIENTED_EDGE('',*,*,#351,.T.);
#351 = EDGE_CURVE('',#344,#352,#354,.T.);
#352 = VERTEX_POINT('',#353);
#353 = CARTESIAN_POINT('',(-1.8,-5.8,-4.1));
#354 = LINE('',#355,#356);
#355 = CARTESIAN_POINT('',(-1.8,-5.8,1.4));
#356 = VECTOR('',#357,1.);
#357 = DIRECTION('',(0.,0.,-1.));
#358 = ORIENTED_EDGE('',*,*,#359,.T.);
#359 = EDGE_CURVE('',#352,#360,#362,.T.);
#360 = VERTEX_POINT('',#361);
#361 = CARTESIAN_POINT('',(-1.8,-6.884536262466,-4.1));
#362 = LINE('',#363,#364);
#363 = CARTESIAN_POINT('',(-1.8,-5.8,-4.1));
#364 = VECTOR('',#365,1.);
#365 = DIRECTION('',(0.,-1.,0.));
#366 = ORIENTED_EDGE('',*,*,#367,.T.);
#367 = EDGE_CURVE('',#360,#368,#370,.T.);
#368 = VERTEX_POINT('',#369);
#369 = CARTESIAN_POINT('',(-1.8,-7.01188754529,-3.04547150091));
#370 = LINE('',#371,#372);
#371 = CARTESIAN_POINT('',(-1.8,-6.884536262466,-4.1));
#372 = VECTOR('',#373,1.);
#373 = DIRECTION('',(0.,-0.119894953126,0.992786583418));
#374 = ORIENTED_EDGE('',*,*,#375,.F.);
#375 = EDGE_CURVE('',#376,#368,#378,.T.);
#376 = VERTEX_POINT('',#377);
#377 = CARTESIAN_POINT('',(-1.8,-7.74,-2.4));
#378 = CIRCLE('',#379,0.73340279459);
#379 = AXIS2_PLACEMENT_3D('',#380,#381,#382);
#380 = CARTESIAN_POINT('',(-1.8,-7.74,-3.13340279459));
#381 = DIRECTION('',(-1.,0.,0.));
#382 = DIRECTION('',(0.,0.,1.));
#383 = ORIENTED_EDGE('',*,*,#384,.F.);
#384 = EDGE_CURVE('',#385,#376,#387,.T.);
#385 = VERTEX_POINT('',#386);
#386 = CARTESIAN_POINT('',(-1.8,-8.3,-2.4));
#387 = LINE('',#388,#389);
#388 = CARTESIAN_POINT('',(-1.8,-8.3,-2.4));
#389 = VECTOR('',#390,1.);
#390 = DIRECTION('',(0.,1.,0.));
#391 = ORIENTED_EDGE('',*,*,#392,.F.);
#392 = EDGE_CURVE('',#393,#385,#395,.T.);
#393 = VERTEX_POINT('',#394);
#394 = CARTESIAN_POINT('',(-1.8,-8.3,-2.2));
#395 = LINE('',#396,#397);
#396 = CARTESIAN_POINT('',(-1.8,-8.3,-2.2));
#397 = VECTOR('',#398,1.);
#398 = DIRECTION('',(0.,0.,-1.));
#399 = ORIENTED_EDGE('',*,*,#400,.F.);
#400 = EDGE_CURVE('',#301,#393,#401,.T.);
#401 = LINE('',#402,#403);
#402 = CARTESIAN_POINT('',(-1.8,-7.7,-1.6));
#403 = VECTOR('',#404,1.);
#404 = DIRECTION('',(0.,-0.707106781187,-0.707106781187));
#405 = PLANE('',#406);
#406 = AXIS2_PLACEMENT_3D('',#407,#408,#409);
#407 = CARTESIAN_POINT('',(-1.8,-5.6,2.4));
#408 = DIRECTION('',(-1.,0.,0.));
#409 = DIRECTION('',(0.,-1.,0.));
#410 = ADVANCED_FACE('',(#411),#445,.T.);
#411 = FACE_BOUND('',#412,.F.);
#412 = EDGE_LOOP('',(#413,#423,#431,#439));
#413 = ORIENTED_EDGE('',*,*,#414,.F.);
#414 = EDGE_CURVE('',#415,#417,#419,.T.);
#415 = VERTEX_POINT('',#416);
#416 = CARTESIAN_POINT('',(3.4,-7.,-1.6));
#417 = VERTEX_POINT('',#418);
#418 = CARTESIAN_POINT('',(1.8,-7.,-1.6));
#419 = LINE('',#420,#421);
#420 = CARTESIAN_POINT('',(3.4,-7.,-1.6));
#421 = VECTOR('',#422,1.);
#422 = DIRECTION('',(-1.,0.,0.));
#423 = ORIENTED_EDGE('',*,*,#424,.F.);
#424 = EDGE_CURVE('',#425,#415,#427,.T.);
#425 = VERTEX_POINT('',#426);
#426 = CARTESIAN_POINT('',(3.4,-7.7,-1.6));
#427 = LINE('',#428,#429);
#428 = CARTESIAN_POINT('',(3.4,-7.7,-1.6));
#429 = VECTOR('',#430,1.);
#430 = DIRECTION('',(0.,1.,0.));
#431 = ORIENTED_EDGE('',*,*,#432,.F.);
#432 = EDGE_CURVE('',#433,#425,#435,.T.);
#433 = VERTEX_POINT('',#434);
#434 = CARTESIAN_POINT('',(1.8,-7.7,-1.6));
#435 = LINE('',#436,#437);
#436 = CARTESIAN_POINT('',(1.8,-7.7,-1.6));
#437 = VECTOR('',#438,1.);
#438 = DIRECTION('',(1.,0.,0.));
#439 = ORIENTED_EDGE('',*,*,#440,.F.);
#440 = EDGE_CURVE('',#417,#433,#441,.T.);
#441 = LINE('',#442,#443);
#442 = CARTESIAN_POINT('',(1.8,-7.,-1.6));
#443 = VECTOR('',#444,1.);
#444 = DIRECTION('',(0.,-1.,0.));
#445 = PLANE('',#446);
#446 = AXIS2_PLACEMENT_3D('',#447,#448,#449);
#447 = CARTESIAN_POINT('',(0.,0.,-1.6));
#448 = DIRECTION('',(0.,0.,1.));
#449 = DIRECTION('',(0.,-1.,0.));
#450 = ADVANCED_FACE('',(#451),#476,.T.);
#451 = FACE_BOUND('',#452,.F.);
#452 = EDGE_LOOP('',(#453,#461,#462,#470));
#453 = ORIENTED_EDGE('',*,*,#454,.F.);
#454 = EDGE_CURVE('',#303,#455,#457,.T.);
#455 = VERTEX_POINT('',#456);
#456 = CARTESIAN_POINT('',(-3.4,-7.,-1.6));
#457 = LINE('',#458,#459);
#458 = CARTESIAN_POINT('',(-1.8,-7.,-1.6));
#459 = VECTOR('',#460,1.);
#460 = DIRECTION('',(-1.,0.,0.));
#461 = ORIENTED_EDGE('',*,*,#300,.F.);
#462 = ORIENTED_EDGE('',*,*,#463,.F.);
#463 = EDGE_CURVE('',#464,#301,#466,.T.);
#464 = VERTEX_POINT('',#465);
#465 = CARTESIAN_POINT('',(-3.4,-7.7,-1.6));
#466 = LINE('',#467,#468);
#467 = CARTESIAN_POINT('',(-3.4,-7.7,-1.6));
#468 = VECTOR('',#469,1.);
#469 = DIRECTION('',(1.,0.,0.));
#470 = ORIENTED_EDGE('',*,*,#471,.F.);
#471 = EDGE_CURVE('',#455,#464,#472,.T.);
#472 = LINE('',#473,#474);
#473 = CARTESIAN_POINT('',(-3.4,-7.,-1.6));
#474 = VECTOR('',#475,1.);
#475 = DIRECTION('',(0.,-1.,0.));
#476 = PLANE('',#477);
#477 = AXIS2_PLACEMENT_3D('',#478,#479,#480);
#478 = CARTESIAN_POINT('',(0.,0.,-1.6));
#479 = DIRECTION('',(0.,0.,1.));
#480 = DIRECTION('',(0.,-1.,0.));
#481 = ADVANCED_FACE('',(#482),#509,.F.);
#482 = FACE_BOUND('',#483,.F.);
#483 = EDGE_LOOP('',(#484,#494,#501,#502));
#484 = ORIENTED_EDGE('',*,*,#485,.F.);
#485 = EDGE_CURVE('',#486,#488,#490,.T.);
#486 = VERTEX_POINT('',#487);
#487 = CARTESIAN_POINT('',(3.4,-6.8,-1.4));
#488 = VERTEX_POINT('',#489);
#489 = CARTESIAN_POINT('',(1.8,-6.8,-1.4));
#490 = LINE('',#491,#492);
#491 = CARTESIAN_POINT('',(3.4,-6.8,-1.4));
#492 = VECTOR('',#493,1.);
#493 = DIRECTION('',(-1.,0.,0.));
#494 = ORIENTED_EDGE('',*,*,#495,.T.);
#495 = EDGE_CURVE('',#486,#415,#496,.T.);
#496 = CIRCLE('',#497,0.2);
#497 = AXIS2_PLACEMENT_3D('',#498,#499,#500);
#498 = CARTESIAN_POINT('',(3.4,-7.,-1.4));
#499 = DIRECTION('',(-1.,0.,0.));
#500 = DIRECTION('',(0.,1.,0.));
#501 = ORIENTED_EDGE('',*,*,#414,.T.);
#502 = ORIENTED_EDGE('',*,*,#503,.T.);
#503 = EDGE_CURVE('',#417,#488,#504,.T.);
#504 = CIRCLE('',#505,0.2);
#505 = AXIS2_PLACEMENT_3D('',#506,#507,#508);
#506 = CARTESIAN_POINT('',(1.8,-7.,-1.4));
#507 = DIRECTION('',(1.,0.,0.));
#508 = DIRECTION('',(0.,0.,-1.));
#509 = CYLINDRICAL_SURFACE('',#510,0.2);
#510 = AXIS2_PLACEMENT_3D('',#511,#512,#513);
#511 = CARTESIAN_POINT('',(15.15024,-7.,-1.4));
#512 = DIRECTION('',(-1.,0.,0.));
#513 = DIRECTION('',(0.,1.,0.));
#514 = ADVANCED_FACE('',(#515),#533,.T.);
#515 = FACE_BOUND('',#516,.F.);
#516 = EDGE_LOOP('',(#517,#518,#519,#527));
#517 = ORIENTED_EDGE('',*,*,#277,.F.);
#518 = ORIENTED_EDGE('',*,*,#319,.T.);
#519 = ORIENTED_EDGE('',*,*,#520,.T.);
#520 = EDGE_CURVE('',#311,#521,#523,.T.);
#521 = VERTEX_POINT('',#522);
#522 = CARTESIAN_POINT('',(-3.4,-6.8,-1.4));
#523 = LINE('',#524,#525);
#524 = CARTESIAN_POINT('',(-1.8,-6.8,-1.4));
#525 = VECTOR('',#526,1.);
#526 = DIRECTION('',(-1.,0.,0.));
#527 = ORIENTED_EDGE('',*,*,#528,.F.);
#528 = EDGE_CURVE('',#278,#521,#529,.T.);
#529 = LINE('',#530,#531);
#530 = CARTESIAN_POINT('',(-3.4,-6.8,-0.2));
#531 = VECTOR('',#532,1.);
#532 = DIRECTION('',(0.,0.,-1.));
#533 = PLANE('',#534);
#534 = AXIS2_PLACEMENT_3D('',#535,#536,#537);
#535 = CARTESIAN_POINT('',(3.4,-6.8,0.));
#536 = DIRECTION('',(0.,-1.,0.));
#537 = DIRECTION('',(-1.,0.,0.));
#538 = ADVANCED_FACE('',(#539),#564,.T.);
#539 = FACE_BOUND('',#540,.F.);
#540 = EDGE_LOOP('',(#541,#551,#557,#558));
#541 = ORIENTED_EDGE('',*,*,#542,.F.);
#542 = EDGE_CURVE('',#543,#545,#547,.T.);
#543 = VERTEX_POINT('',#544);
#544 = CARTESIAN_POINT('',(3.4,-6.8,-0.2));
#545 = VERTEX_POINT('',#546);
#546 = CARTESIAN_POINT('',(1.8,-6.8,-0.2));
#547 = LINE('',#548,#549);
#548 = CARTESIAN_POINT('',(3.4,-6.8,-0.2));
#549 = VECTOR('',#550,1.);
#550 = DIRECTION('',(-1.,0.,0.));
#551 = ORIENTED_EDGE('',*,*,#552,.T.);
#552 = EDGE_CURVE('',#543,#486,#553,.T.);
#553 = LINE('',#554,#555);
#554 = CARTESIAN_POINT('',(3.4,-6.8,-0.2));
#555 = VECTOR('',#556,1.);
#556 = DIRECTION('',(0.,0.,-1.));
#557 = ORIENTED_EDGE('',*,*,#485,.T.);
#558 = ORIENTED_EDGE('',*,*,#559,.F.);
#559 = EDGE_CURVE('',#545,#488,#560,.T.);
#560 = LINE('',#561,#562);
#561 = CARTESIAN_POINT('',(1.8,-6.8,-0.2));
#562 = VECTOR('',#563,1.);
#563 = DIRECTION('',(0.,0.,-1.));
#564 = PLANE('',#565);
#565 = AXIS2_PLACEMENT_3D('',#566,#567,#568);
#566 = CARTESIAN_POINT('',(3.4,-6.8,0.));
#567 = DIRECTION('',(0.,-1.,0.));
#568 = DIRECTION('',(-1.,0.,0.));
#569 = ADVANCED_FACE('',(#570),#582,.F.);
#570 = FACE_BOUND('',#571,.F.);
#571 = EDGE_LOOP('',(#572,#573,#574,#575));
#572 = ORIENTED_EDGE('',*,*,#520,.F.);
#573 = ORIENTED_EDGE('',*,*,#310,.T.);
#574 = ORIENTED_EDGE('',*,*,#454,.T.);
#575 = ORIENTED_EDGE('',*,*,#576,.T.);
#576 = EDGE_CURVE('',#455,#521,#577,.T.);
#577 = CIRCLE('',#578,0.2);
#578 = AXIS2_PLACEMENT_3D('',#579,#580,#581);
#579 = CARTESIAN_POINT('',(-3.4,-7.,-1.4));
#580 = DIRECTION('',(1.,0.,0.));
#581 = DIRECTION('',(0.,0.,-1.));
#582 = CYLINDRICAL_SURFACE('',#583,0.2);
#583 = AXIS2_PLACEMENT_3D('',#584,#585,#586);
#584 = CARTESIAN_POINT('',(15.15024,-7.,-1.4));
#585 = DIRECTION('',(-1.,0.,0.));
#586 = DIRECTION('',(0.,1.,0.));
#587 = ADVANCED_FACE('',(#588),#867,.T.);
#588 = FACE_BOUND('',#589,.T.);
#589 = EDGE_LOOP('',(#590,#600,#612,#620,#628,#636,#645,#653,#661,#667,
    #668,#669,#670,#671,#672,#680,#688,#696,#705,#713,#721,#729,#738,
    #746,#755,#763,#771,#779,#788,#796,#804,#810,#811,#823,#831,#839,
    #847,#856));
#590 = ORIENTED_EDGE('',*,*,#591,.F.);
#591 = EDGE_CURVE('',#592,#594,#596,.T.);
#592 = VERTEX_POINT('',#593);
#593 = CARTESIAN_POINT('',(-3.4,-0.2,0.3));
#594 = VERTEX_POINT('',#595);
#595 = CARTESIAN_POINT('',(-3.400000236768,2.049545013205,0.3));
#596 = LINE('',#597,#598);
#597 = CARTESIAN_POINT('',(-3.4,-0.2,0.3));
#598 = VECTOR('',#599,1.);
#599 = DIRECTION('',(-1.052513924263E-07,1.,0.));
#600 = ORIENTED_EDGE('',*,*,#601,.F.);
#601 = EDGE_CURVE('',#602,#592,#604,.T.);
#602 = VERTEX_POINT('',#603);
#603 = CARTESIAN_POINT('',(-3.4,-0.5,-0.219615242271));
#604 = B_SPLINE_CURVE_WITH_KNOTS('',3,(#605,#606,#607,#608,#609,#610,
    #611),.UNSPECIFIED.,.F.,.F.,(4,1,1,1,4),(0.,0.25,0.5,0.75,1.),
  .QUASI_UNIFORM_KNOTS.);
#605 = CARTESIAN_POINT('',(-3.399999999995,-0.5,-0.219615242216));
#606 = CARTESIAN_POINT('',(-3.399999999995,-0.499999999985,
    -0.179828631574));
#607 = CARTESIAN_POINT('',(-3.400000000002,-0.488560703269,
    -9.800637260029E-02));
#608 = CARTESIAN_POINT('',(-3.399999999999,-0.430632463524,
    3.52678583116E-02));
#609 = CARTESIAN_POINT('',(-3.4,-0.331523517336,0.167838131317));
#610 = CARTESIAN_POINT('',(-3.4,-0.245714957249,0.254285042751));
#611 = CARTESIAN_POINT('',(-3.4,-0.2,0.3));
#612 = ORIENTED_EDGE('',*,*,#613,.F.);
#613 = EDGE_CURVE('',#614,#602,#616,.T.);
#614 = VERTEX_POINT('',#615);
#615 = CARTESIAN_POINT('',(-3.4,-0.5,-4.6));
#616 = LINE('',#617,#618);
#617 = CARTESIAN_POINT('',(-3.4,-0.5,-4.6));
#618 = VECTOR('',#619,1.);
#619 = DIRECTION('',(1.173083309187E-12,0.,1.));
#620 = ORIENTED_EDGE('',*,*,#621,.F.);
#621 = EDGE_CURVE('',#622,#614,#624,.T.);
#622 = VERTEX_POINT('',#623);
#623 = CARTESIAN_POINT('',(-3.4,-6.824153217847,-4.6));
#624 = LINE('',#625,#626);
#625 = CARTESIAN_POINT('',(-3.4,-6.824153217847,-4.6));
#626 = VECTOR('',#627,1.);
#627 = DIRECTION('',(0.,1.,0.));
#628 = ORIENTED_EDGE('',*,*,#629,.F.);
#629 = EDGE_CURVE('',#630,#622,#632,.T.);
#630 = VERTEX_POINT('',#631);
#631 = CARTESIAN_POINT('',(-3.4,-7.01188754529,-3.04547150091));
#632 = LINE('',#633,#634);
#633 = CARTESIAN_POINT('',(-3.4,-7.01188754529,-3.04547150091));
#634 = VECTOR('',#635,1.);
#635 = DIRECTION('',(0.,0.119894953126,-0.992786583418));
#636 = ORIENTED_EDGE('',*,*,#637,.F.);
#637 = EDGE_CURVE('',#638,#630,#640,.T.);
#638 = VERTEX_POINT('',#639);
#639 = CARTESIAN_POINT('',(-3.4,-7.74,-2.4));
#640 = CIRCLE('',#641,0.73340279459);
#641 = AXIS2_PLACEMENT_3D('',#642,#643,#644);
#642 = CARTESIAN_POINT('',(-3.4,-7.74,-3.13340279459));
#643 = DIRECTION('',(-1.,0.,0.));
#644 = DIRECTION('',(0.,0.,1.));
#645 = ORIENTED_EDGE('',*,*,#646,.F.);
#646 = EDGE_CURVE('',#647,#638,#649,.T.);
#647 = VERTEX_POINT('',#648);
#648 = CARTESIAN_POINT('',(-3.4,-8.3,-2.4));
#649 = LINE('',#650,#651);
#650 = CARTESIAN_POINT('',(-3.4,-8.3,-2.4));
#651 = VECTOR('',#652,1.);
#652 = DIRECTION('',(0.,1.,0.));
#653 = ORIENTED_EDGE('',*,*,#654,.F.);
#654 = EDGE_CURVE('',#655,#647,#657,.T.);
#655 = VERTEX_POINT('',#656);
#656 = CARTESIAN_POINT('',(-3.4,-8.3,-2.2));
#657 = LINE('',#658,#659);
#658 = CARTESIAN_POINT('',(-3.4,-8.3,-2.2));
#659 = VECTOR('',#660,1.);
#660 = DIRECTION('',(0.,0.,-1.));
#661 = ORIENTED_EDGE('',*,*,#662,.T.);
#662 = EDGE_CURVE('',#655,#464,#663,.T.);
#663 = LINE('',#664,#665);
#664 = CARTESIAN_POINT('',(-3.4,-8.3,-2.2));
#665 = VECTOR('',#666,1.);
#666 = DIRECTION('',(0.,0.707106781187,0.707106781187));
#667 = ORIENTED_EDGE('',*,*,#471,.F.);
#668 = ORIENTED_EDGE('',*,*,#576,.T.);
#669 = ORIENTED_EDGE('',*,*,#528,.F.);
#670 = ORIENTED_EDGE('',*,*,#285,.T.);
#671 = ORIENTED_EDGE('',*,*,#53,.T.);
#672 = ORIENTED_EDGE('',*,*,#673,.F.);
#673 = EDGE_CURVE('',#674,#54,#676,.T.);
#674 = VERTEX_POINT('',#675);
#675 = CARTESIAN_POINT('',(-3.4,-7.6,1.117157287525));
#676 = LINE('',#677,#678);
#677 = CARTESIAN_POINT('',(-3.4,-7.6,1.117157287525));
#678 = VECTOR('',#679,1.);
#679 = DIRECTION('',(0.,0.,-1.));
#680 = ORIENTED_EDGE('',*,*,#681,.T.);
#681 = EDGE_CURVE('',#674,#682,#684,.T.);
#682 = VERTEX_POINT('',#683);
#683 = CARTESIAN_POINT('',(-3.4,-7.317157287525,1.4));
#684 = LINE('',#685,#686);
#685 = CARTESIAN_POINT('',(-3.4,-7.6,1.117157287525));
#686 = VECTOR('',#687,1.);
#687 = DIRECTION('',(0.,0.707106781186,0.707106781187));
#688 = ORIENTED_EDGE('',*,*,#689,.F.);
#689 = EDGE_CURVE('',#690,#682,#692,.T.);
#690 = VERTEX_POINT('',#691);
#691 = CARTESIAN_POINT('',(-3.4,-4.8,1.4));
#692 = LINE('',#693,#694);
#693 = CARTESIAN_POINT('',(-3.4,-4.8,1.4));
#694 = VECTOR('',#695,1.);
#695 = DIRECTION('',(0.,-1.,0.));
#696 = ORIENTED_EDGE('',*,*,#697,.T.);
#697 = EDGE_CURVE('',#690,#698,#700,.T.);
#698 = VERTEX_POINT('',#699);
#699 = CARTESIAN_POINT('',(-3.4,-4.4,1.8));
#700 = CIRCLE('',#701,0.4);
#701 = AXIS2_PLACEMENT_3D('',#702,#703,#704);
#702 = CARTESIAN_POINT('',(-3.4,-4.8,1.8));
#703 = DIRECTION('',(1.,0.,0.));
#704 = DIRECTION('',(0.,0.,-1.));
#705 = ORIENTED_EDGE('',*,*,#706,.F.);
#706 = EDGE_CURVE('',#707,#698,#709,.T.);
#707 = VERTEX_POINT('',#708);
#708 = CARTESIAN_POINT('',(-3.4,-4.4,6.65));
#709 = LINE('',#710,#711);
#710 = CARTESIAN_POINT('',(-3.4,-4.4,6.65));
#711 = VECTOR('',#712,1.);
#712 = DIRECTION('',(0.,0.,-1.));
#713 = ORIENTED_EDGE('',*,*,#714,.F.);
#714 = EDGE_CURVE('',#715,#707,#717,.T.);
#715 = VERTEX_POINT('',#716);
#716 = CARTESIAN_POINT('',(-3.4,-2.3,6.65));
#717 = LINE('',#718,#719);
#718 = CARTESIAN_POINT('',(-3.4,-2.3,6.65));
#719 = VECTOR('',#720,1.);
#720 = DIRECTION('',(0.,-1.,0.));
#721 = ORIENTED_EDGE('',*,*,#722,.T.);
#722 = EDGE_CURVE('',#715,#723,#725,.T.);
#723 = VERTEX_POINT('',#724);
#724 = CARTESIAN_POINT('',(-3.4,-2.3,2.6));
#725 = LINE('',#726,#727);
#726 = CARTESIAN_POINT('',(-3.4,-2.3,6.65));
#727 = VECTOR('',#728,1.);
#728 = DIRECTION('',(0.,0.,-1.));
#729 = ORIENTED_EDGE('',*,*,#730,.T.);
#730 = EDGE_CURVE('',#723,#731,#733,.T.);
#731 = VERTEX_POINT('',#732);
#732 = CARTESIAN_POINT('',(-3.4,-1.9,2.2));
#733 = CIRCLE('',#734,0.4);
#734 = AXIS2_PLACEMENT_3D('',#735,#736,#737);
#735 = CARTESIAN_POINT('',(-3.4,-1.9,2.6));
#736 = DIRECTION('',(1.,0.,0.));
#737 = DIRECTION('',(0.,-1.,0.));
#738 = ORIENTED_EDGE('',*,*,#739,.F.);
#739 = EDGE_CURVE('',#740,#731,#742,.T.);
#740 = VERTEX_POINT('',#741);
#741 = CARTESIAN_POINT('',(-3.4,1.9,2.2));
#742 = LINE('',#743,#744);
#743 = CARTESIAN_POINT('',(-3.4,1.9,2.2));
#744 = VECTOR('',#745,1.);
#745 = DIRECTION('',(0.,-1.,0.));
#746 = ORIENTED_EDGE('',*,*,#747,.T.);
#747 = EDGE_CURVE('',#740,#748,#750,.T.);
#748 = VERTEX_POINT('',#749);
#749 = CARTESIAN_POINT('',(-3.4,2.3,2.6));
#750 = CIRCLE('',#751,0.4);
#751 = AXIS2_PLACEMENT_3D('',#752,#753,#754);
#752 = CARTESIAN_POINT('',(-3.4,1.9,2.6));
#753 = DIRECTION('',(1.,0.,0.));
#754 = DIRECTION('',(0.,0.,-1.));
#755 = ORIENTED_EDGE('',*,*,#756,.F.);
#756 = EDGE_CURVE('',#757,#748,#759,.T.);
#757 = VERTEX_POINT('',#758);
#758 = CARTESIAN_POINT('',(-3.4,2.3,6.65));
#759 = LINE('',#760,#761);
#760 = CARTESIAN_POINT('',(-3.4,2.3,6.65));
#761 = VECTOR('',#762,1.);
#762 = DIRECTION('',(0.,0.,-1.));
#763 = ORIENTED_EDGE('',*,*,#764,.F.);
#764 = EDGE_CURVE('',#765,#757,#767,.T.);
#765 = VERTEX_POINT('',#766);
#766 = CARTESIAN_POINT('',(-3.4,4.4,6.65));
#767 = LINE('',#768,#769);
#768 = CARTESIAN_POINT('',(-3.4,4.4,6.65));
#769 = VECTOR('',#770,1.);
#770 = DIRECTION('',(0.,-1.,0.));
#771 = ORIENTED_EDGE('',*,*,#772,.T.);
#772 = EDGE_CURVE('',#765,#773,#775,.T.);
#773 = VERTEX_POINT('',#774);
#774 = CARTESIAN_POINT('',(-3.4,4.4,1.8));
#775 = LINE('',#776,#777);
#776 = CARTESIAN_POINT('',(-3.4,4.4,6.65));
#777 = VECTOR('',#778,1.);
#778 = DIRECTION('',(0.,0.,-1.));
#779 = ORIENTED_EDGE('',*,*,#780,.T.);
#780 = EDGE_CURVE('',#773,#781,#783,.T.);
#781 = VERTEX_POINT('',#782);
#782 = CARTESIAN_POINT('',(-3.4,4.8,1.4));
#783 = CIRCLE('',#784,0.4);
#784 = AXIS2_PLACEMENT_3D('',#785,#786,#787);
#785 = CARTESIAN_POINT('',(-3.4,4.8,1.8));
#786 = DIRECTION('',(1.,0.,0.));
#787 = DIRECTION('',(0.,-1.,0.));
#788 = ORIENTED_EDGE('',*,*,#789,.F.);
#789 = EDGE_CURVE('',#790,#781,#792,.T.);
#790 = VERTEX_POINT('',#791);
#791 = CARTESIAN_POINT('',(-3.4,7.317157287525,1.4));
#792 = LINE('',#793,#794);
#793 = CARTESIAN_POINT('',(-3.4,7.317157287525,1.4));
#794 = VECTOR('',#795,1.);
#795 = DIRECTION('',(0.,-1.,0.));
#796 = ORIENTED_EDGE('',*,*,#797,.T.);
#797 = EDGE_CURVE('',#790,#798,#800,.T.);
#798 = VERTEX_POINT('',#799);
#799 = CARTESIAN_POINT('',(-3.4,7.6,1.117157287525));
#800 = LINE('',#801,#802);
#801 = CARTESIAN_POINT('',(-3.4,7.317157287525,1.4));
#802 = VECTOR('',#803,1.);
#803 = DIRECTION('',(0.,0.707106781187,-0.707106781186));
#804 = ORIENTED_EDGE('',*,*,#805,.T.);
#805 = EDGE_CURVE('',#798,#160,#806,.T.);
#806 = LINE('',#807,#808);
#807 = CARTESIAN_POINT('',(-3.4,7.6,1.117157287525));
#808 = VECTOR('',#809,1.);
#809 = DIRECTION('',(0.,0.,-1.));
#810 = ORIENTED_EDGE('',*,*,#170,.T.);
#811 = ORIENTED_EDGE('',*,*,#812,.F.);
#812 = EDGE_CURVE('',#813,#171,#815,.T.);
#813 = VERTEX_POINT('',#814);
#814 = CARTESIAN_POINT('',(-3.4,5.3,-0.2));
#815 = B_SPLINE_CURVE_WITH_KNOTS('',3,(#816,#817,#818,#819,#820,#821,
    #822),.UNSPECIFIED.,.F.,.F.,(4,1,1,1,4),(0.,0.25,0.5,0.75,1.),
  .QUASI_UNIFORM_KNOTS.);
#816 = CARTESIAN_POINT('',(-3.4,5.3,-0.2));
#817 = CARTESIAN_POINT('',(-3.4,5.329912184507,-0.170087815493));
#818 = CARTESIAN_POINT('',(-3.4,5.386693074571,-0.113685220699));
#819 = CARTESIAN_POINT('',(-3.400000000001,5.474243374079,
    -4.761457038427E-02));
#820 = CARTESIAN_POINT('',(-3.399999999996,5.563470601997,
    -8.068891384775E-03));
#821 = CARTESIAN_POINT('',(-3.40000000001,5.619125610906,
    -2.871022520478E-11));
#822 = CARTESIAN_POINT('',(-3.40000000001,5.646410161415,0.));
#823 = ORIENTED_EDGE('',*,*,#824,.F.);
#824 = EDGE_CURVE('',#825,#813,#827,.T.);
#825 = VERTEX_POINT('',#826);
#826 = CARTESIAN_POINT('',(-3.4,5.3,-3.870239126847));
#827 = LINE('',#828,#829);
#828 = CARTESIAN_POINT('',(-3.4,5.3,-3.870239126847));
#829 = VECTOR('',#830,1.);
#830 = DIRECTION('',(0.,0.,1.));
#831 = ORIENTED_EDGE('',*,*,#832,.T.);
#832 = EDGE_CURVE('',#825,#833,#835,.T.);
#833 = VERTEX_POINT('',#834);
#834 = CARTESIAN_POINT('',(-3.4,5.077898864693,-4.6));
#835 = LINE('',#836,#837);
#836 = CARTESIAN_POINT('',(-3.4,5.3,-3.870239126847));
#837 = VECTOR('',#838,1.);
#838 = DIRECTION('',(0.,-0.291161615783,-0.956673880429));
#839 = ORIENTED_EDGE('',*,*,#840,.F.);
#840 = EDGE_CURVE('',#841,#833,#843,.T.);
#841 = VERTEX_POINT('',#842);
#842 = CARTESIAN_POINT('',(-3.4,0.434125961335,-4.6));
#843 = LINE('',#844,#845);
#844 = CARTESIAN_POINT('',(-3.4,0.434125961335,-4.6));
#845 = VECTOR('',#846,1.);
#846 = DIRECTION('',(0.,1.,0.));
#847 = ORIENTED_EDGE('',*,*,#848,.F.);
#848 = EDGE_CURVE('',#849,#841,#851,.T.);
#849 = VERTEX_POINT('',#850);
#850 = CARTESIAN_POINT('',(-3.399999999925,2.242472113484,
    -0.282747898329));
#851 = CIRCLE('',#852,12.74795669902);
#852 = AXIS2_PLACEMENT_3D('',#853,#854,#855);
#853 = CARTESIAN_POINT('',(-3.4,-10.22,2.4));
#854 = DIRECTION('',(-1.,0.,0.));
#855 = DIRECTION('',(0.,0.977605639125,-0.210445276381));
#856 = ORIENTED_EDGE('',*,*,#857,.F.);
#857 = EDGE_CURVE('',#594,#849,#858,.T.);
#858 = B_SPLINE_CURVE_WITH_KNOTS('',3,(#859,#860,#861,#862,#863,#864,
    #865,#866),.UNSPECIFIED.,.F.,.F.,(4,1,1,1,1,4),(0.,0.2,0.4,0.6,0.8,
    1.),.QUASI_UNIFORM_KNOTS.);
#859 = CARTESIAN_POINT('',(-3.400000236768,2.049545013205,0.3));
#860 = CARTESIAN_POINT('',(-3.400001805832,2.079501764825,0.256392089193
    ));
#861 = CARTESIAN_POINT('',(-3.399999161886,2.135628772132,0.172310551699
    ));
#862 = CARTESIAN_POINT('',(-3.400000224652,2.201115133754,
    4.832026759463E-02));
#863 = CARTESIAN_POINT('',(-3.399999939508,2.241681427955,
    -7.151082040354E-02));
#864 = CARTESIAN_POINT('',(-3.400000017316,2.255878601737,
    -0.184611377838));
#865 = CARTESIAN_POINT('',(-3.399999999925,2.249270637094,
    -0.251172390443));
#866 = CARTESIAN_POINT('',(-3.399999999925,2.242472113484,
    -0.282747898329));
#867 = PLANE('',#868);
#868 = AXIS2_PLACEMENT_3D('',#869,#870,#871);
#869 = CARTESIAN_POINT('',(-3.4,7.8,0.));
#870 = DIRECTION('',(-1.,0.,0.));
#871 = DIRECTION('',(0.,-1.,0.));
#872 = ADVANCED_FACE('',(#873),#910,.T.);
#873 = FACE_BOUND('',#874,.T.);
#874 = EDGE_LOOP('',(#875,#886,#900,#901));
#875 = ORIENTED_EDGE('',*,*,#876,.T.);
#876 = EDGE_CURVE('',#877,#879,#881,.T.);
#877 = VERTEX_POINT('',#878);
#878 = CARTESIAN_POINT('',(-3.700000000611,2.224462742251,
    -0.365069760865));
#879 = VERTEX_POINT('',#880);
#880 = CARTESIAN_POINT('',(-3.700000000209,1.931610015952,
    2.114122210919E-06));
#881 = CIRCLE('',#882,0.299991543464);
#882 = AXIS2_PLACEMENT_3D('',#883,#884,#885);
#883 = CARTESIAN_POINT('',(-3.699999800053,1.931614730786,
    -0.299983086928));
#884 = DIRECTION('',(0.999999999999,6.880208501832E-07,
    1.028113216046E-06));
#885 = DIRECTION('',(-4.485729486655E-07,0.976180468075,-0.21696012018)
  );
#886 = ORIENTED_EDGE('',*,*,#887,.T.);
#887 = EDGE_CURVE('',#879,#594,#888,.T.);
#888 = B_SPLINE_CURVE_WITH_KNOTS('',3,(#889,#890,#891,#892,#893,#894,
    #895,#896,#897,#898,#899),.UNSPECIFIED.,.F.,.F.,(4,1,1,1,1,1,1,1,4),
  (0.,0.125,0.25,0.375,0.5,0.625,0.75,0.875,1.),.QUASI_UNIFORM_KNOTS.);
#889 = CARTESIAN_POINT('',(-3.700000000209,1.931610015952,
    2.114122210919E-06));
#890 = CARTESIAN_POINT('',(-3.679950297577,1.931611374804,
    3.103927462485E-06));
#891 = CARTESIAN_POINT('',(-3.640321748502,1.933397931219,
    4.013904154687E-03));
#892 = CARTESIAN_POINT('',(-3.584324255061,1.940986841995,
    2.122525911619E-02));
#893 = CARTESIAN_POINT('',(-3.534296433943,1.952517818184,
    4.779334963453E-02));
#894 = CARTESIAN_POINT('',(-3.489612429888,1.967637676149,
    8.35663915557E-02));
#895 = CARTESIAN_POINT('',(-3.452152763726,1.98568094727,0.12770030351)
  );
#896 = CARTESIAN_POINT('',(-3.42351501032,2.005675866691,0.178625615864)
  );
#897 = CARTESIAN_POINT('',(-3.404607250889,2.027343031559,0.236544495109
    ));
#898 = CARTESIAN_POINT('',(-3.400001365318,2.042195231428,0.278520633836
    ));
#899 = CARTESIAN_POINT('',(-3.400000236768,2.049545013205,0.3));
#900 = ORIENTED_EDGE('',*,*,#857,.T.);
#901 = ORIENTED_EDGE('',*,*,#902,.T.);
#902 = EDGE_CURVE('',#849,#877,#903,.T.);
#903 = B_SPLINE_CURVE_WITH_KNOTS('',3,(#904,#905,#906,#907,#908,#909),
  .UNSPECIFIED.,.F.,.F.,(4,1,1,4),(0.,0.333333333333,0.666666666667,1.),
  .UNSPECIFIED.);
#904 = CARTESIAN_POINT('',(-3.399999999925,2.242472113484,
    -0.282747898329));
#905 = CARTESIAN_POINT('',(-3.430863288243,2.238543406532,
    -0.300993732972));
#906 = CARTESIAN_POINT('',(-3.494378641104,2.231958289793,-0.33122588355
    ));
#907 = CARTESIAN_POINT('',(-3.596860726819,2.22580582357,-0.359075354474
    ));
#908 = CARTESIAN_POINT('',(-3.665336109265,2.224461129741,
    -0.365067890682));
#909 = CARTESIAN_POINT('',(-3.700000000611,2.224462742251,
    -0.365069760865));
#910 = ( BOUNDED_SURFACE() B_SPLINE_SURFACE(3,3,(
    (#911,#912,#913,#914,#915,#916,#917,#918,#919,#920,#921)
    ,(#922,#923,#924,#925,#926,#927,#928,#929,#930,#931,#932)
    ,(#933,#934,#935,#936,#937,#938,#939,#940,#941,#942,#943)
    ,(#944,#945,#946,#947,#948,#949,#950,#951,#952,#953,#954
)),.UNSPECIFIED.,.F.,.F.,.F.) B_SPLINE_SURFACE_WITH_KNOTS((4,4),(4,1,1,1
    ,1,1,1,1,4),(0.,1.),(0.570518721133,0.571665346417,0.637850176748,
    0.701008073191,0.761466315292,0.820952439106,0.879180453162,
    0.938996668235,0.98373796321),.UNSPECIFIED.) 
GEOMETRIC_REPRESENTATION_ITEM() RATIONAL_B_SPLINE_SURFACE((
    (1.288337525078,1.288337525078,1.288337525078,1.288337525078
      ,1.288337525078,1.288337525078,1.288337525078,1.288337525078
      ,1.288337525078,1.288337525078,1.288337525078)
    ,(0.903887491641,0.903887491641,0.903887491641,0.903887491641
      ,0.903887491641,0.903887491641,0.903887491641,0.903887491641
      ,0.903887491641,0.903887491641,0.903887491641)
    ,(0.903887491641,0.903887491641,0.903887491641,0.903887491641
      ,0.903887491641,0.903887491641,0.903887491641,0.903887491641
      ,0.903887491641,0.903887491641,0.903887491641)
    ,(1.288337525078,1.288337525078,1.288337525078,1.288337525078
      ,1.288337525078,1.288337525078,1.288337525078,1.288337525078
      ,1.288337525078,1.288337525078,1.288337525078
))) REPRESENTATION_ITEM('') SURFACE() );
#911 = CARTESIAN_POINT('',(-3.399259057273,2.027224053486,0.317859229696
    ));
#912 = CARTESIAN_POINT('',(-3.399232035282,2.027070733575,0.31740499551)
  );
#913 = CARTESIAN_POINT('',(-3.397705977516,2.018060650423,0.290728132462
    ));
#914 = CARTESIAN_POINT('',(-3.401658332601,1.999812731972,0.238643010901
    ));
#915 = CARTESIAN_POINT('',(-3.426503703176,1.972862791765,0.166496243543
    ));
#916 = CARTESIAN_POINT('',(-3.467092953019,1.94839655455,0.104286077564)
  );
#917 = CARTESIAN_POINT('',(-3.520609893376,1.927959278022,
    5.435151067907E-02));
#918 = CARTESIAN_POINT('',(-3.585077210504,1.912772688714,
    1.828868640455E-02));
#919 = CARTESIAN_POINT('',(-3.65112818891,1.9050562979,
    2.977355266164E-04));
#920 = CARTESIAN_POINT('',(-3.695142595607,1.904172816576,
    -1.76805119065E-03));
#921 = CARTESIAN_POINT('',(-3.713854048574,1.904538511979,
    -9.125639891246E-04));
#922 = CARTESIAN_POINT('',(-3.419049337464,2.260571939519,0.277563142115
    ));
#923 = CARTESIAN_POINT('',(-3.419082605675,2.260415298122,0.277119111745
    ));
#924 = CARTESIAN_POINT('',(-3.421098248364,2.251210758273,0.25105674203)
  );
#925 = CARTESIAN_POINT('',(-3.43209388407,2.232712766857,0.201962644636)
  );
#926 = CARTESIAN_POINT('',(-3.464815250803,2.205954595048,0.139609906019
    ));
#927 = CARTESIAN_POINT('',(-3.508130278906,2.182207582134,
    9.080190027696E-02));
#928 = CARTESIAN_POINT('',(-3.557848384752,2.162822232445,
    5.536723286787E-02));
#929 = CARTESIAN_POINT('',(-3.611720060531,2.148705152947,
    3.205343990521E-02));
#930 = CARTESIAN_POINT('',(-3.663000278375,2.141656369181,
    2.122002698723E-02));
#931 = CARTESIAN_POINT('',(-3.696305534589,2.140822431408,
    2.000491890023E-02));
#932 = CARTESIAN_POINT('',(-3.710514665964,2.141165814367,
    2.051298514887E-02));
#933 = CARTESIAN_POINT('',(-3.232775926108,2.407187763733,0.261049634604
    ));
#934 = CARTESIAN_POINT('',(-3.232833700859,2.407029035399,0.260310383052
    ));
#935 = CARTESIAN_POINT('',(-3.236329790905,2.397702315619,0.21692061054)
  );
#936 = CARTESIAN_POINT('',(-3.254921378308,2.379047199771,0.135258311336
    ));
#937 = CARTESIAN_POINT('',(-3.309735508473,2.352409518797,
    3.177625950692E-02));
#938 = CARTESIAN_POINT('',(-3.381994792859,2.329114404829,
    -4.900234086276E-02));
#939 = CARTESIAN_POINT('',(-3.464664953795,2.310389995862,
    -0.107461164155));
#940 = CARTESIAN_POINT('',(-3.553988193815,2.296944904721,
    -0.145797919257));
#941 = CARTESIAN_POINT('',(-3.638831400043,2.290315588041,
    -0.163563945276));
#942 = CARTESIAN_POINT('',(-3.693891363863,2.289512779191,
    -0.165554764132));
#943 = CARTESIAN_POINT('',(-3.717384380777,2.289842142922,
    -0.164722030995));
#944 = CARTESIAN_POINT('',(-3.007195168875,2.335817586635,0.283101988077
    ));
#945 = CARTESIAN_POINT('',(-3.007219727672,2.335659874188,0.2820263793)
  );
#946 = CARTESIAN_POINT('',(-3.008809680631,2.326392629594,0.218879207006
    ));
#947 = CARTESIAN_POINT('',(-3.028749815919,2.307813999341,
    9.824530144677E-02));
#948 = CARTESIAN_POINT('',(-3.100095514552,2.281117665405,
    -6.046947552471E-02));
#949 = CARTESIAN_POINT('',(-3.201605953214,2.257602574447,
    -0.189970595982));
#950 = CARTESIAN_POINT('',(-3.324479602912,2.238556430383,
    -0.288365863816));
#951 = CARTESIAN_POINT('',(-3.463564537363,2.224784226338,
    -0.356048664923));
#952 = CARTESIAN_POINT('',(-3.600258103114,2.217950719964,
    -0.388631216554));
#953 = CARTESIAN_POINT('',(-3.69006130593,2.217132758065,-0.392329701024
    ));
#954 = CARTESIAN_POINT('',(-3.72831326249,2.217468946127,-0.390790862605
    ));
#955 = ADVANCED_FACE('',(#956),#996,.T.);
#956 = FACE_BOUND('',#957,.T.);
#957 = EDGE_LOOP('',(#958,#966,#967,#968,#981,#989));
#958 = ORIENTED_EDGE('',*,*,#959,.T.);
#959 = EDGE_CURVE('',#960,#877,#962,.T.);
#960 = VERTEX_POINT('',#961);
#961 = CARTESIAN_POINT('',(-3.9,2.224467959898,-0.36507092044));
#962 = LINE('',#963,#964);
#963 = CARTESIAN_POINT('',(-3.9,2.224467959898,-0.36507092044));
#964 = VECTOR('',#965,1.);
#965 = DIRECTION('',(0.999999999643,-2.608823887511E-05,
    5.797873040366E-06));
#966 = ORIENTED_EDGE('',*,*,#902,.F.);
#967 = ORIENTED_EDGE('',*,*,#848,.T.);
#968 = ORIENTED_EDGE('',*,*,#969,.T.);
#969 = EDGE_CURVE('',#841,#970,#972,.T.);
#970 = VERTEX_POINT('',#971);
#971 = CARTESIAN_POINT('',(-3.2,0.3,-4.8));
#972 = B_SPLINE_CURVE_WITH_KNOTS('',3,(#973,#974,#975,#976,#977,#978,
    #979,#980),.UNSPECIFIED.,.F.,.F.,(4,1,1,1,1,4),(0.,0.2,0.4,0.6,0.8,
    1.),.QUASI_UNIFORM_KNOTS.);
#973 = CARTESIAN_POINT('',(-3.4,0.434125961335,-4.6));
#974 = CARTESIAN_POINT('',(-3.4,0.419018404763,-4.622993972955));
#975 = CARTESIAN_POINT('',(-3.392202851196,0.389664487447,
    -4.667342605601));
#976 = CARTESIAN_POINT('',(-3.360296790136,0.350896193078,
    -4.725152380955));
#977 = CARTESIAN_POINT('',(-3.314538855736,0.321946815726,-4.76786772775
    ));
#978 = CARTESIAN_POINT('',(-3.257796002514,0.303643210256,
    -4.794683094037));
#979 = CARTESIAN_POINT('',(-3.218957048389,0.3,-4.8));
#980 = CARTESIAN_POINT('',(-3.2,0.3,-4.8));
#981 = ORIENTED_EDGE('',*,*,#982,.F.);
#982 = EDGE_CURVE('',#983,#970,#985,.T.);
#983 = VERTEX_POINT('',#984);
#984 = CARTESIAN_POINT('',(-3.9,0.3,-4.8));
#985 = LINE('',#986,#987);
#986 = CARTESIAN_POINT('',(-3.9,0.3,-4.8));
#987 = VECTOR('',#988,1.);
#988 = DIRECTION('',(1.,0.,0.));
#989 = ORIENTED_EDGE('',*,*,#990,.F.);
#990 = EDGE_CURVE('',#960,#983,#991,.T.);
#991 = CIRCLE('',#992,12.74795669902);
#992 = AXIS2_PLACEMENT_3D('',#993,#994,#995);
#993 = CARTESIAN_POINT('',(-3.9,-10.22,2.4));
#994 = DIRECTION('',(-1.,0.,0.));
#995 = DIRECTION('',(0.,0.976193146378,-0.216903068133));
#996 = CYLINDRICAL_SURFACE('',#997,12.74795669902);
#997 = AXIS2_PLACEMENT_3D('',#998,#999,#1000);
#998 = CARTESIAN_POINT('',(-4.2,-10.22,2.4));
#999 = DIRECTION('',(-1.,0.,0.));
#1000 = DIRECTION('',(0.,-1.,0.));
#1001 = ADVANCED_FACE('',(#1002),#1035,.T.);
#1002 = FACE_BOUND('',#1003,.T.);
#1003 = EDGE_LOOP('',(#1004,#1015,#1022,#1023));
#1004 = ORIENTED_EDGE('',*,*,#1005,.F.);
#1005 = EDGE_CURVE('',#1006,#1008,#1010,.T.);
#1006 = VERTEX_POINT('',#1007);
#1007 = CARTESIAN_POINT('',(-4.2,1.93157709997,-0.3));
#1008 = VERTEX_POINT('',#1009);
#1009 = CARTESIAN_POINT('',(-4.2,-6.561050675176E-02,-4.8));
#1010 = CIRCLE('',#1011,12.44795669902);
#1011 = AXIS2_PLACEMENT_3D('',#1012,#1013,#1014);
#1012 = CARTESIAN_POINT('',(-4.2,-10.22,2.4));
#1013 = DIRECTION('',(-1.,0.,0.));
#1014 = DIRECTION('',(0.,0.976192648747,-0.216905307756));
#1015 = ORIENTED_EDGE('',*,*,#1016,.F.);
#1016 = EDGE_CURVE('',#960,#1006,#1017,.T.);
#1017 = CIRCLE('',#1018,0.3);
#1018 = AXIS2_PLACEMENT_3D('',#1019,#1020,#1021);
#1019 = CARTESIAN_POINT('',(-3.9,1.931610015985,-0.3));
#1020 = DIRECTION('',(0.,0.216903068133,0.976193146378));
#1021 = DIRECTION('',(0.,0.976193146378,-0.216903068133));
#1022 = ORIENTED_EDGE('',*,*,#990,.T.);
#1023 = ORIENTED_EDGE('',*,*,#1024,.F.);
#1024 = EDGE_CURVE('',#1008,#983,#1025,.T.);
#1025 = B_SPLINE_CURVE_WITH_KNOTS('',3,(#1026,#1027,#1028,#1029,#1030,
    #1031,#1032,#1033,#1034),.UNSPECIFIED.,.F.,.F.,(4,1,1,1,1,1,4),(0.,
    0.166666666667,0.333333333333,0.5,0.666666666667,0.833333333333,1.),
  .UNSPECIFIED.);
#1026 = CARTESIAN_POINT('',(-4.2,-6.561050675176E-02,-4.8));
#1027 = CARTESIAN_POINT('',(-4.2,-2.994474294662E-02,-4.8));
#1028 = CARTESIAN_POINT('',(-4.19200462395,3.745205796512E-02,-4.8));
#1029 = CARTESIAN_POINT('',(-4.157304414287,0.13141338383,-4.8));
#1030 = CARTESIAN_POINT('',(-4.107600766294,0.20428178676,-4.8));
#1031 = CARTESIAN_POINT('',(-4.043457403204,0.260555036671,-4.8));
#1032 = CARTESIAN_POINT('',(-3.970375731425,0.293634930034,-4.8));
#1033 = CARTESIAN_POINT('',(-3.923579428988,0.3,-4.8));
#1034 = CARTESIAN_POINT('',(-3.9,0.3,-4.8));
#1035 = TOROIDAL_SURFACE('',#1036,12.44795669902,0.3);
#1036 = AXIS2_PLACEMENT_3D('',#1037,#1038,#1039);
#1037 = CARTESIAN_POINT('',(-3.9,-10.22,2.4));
#1038 = DIRECTION('',(-1.,0.,0.));
#1039 = DIRECTION('',(0.,-0.922504381025,0.38598661504));
#1040 = ADVANCED_FACE('',(#1041,#1269),#1415,.T.);
#1041 = FACE_BOUND('',#1042,.F.);
#1042 = EDGE_LOOP('',(#1043,#1054,#1062,#1076,#1084,#1092,#1100,#1106,
    #1107,#1108,#1116,#1125,#1133,#1141,#1149,#1161,#1169,#1178,#1186,
    #1194,#1202,#1210,#1218,#1227,#1235,#1247,#1255,#1263));
#1043 = ORIENTED_EDGE('',*,*,#1044,.F.);
#1044 = EDGE_CURVE('',#1045,#1047,#1049,.T.);
#1045 = VERTEX_POINT('',#1046);
#1046 = CARTESIAN_POINT('',(4.2,-0.2,-4.8));
#1047 = VERTEX_POINT('',#1048);
#1048 = CARTESIAN_POINT('',(3.9,-0.5,-4.8));
#1049 = CIRCLE('',#1050,0.3);
#1050 = AXIS2_PLACEMENT_3D('',#1051,#1052,#1053);
#1051 = CARTESIAN_POINT('',(3.9,-0.2,-4.8));
#1052 = DIRECTION('',(0.,0.,-1.));
#1053 = DIRECTION('',(1.,0.,0.));
#1054 = ORIENTED_EDGE('',*,*,#1055,.F.);
#1055 = EDGE_CURVE('',#1056,#1045,#1058,.T.);
#1056 = VERTEX_POINT('',#1057);
#1057 = CARTESIAN_POINT('',(4.2,-6.561050675177E-02,-4.8));
#1058 = LINE('',#1059,#1060);
#1059 = CARTESIAN_POINT('',(4.2,-6.561050675177E-02,-4.8));
#1060 = VECTOR('',#1061,1.);
#1061 = DIRECTION('',(0.,-1.,0.));
#1062 = ORIENTED_EDGE('',*,*,#1063,.F.);
#1063 = EDGE_CURVE('',#1064,#1056,#1066,.T.);
#1064 = VERTEX_POINT('',#1065);
#1065 = CARTESIAN_POINT('',(3.9,0.3,-4.8));
#1066 = B_SPLINE_CURVE_WITH_KNOTS('',3,(#1067,#1068,#1069,#1070,#1071,
    #1072,#1073,#1074,#1075),.UNSPECIFIED.,.F.,.F.,(4,1,1,1,1,1,4),(0.,
    0.166666666667,0.333333333333,0.5,0.666666666667,0.833333333333,1.),
  .UNSPECIFIED.);
#1067 = CARTESIAN_POINT('',(3.9,0.3,-4.8));
#1068 = CARTESIAN_POINT('',(3.923617410412,0.3,-4.8));
#1069 = CARTESIAN_POINT('',(3.970460360119,0.293609750175,-4.8));
#1070 = CARTESIAN_POINT('',(4.043472372436,0.260534648468,-4.8));
#1071 = CARTESIAN_POINT('',(4.107555783706,0.20432364469,-4.8));
#1072 = CARTESIAN_POINT('',(4.157256615559,0.131508763068,-4.8));
#1073 = CARTESIAN_POINT('',(4.19199638374,3.750767567585E-02,-4.8));
#1074 = CARTESIAN_POINT('',(4.2,-2.992201964705E-02,-4.8));
#1075 = CARTESIAN_POINT('',(4.2,-6.561050675177E-02,-4.8));
#1076 = ORIENTED_EDGE('',*,*,#1077,.F.);
#1077 = EDGE_CURVE('',#1078,#1064,#1080,.T.);
#1078 = VERTEX_POINT('',#1079);
#1079 = CARTESIAN_POINT('',(3.2,0.3,-4.8));
#1080 = LINE('',#1081,#1082);
#1081 = CARTESIAN_POINT('',(3.2,0.3,-4.8));
#1082 = VECTOR('',#1083,1.);
#1083 = DIRECTION('',(1.,0.,0.));
#1084 = ORIENTED_EDGE('',*,*,#1085,.F.);
#1085 = EDGE_CURVE('',#1086,#1078,#1088,.T.);
#1086 = VERTEX_POINT('',#1087);
#1087 = CARTESIAN_POINT('',(3.2,5.226086956522,-4.8));
#1088 = LINE('',#1089,#1090);
#1089 = CARTESIAN_POINT('',(3.2,5.226086956522,-4.8));
#1090 = VECTOR('',#1091,1.);
#1091 = DIRECTION('',(0.,-1.,0.));
#1092 = ORIENTED_EDGE('',*,*,#1093,.T.);
#1093 = EDGE_CURVE('',#1086,#1094,#1096,.T.);
#1094 = VERTEX_POINT('',#1095);
#1095 = CARTESIAN_POINT('',(-3.2,5.226086956522,-4.8));
#1096 = LINE('',#1097,#1098);
#1097 = CARTESIAN_POINT('',(3.2,5.226086956522,-4.8));
#1098 = VECTOR('',#1099,1.);
#1099 = DIRECTION('',(-1.,0.,0.));
#1100 = ORIENTED_EDGE('',*,*,#1101,.F.);
#1101 = EDGE_CURVE('',#970,#1094,#1102,.T.);
#1102 = LINE('',#1103,#1104);
#1103 = CARTESIAN_POINT('',(-3.2,0.3,-4.8));
#1104 = VECTOR('',#1105,1.);
#1105 = DIRECTION('',(0.,1.,0.));
#1106 = ORIENTED_EDGE('',*,*,#982,.F.);
#1107 = ORIENTED_EDGE('',*,*,#1024,.F.);
#1108 = ORIENTED_EDGE('',*,*,#1109,.T.);
#1109 = EDGE_CURVE('',#1008,#1110,#1112,.T.);
#1110 = VERTEX_POINT('',#1111);
#1111 = CARTESIAN_POINT('',(-4.2,-0.2,-4.8));
#1112 = LINE('',#1113,#1114);
#1113 = CARTESIAN_POINT('',(-4.2,-6.561050675176E-02,-4.8));
#1114 = VECTOR('',#1115,1.);
#1115 = DIRECTION('',(0.,-1.,0.));
#1116 = ORIENTED_EDGE('',*,*,#1117,.F.);
#1117 = EDGE_CURVE('',#1118,#1110,#1120,.T.);
#1118 = VERTEX_POINT('',#1119);
#1119 = CARTESIAN_POINT('',(-3.9,-0.5,-4.8));
#1120 = CIRCLE('',#1121,0.3);
#1121 = AXIS2_PLACEMENT_3D('',#1122,#1123,#1124);
#1122 = CARTESIAN_POINT('',(-3.9,-0.2,-4.8));
#1123 = DIRECTION('',(0.,0.,-1.));
#1124 = DIRECTION('',(0.,-1.,0.));
#1125 = ORIENTED_EDGE('',*,*,#1126,.F.);
#1126 = EDGE_CURVE('',#1127,#1118,#1129,.T.);
#1127 = VERTEX_POINT('',#1128);
#1128 = CARTESIAN_POINT('',(-3.2,-0.5,-4.8));
#1129 = LINE('',#1130,#1131);
#1130 = CARTESIAN_POINT('',(-3.2,-0.5,-4.8));
#1131 = VECTOR('',#1132,1.);
#1132 = DIRECTION('',(-1.,0.,0.));
#1133 = ORIENTED_EDGE('',*,*,#1134,.F.);
#1134 = EDGE_CURVE('',#1135,#1127,#1137,.T.);
#1135 = VERTEX_POINT('',#1136);
#1136 = CARTESIAN_POINT('',(-3.2,-6.8,-4.8));
#1137 = LINE('',#1138,#1139);
#1138 = CARTESIAN_POINT('',(-3.2,-6.8,-4.8));
#1139 = VECTOR('',#1140,1.);
#1140 = DIRECTION('',(0.,1.,0.));
#1141 = ORIENTED_EDGE('',*,*,#1142,.T.);
#1142 = EDGE_CURVE('',#1135,#1143,#1145,.T.);
#1143 = VERTEX_POINT('',#1144);
#1144 = CARTESIAN_POINT('',(-2.,-6.8,-4.8));
#1145 = LINE('',#1146,#1147);
#1146 = CARTESIAN_POINT('',(-3.2,-6.8,-4.8));
#1147 = VECTOR('',#1148,1.);
#1148 = DIRECTION('',(1.,0.,0.));
#1149 = ORIENTED_EDGE('',*,*,#1150,.F.);
#1150 = EDGE_CURVE('',#1151,#1143,#1153,.T.);
#1151 = VERTEX_POINT('',#1152);
#1152 = CARTESIAN_POINT('',(-1.8,-7.001453165605,-4.8));
#1153 = B_SPLINE_CURVE_WITH_KNOTS('',3,(#1154,#1155,#1156,#1157,#1158,
    #1159,#1160),.UNSPECIFIED.,.F.,.F.,(4,1,1,1,4),(0.,0.25,0.5,0.75,1.)
  ,.QUASI_UNIFORM_KNOTS.);
#1154 = CARTESIAN_POINT('',(-1.8,-7.001453165605,-4.8));
#1155 = CARTESIAN_POINT('',(-1.8,-6.967998735138,-4.8));
#1156 = CARTESIAN_POINT('',(-1.814390384218,-6.915480258422,-4.8));
#1157 = CARTESIAN_POINT('',(-1.855473015557,-6.856199598359,-4.8));
#1158 = CARTESIAN_POINT('',(-1.914290281607,-6.814653573009,-4.8));
#1159 = CARTESIAN_POINT('',(-1.966545569533,-6.8,-4.8));
#1160 = CARTESIAN_POINT('',(-2.,-6.8,-4.8));
#1161 = ORIENTED_EDGE('',*,*,#1162,.F.);
#1162 = EDGE_CURVE('',#1163,#1151,#1165,.T.);
#1163 = VERTEX_POINT('',#1164);
#1164 = CARTESIAN_POINT('',(-1.8,-8.6,-4.8));
#1165 = LINE('',#1166,#1167);
#1166 = CARTESIAN_POINT('',(-1.8,-8.6,-4.8));
#1167 = VECTOR('',#1168,1.);
#1168 = DIRECTION('',(0.,1.,0.));
#1169 = ORIENTED_EDGE('',*,*,#1170,.F.);
#1170 = EDGE_CURVE('',#1171,#1163,#1173,.T.);
#1171 = VERTEX_POINT('',#1172);
#1172 = CARTESIAN_POINT('',(-2.,-8.8,-4.8));
#1173 = CIRCLE('',#1174,0.2);
#1174 = AXIS2_PLACEMENT_3D('',#1175,#1176,#1177);
#1175 = CARTESIAN_POINT('',(-2.,-8.6,-4.8));
#1176 = DIRECTION('',(0.,0.,1.));
#1177 = DIRECTION('',(0.,-1.,0.));
#1178 = ORIENTED_EDGE('',*,*,#1179,.F.);
#1179 = EDGE_CURVE('',#1180,#1171,#1182,.T.);
#1180 = VERTEX_POINT('',#1181);
#1181 = CARTESIAN_POINT('',(-3.4,-8.8,-4.8));
#1182 = LINE('',#1183,#1184);
#1183 = CARTESIAN_POINT('',(-3.4,-8.8,-4.8));
#1184 = VECTOR('',#1185,1.);
#1185 = DIRECTION('',(1.,0.,0.));
#1186 = ORIENTED_EDGE('',*,*,#1187,.T.);
#1187 = EDGE_CURVE('',#1180,#1188,#1190,.T.);
#1188 = VERTEX_POINT('',#1189);
#1189 = CARTESIAN_POINT('',(-3.4,-9.6,-4.8));
#1190 = LINE('',#1191,#1192);
#1191 = CARTESIAN_POINT('',(-3.4,-8.8,-4.8));
#1192 = VECTOR('',#1193,1.);
#1193 = DIRECTION('',(0.,-1.,0.));
#1194 = ORIENTED_EDGE('',*,*,#1195,.T.);
#1195 = EDGE_CURVE('',#1188,#1196,#1198,.T.);
#1196 = VERTEX_POINT('',#1197);
#1197 = CARTESIAN_POINT('',(3.4,-9.6,-4.8));
#1198 = LINE('',#1199,#1200);
#1199 = CARTESIAN_POINT('',(-3.4,-9.6,-4.8));
#1200 = VECTOR('',#1201,1.);
#1201 = DIRECTION('',(1.,0.,0.));
#1202 = ORIENTED_EDGE('',*,*,#1203,.F.);
#1203 = EDGE_CURVE('',#1204,#1196,#1206,.T.);
#1204 = VERTEX_POINT('',#1205);
#1205 = CARTESIAN_POINT('',(3.4,-8.8,-4.8));
#1206 = LINE('',#1207,#1208);
#1207 = CARTESIAN_POINT('',(3.4,-8.8,-4.8));
#1208 = VECTOR('',#1209,1.);
#1209 = DIRECTION('',(0.,-1.,0.));
#1210 = ORIENTED_EDGE('',*,*,#1211,.F.);
#1211 = EDGE_CURVE('',#1212,#1204,#1214,.T.);
#1212 = VERTEX_POINT('',#1213);
#1213 = CARTESIAN_POINT('',(2.,-8.8,-4.8));
#1214 = LINE('',#1215,#1216);
#1215 = CARTESIAN_POINT('',(2.,-8.8,-4.8));
#1216 = VECTOR('',#1217,1.);
#1217 = DIRECTION('',(1.,0.,0.));
#1218 = ORIENTED_EDGE('',*,*,#1219,.F.);
#1219 = EDGE_CURVE('',#1220,#1212,#1222,.T.);
#1220 = VERTEX_POINT('',#1221);
#1221 = CARTESIAN_POINT('',(1.8,-8.6,-4.8));
#1222 = CIRCLE('',#1223,0.2);
#1223 = AXIS2_PLACEMENT_3D('',#1224,#1225,#1226);
#1224 = CARTESIAN_POINT('',(2.,-8.6,-4.8));
#1225 = DIRECTION('',(0.,0.,1.));
#1226 = DIRECTION('',(-1.,0.,0.));
#1227 = ORIENTED_EDGE('',*,*,#1228,.F.);
#1228 = EDGE_CURVE('',#1229,#1220,#1231,.T.);
#1229 = VERTEX_POINT('',#1230);
#1230 = CARTESIAN_POINT('',(1.8,-7.001453165605,-4.8));
#1231 = LINE('',#1232,#1233);
#1232 = CARTESIAN_POINT('',(1.8,-7.001453165605,-4.8));
#1233 = VECTOR('',#1234,1.);
#1234 = DIRECTION('',(0.,-1.,0.));
#1235 = ORIENTED_EDGE('',*,*,#1236,.F.);
#1236 = EDGE_CURVE('',#1237,#1229,#1239,.T.);
#1237 = VERTEX_POINT('',#1238);
#1238 = CARTESIAN_POINT('',(2.,-6.8,-4.8));
#1239 = B_SPLINE_CURVE_WITH_KNOTS('',3,(#1240,#1241,#1242,#1243,#1244,
    #1245,#1246),.UNSPECIFIED.,.F.,.F.,(4,1,1,1,4),(0.,0.25,0.5,0.75,1.)
  ,.QUASI_UNIFORM_KNOTS.);
#1240 = CARTESIAN_POINT('',(2.,-6.8,-4.8));
#1241 = CARTESIAN_POINT('',(1.966545569533,-6.8,-4.8));
#1242 = CARTESIAN_POINT('',(1.914290281607,-6.814653573009,-4.8));
#1243 = CARTESIAN_POINT('',(1.855473015557,-6.856199598359,-4.8));
#1244 = CARTESIAN_POINT('',(1.814390384218,-6.915480258422,-4.8));
#1245 = CARTESIAN_POINT('',(1.8,-6.967998735138,-4.8));
#1246 = CARTESIAN_POINT('',(1.8,-7.001453165605,-4.8));
#1247 = ORIENTED_EDGE('',*,*,#1248,.F.);
#1248 = EDGE_CURVE('',#1249,#1237,#1251,.T.);
#1249 = VERTEX_POINT('',#1250);
#1250 = CARTESIAN_POINT('',(3.2,-6.8,-4.8));
#1251 = LINE('',#1252,#1253);
#1252 = CARTESIAN_POINT('',(3.2,-6.8,-4.8));
#1253 = VECTOR('',#1254,1.);
#1254 = DIRECTION('',(-1.,0.,0.));
#1255 = ORIENTED_EDGE('',*,*,#1256,.F.);
#1256 = EDGE_CURVE('',#1257,#1249,#1259,.T.);
#1257 = VERTEX_POINT('',#1258);
#1258 = CARTESIAN_POINT('',(3.2,-0.5,-4.8));
#1259 = LINE('',#1260,#1261);
#1260 = CARTESIAN_POINT('',(3.2,-0.5,-4.8));
#1261 = VECTOR('',#1262,1.);
#1262 = DIRECTION('',(0.,-1.,0.));
#1263 = ORIENTED_EDGE('',*,*,#1264,.F.);
#1264 = EDGE_CURVE('',#1047,#1257,#1265,.T.);
#1265 = LINE('',#1266,#1267);
#1266 = CARTESIAN_POINT('',(3.9,-0.5,-4.8));
#1267 = VECTOR('',#1268,1.);
#1268 = DIRECTION('',(-1.,0.,0.));
#1269 = FACE_BOUND('',#1270,.F.);
#1270 = EDGE_LOOP('',(#1271,#1281,#1290,#1298,#1307,#1315,#1323,#1332,
    #1340,#1349,#1357,#1366,#1374,#1383,#1391,#1400,#1408));
#1271 = ORIENTED_EDGE('',*,*,#1272,.F.);
#1272 = EDGE_CURVE('',#1273,#1275,#1277,.T.);
#1273 = VERTEX_POINT('',#1274);
#1274 = CARTESIAN_POINT('',(-2.6,4.4,-4.8));
#1275 = VERTEX_POINT('',#1276);
#1276 = CARTESIAN_POINT('',(-2.6,-4.4,-4.8));
#1277 = LINE('',#1278,#1279);
#1278 = CARTESIAN_POINT('',(-2.6,4.4,-4.8));
#1279 = VECTOR('',#1280,1.);
#1280 = DIRECTION('',(0.,-1.,0.));
#1281 = ORIENTED_EDGE('',*,*,#1282,.F.);
#1282 = EDGE_CURVE('',#1283,#1273,#1285,.T.);
#1283 = VERTEX_POINT('',#1284);
#1284 = CARTESIAN_POINT('',(-2.4,4.6,-4.8));
#1285 = CIRCLE('',#1286,0.2);
#1286 = AXIS2_PLACEMENT_3D('',#1287,#1288,#1289);
#1287 = CARTESIAN_POINT('',(-2.4,4.4,-4.8));
#1288 = DIRECTION('',(0.,-0.,1.));
#1289 = DIRECTION('',(0.,1.,0.));
#1290 = ORIENTED_EDGE('',*,*,#1291,.T.);
#1291 = EDGE_CURVE('',#1283,#1292,#1294,.T.);
#1292 = VERTEX_POINT('',#1293);
#1293 = CARTESIAN_POINT('',(-1.7,4.6,-4.8));
#1294 = LINE('',#1295,#1296);
#1295 = CARTESIAN_POINT('',(-2.4,4.6,-4.8));
#1296 = VECTOR('',#1297,1.);
#1297 = DIRECTION('',(1.,0.,0.));
#1298 = ORIENTED_EDGE('',*,*,#1299,.F.);
#1299 = EDGE_CURVE('',#1300,#1292,#1302,.T.);
#1300 = VERTEX_POINT('',#1301);
#1301 = CARTESIAN_POINT('',(-1.3,4.6,-4.8));
#1302 = CIRCLE('',#1303,0.2);
#1303 = AXIS2_PLACEMENT_3D('',#1304,#1305,#1306);
#1304 = CARTESIAN_POINT('',(-1.5,4.6,-4.8));
#1305 = DIRECTION('',(0.,0.,-1.));
#1306 = DIRECTION('',(1.,0.,0.));
#1307 = ORIENTED_EDGE('',*,*,#1308,.T.);
#1308 = EDGE_CURVE('',#1300,#1309,#1311,.T.);
#1309 = VERTEX_POINT('',#1310);
#1310 = CARTESIAN_POINT('',(1.3,4.6,-4.8));
#1311 = LINE('',#1312,#1313);
#1312 = CARTESIAN_POINT('',(-1.3,4.6,-4.8));
#1313 = VECTOR('',#1314,1.);
#1314 = DIRECTION('',(1.,0.,0.));
#1315 = ORIENTED_EDGE('',*,*,#1316,.T.);
#1316 = EDGE_CURVE('',#1309,#1317,#1319,.T.);
#1317 = VERTEX_POINT('',#1318);
#1318 = CARTESIAN_POINT('',(1.3,3.35,-4.8));
#1319 = LINE('',#1320,#1321);
#1320 = CARTESIAN_POINT('',(1.3,4.6,-4.8));
#1321 = VECTOR('',#1322,1.);
#1322 = DIRECTION('',(0.,-1.,0.));
#1323 = ORIENTED_EDGE('',*,*,#1324,.F.);
#1324 = EDGE_CURVE('',#1325,#1317,#1327,.T.);
#1325 = VERTEX_POINT('',#1326);
#1326 = CARTESIAN_POINT('',(1.7,3.35,-4.8));
#1327 = CIRCLE('',#1328,0.2);
#1328 = AXIS2_PLACEMENT_3D('',#1329,#1330,#1331);
#1329 = CARTESIAN_POINT('',(1.5,3.35,-4.8));
#1330 = DIRECTION('',(0.,0.,-1.));
#1331 = DIRECTION('',(1.,0.,0.));
#1332 = ORIENTED_EDGE('',*,*,#1333,.F.);
#1333 = EDGE_CURVE('',#1334,#1325,#1336,.T.);
#1334 = VERTEX_POINT('',#1335);
#1335 = CARTESIAN_POINT('',(2.4,3.35,-4.8));
#1336 = LINE('',#1337,#1338);
#1337 = CARTESIAN_POINT('',(2.4,3.35,-4.8));
#1338 = VECTOR('',#1339,1.);
#1339 = DIRECTION('',(-1.,0.,0.));
#1340 = ORIENTED_EDGE('',*,*,#1341,.F.);
#1341 = EDGE_CURVE('',#1342,#1334,#1344,.T.);
#1342 = VERTEX_POINT('',#1343);
#1343 = CARTESIAN_POINT('',(2.6,3.15,-4.8));
#1344 = CIRCLE('',#1345,0.2);
#1345 = AXIS2_PLACEMENT_3D('',#1346,#1347,#1348);
#1346 = CARTESIAN_POINT('',(2.4,3.15,-4.8));
#1347 = DIRECTION('',(0.,0.,1.));
#1348 = DIRECTION('',(1.,0.,-0.));
#1349 = ORIENTED_EDGE('',*,*,#1350,.F.);
#1350 = EDGE_CURVE('',#1351,#1342,#1353,.T.);
#1351 = VERTEX_POINT('',#1352);
#1352 = CARTESIAN_POINT('',(2.6,-4.4,-4.8));
#1353 = LINE('',#1354,#1355);
#1354 = CARTESIAN_POINT('',(2.6,-4.4,-4.8));
#1355 = VECTOR('',#1356,1.);
#1356 = DIRECTION('',(0.,1.,0.));
#1357 = ORIENTED_EDGE('',*,*,#1358,.F.);
#1358 = EDGE_CURVE('',#1359,#1351,#1361,.T.);
#1359 = VERTEX_POINT('',#1360);
#1360 = CARTESIAN_POINT('',(2.4,-4.6,-4.8));
#1361 = CIRCLE('',#1362,0.2);
#1362 = AXIS2_PLACEMENT_3D('',#1363,#1364,#1365);
#1363 = CARTESIAN_POINT('',(2.4,-4.4,-4.8));
#1364 = DIRECTION('',(0.,0.,1.));
#1365 = DIRECTION('',(0.,-1.,0.));
#1366 = ORIENTED_EDGE('',*,*,#1367,.T.);
#1367 = EDGE_CURVE('',#1359,#1368,#1370,.T.);
#1368 = VERTEX_POINT('',#1369);
#1369 = CARTESIAN_POINT('',(1.7,-4.6,-4.8));
#1370 = LINE('',#1371,#1372);
#1371 = CARTESIAN_POINT('',(2.4,-4.6,-4.8));
#1372 = VECTOR('',#1373,1.);
#1373 = DIRECTION('',(-1.,0.,0.));
#1374 = ORIENTED_EDGE('',*,*,#1375,.F.);
#1375 = EDGE_CURVE('',#1376,#1368,#1378,.T.);
#1376 = VERTEX_POINT('',#1377);
#1377 = CARTESIAN_POINT('',(1.3,-4.6,-4.8));
#1378 = CIRCLE('',#1379,0.2);
#1379 = AXIS2_PLACEMENT_3D('',#1380,#1381,#1382);
#1380 = CARTESIAN_POINT('',(1.5,-4.6,-4.8));
#1381 = DIRECTION('',(0.,0.,-1.));
#1382 = DIRECTION('',(-1.,0.,0.));
#1383 = ORIENTED_EDGE('',*,*,#1384,.F.);
#1384 = EDGE_CURVE('',#1385,#1376,#1387,.T.);
#1385 = VERTEX_POINT('',#1386);
#1386 = CARTESIAN_POINT('',(-1.3,-4.6,-4.8));
#1387 = LINE('',#1388,#1389);
#1388 = CARTESIAN_POINT('',(-1.3,-4.6,-4.8));
#1389 = VECTOR('',#1390,1.);
#1390 = DIRECTION('',(1.,0.,0.));
#1391 = ORIENTED_EDGE('',*,*,#1392,.F.);
#1392 = EDGE_CURVE('',#1393,#1385,#1395,.T.);
#1393 = VERTEX_POINT('',#1394);
#1394 = CARTESIAN_POINT('',(-1.7,-4.6,-4.8));
#1395 = CIRCLE('',#1396,0.2);
#1396 = AXIS2_PLACEMENT_3D('',#1397,#1398,#1399);
#1397 = CARTESIAN_POINT('',(-1.5,-4.6,-4.8));
#1398 = DIRECTION('',(0.,0.,-1.));
#1399 = DIRECTION('',(-1.,0.,0.));
#1400 = ORIENTED_EDGE('',*,*,#1401,.T.);
#1401 = EDGE_CURVE('',#1393,#1402,#1404,.T.);
#1402 = VERTEX_POINT('',#1403);
#1403 = CARTESIAN_POINT('',(-2.4,-4.6,-4.8));
#1404 = LINE('',#1405,#1406);
#1405 = CARTESIAN_POINT('',(-1.7,-4.6,-4.8));
#1406 = VECTOR('',#1407,1.);
#1407 = DIRECTION('',(-1.,0.,0.));
#1408 = ORIENTED_EDGE('',*,*,#1409,.F.);
#1409 = EDGE_CURVE('',#1275,#1402,#1410,.T.);
#1410 = CIRCLE('',#1411,0.2);
#1411 = AXIS2_PLACEMENT_3D('',#1412,#1413,#1414);
#1412 = CARTESIAN_POINT('',(-2.4,-4.4,-4.8));
#1413 = DIRECTION('',(0.,0.,1.));
#1414 = DIRECTION('',(-1.,0.,0.));
#1415 = PLANE('',#1416);
#1416 = AXIS2_PLACEMENT_3D('',#1417,#1418,#1419);
#1417 = CARTESIAN_POINT('',(0.,0.,-4.8));
#1418 = DIRECTION('',(0.,0.,-1.));
#1419 = DIRECTION('',(0.,-1.,0.));
#1420 = ADVANCED_FACE('',(#1421),#1447,.T.);
#1421 = FACE_BOUND('',#1422,.T.);
#1422 = EDGE_LOOP('',(#1423,#1431,#1440,#1446));
#1423 = ORIENTED_EDGE('',*,*,#1424,.F.);
#1424 = EDGE_CURVE('',#1425,#1045,#1427,.T.);
#1425 = VERTEX_POINT('',#1426);
#1426 = CARTESIAN_POINT('',(4.2,-0.2,-0.3));
#1427 = LINE('',#1428,#1429);
#1428 = CARTESIAN_POINT('',(4.2,-0.2,-0.3));
#1429 = VECTOR('',#1430,1.);
#1430 = DIRECTION('',(0.,0.,-1.));
#1431 = ORIENTED_EDGE('',*,*,#1432,.F.);
#1432 = EDGE_CURVE('',#1433,#1425,#1435,.T.);
#1433 = VERTEX_POINT('',#1434);
#1434 = CARTESIAN_POINT('',(3.9,-0.5,-0.3));
#1435 = CIRCLE('',#1436,0.3);
#1436 = AXIS2_PLACEMENT_3D('',#1437,#1438,#1439);
#1437 = CARTESIAN_POINT('',(3.9,-0.2,-0.3));
#1438 = DIRECTION('',(0.,0.,1.));
#1439 = DIRECTION('',(0.,-1.,0.));
#1440 = ORIENTED_EDGE('',*,*,#1441,.T.);
#1441 = EDGE_CURVE('',#1433,#1047,#1442,.T.);
#1442 = LINE('',#1443,#1444);
#1443 = CARTESIAN_POINT('',(3.9,-0.5,-0.3));
#1444 = VECTOR('',#1445,1.);
#1445 = DIRECTION('',(0.,0.,-1.));
#1446 = ORIENTED_EDGE('',*,*,#1044,.F.);
#1447 = CYLINDRICAL_SURFACE('',#1448,0.3);
#1448 = AXIS2_PLACEMENT_3D('',#1449,#1450,#1451);
#1449 = CARTESIAN_POINT('',(3.9,-0.2,21.60747901218));
#1450 = DIRECTION('',(0.,0.,-1.));
#1451 = DIRECTION('',(1.,0.,0.));
#1452 = ADVANCED_FACE('',(#1453),#1489,.F.);
#1453 = FACE_BOUND('',#1454,.F.);
#1454 = EDGE_LOOP('',(#1455,#1456,#1457,#1466,#1474,#1483));
#1455 = ORIENTED_EDGE('',*,*,#1441,.T.);
#1456 = ORIENTED_EDGE('',*,*,#1264,.T.);
#1457 = ORIENTED_EDGE('',*,*,#1458,.F.);
#1458 = EDGE_CURVE('',#1459,#1257,#1461,.T.);
#1459 = VERTEX_POINT('',#1460);
#1460 = CARTESIAN_POINT('',(3.4,-0.5,-4.6));
#1461 = CIRCLE('',#1462,0.2);
#1462 = AXIS2_PLACEMENT_3D('',#1463,#1464,#1465);
#1463 = CARTESIAN_POINT('',(3.2,-0.5,-4.6));
#1464 = DIRECTION('',(-0.,1.,0.));
#1465 = DIRECTION('',(1.,0.,0.));
#1466 = ORIENTED_EDGE('',*,*,#1467,.T.);
#1467 = EDGE_CURVE('',#1459,#1468,#1470,.T.);
#1468 = VERTEX_POINT('',#1469);
#1469 = CARTESIAN_POINT('',(3.4,-0.5,-0.219615242271));
#1470 = LINE('',#1471,#1472);
#1471 = CARTESIAN_POINT('',(3.4,-0.5,-4.6));
#1472 = VECTOR('',#1473,1.);
#1473 = DIRECTION('',(-1.104853677602E-12,0.,1.));
#1474 = ORIENTED_EDGE('',*,*,#1475,.T.);
#1475 = EDGE_CURVE('',#1468,#1476,#1478,.T.);
#1476 = VERTEX_POINT('',#1477);
#1477 = CARTESIAN_POINT('',(3.7,-0.5,-0.299999999799));
#1478 = CIRCLE('',#1479,0.6);
#1479 = AXIS2_PLACEMENT_3D('',#1480,#1481,#1482);
#1480 = CARTESIAN_POINT('',(3.7,-0.5,0.3));
#1481 = DIRECTION('',(0.,-1.,0.));
#1482 = DIRECTION('',(-0.5,-0.,-0.866025403784));
#1483 = ORIENTED_EDGE('',*,*,#1484,.T.);
#1484 = EDGE_CURVE('',#1476,#1433,#1485,.T.);
#1485 = LINE('',#1486,#1487);
#1486 = CARTESIAN_POINT('',(3.7,-0.5,-0.299999999799));
#1487 = VECTOR('',#1488,1.);
#1488 = DIRECTION('',(1.,0.,-1.00279867743E-09));
#1489 = PLANE('',#1490);
#1490 = AXIS2_PLACEMENT_3D('',#1491,#1492,#1493);
#1491 = CARTESIAN_POINT('',(4.2,-0.5,-4.8));
#1492 = DIRECTION('',(0.,1.,0.));
#1493 = DIRECTION('',(0.,-0.,1.));
#1494 = ADVANCED_FACE('',(#1495),#1517,.T.);
#1495 = FACE_BOUND('',#1496,.T.);
#1496 = EDGE_LOOP('',(#1497,#1498,#1499,#1507));
#1497 = ORIENTED_EDGE('',*,*,#1256,.F.);
#1498 = ORIENTED_EDGE('',*,*,#1458,.F.);
#1499 = ORIENTED_EDGE('',*,*,#1500,.T.);
#1500 = EDGE_CURVE('',#1459,#1501,#1503,.T.);
#1501 = VERTEX_POINT('',#1502);
#1502 = CARTESIAN_POINT('',(3.4,-6.824153217847,-4.6));
#1503 = LINE('',#1504,#1505);
#1504 = CARTESIAN_POINT('',(3.4,-0.5,-4.6));
#1505 = VECTOR('',#1506,1.);
#1506 = DIRECTION('',(0.,-1.,0.));
#1507 = ORIENTED_EDGE('',*,*,#1508,.F.);
#1508 = EDGE_CURVE('',#1249,#1501,#1509,.T.);
#1509 = B_SPLINE_CURVE_WITH_KNOTS('',3,(#1510,#1511,#1512,#1513,#1514,
    #1515,#1516),.UNSPECIFIED.,.F.,.F.,(4,1,1,1,4),(0.,0.25,0.5,0.75,1.)
  ,.QUASI_UNIFORM_KNOTS.);
#1510 = CARTESIAN_POINT('',(3.2,-6.8,-4.8));
#1511 = CARTESIAN_POINT('',(3.233454430467,-6.8,-4.8));
#1512 = CARTESIAN_POINT('',(3.285709718393,-6.801756889449,
    -4.785452129318));
#1513 = CARTESIAN_POINT('',(3.344526984443,-6.806738048211,
    -4.744205792755));
#1514 = CARTESIAN_POINT('',(3.385609615782,-6.81384550017,
    -4.685352748789));
#1515 = CARTESIAN_POINT('',(3.4,-6.820142200475,-4.633213109724));
#1516 = CARTESIAN_POINT('',(3.4,-6.824153217847,-4.6));
#1517 = CYLINDRICAL_SURFACE('',#1518,0.2);
#1518 = AXIS2_PLACEMENT_3D('',#1519,#1520,#1521);
#1519 = CARTESIAN_POINT('',(3.2,30.74336,-4.6));
#1520 = DIRECTION('',(0.,-1.,0.));
#1521 = DIRECTION('',(0.,0.,-1.));
#1522 = ADVANCED_FACE('',(#1523),#1565,.T.);
#1523 = FACE_BOUND('',#1524,.F.);
#1524 = EDGE_LOOP('',(#1525,#1526,#1527,#1535,#1543,#1551,#1559));
#1525 = ORIENTED_EDGE('',*,*,#1508,.F.);
#1526 = ORIENTED_EDGE('',*,*,#1248,.T.);
#1527 = ORIENTED_EDGE('',*,*,#1528,.F.);
#1528 = EDGE_CURVE('',#1529,#1237,#1531,.T.);
#1529 = VERTEX_POINT('',#1530);
#1530 = CARTESIAN_POINT('',(2.,-6.884536262466,-4.1));
#1531 = LINE('',#1532,#1533);
#1532 = CARTESIAN_POINT('',(2.,-6.884536262466,-4.1));
#1533 = VECTOR('',#1534,1.);
#1534 = DIRECTION('',(0.,0.119894953126,-0.992786583418));
#1535 = ORIENTED_EDGE('',*,*,#1536,.T.);
#1536 = EDGE_CURVE('',#1529,#1537,#1539,.T.);
#1537 = VERTEX_POINT('',#1538);
#1538 = CARTESIAN_POINT('',(1.8,-6.884536262466,-4.1));
#1539 = LINE('',#1540,#1541);
#1540 = CARTESIAN_POINT('',(2.,-6.884536262466,-4.1));
#1541 = VECTOR('',#1542,1.);
#1542 = DIRECTION('',(-1.,0.,0.));
#1543 = ORIENTED_EDGE('',*,*,#1544,.T.);
#1544 = EDGE_CURVE('',#1537,#1545,#1547,.T.);
#1545 = VERTEX_POINT('',#1546);
#1546 = CARTESIAN_POINT('',(1.8,-7.01188754529,-3.04547150091));
#1547 = LINE('',#1548,#1549);
#1548 = CARTESIAN_POINT('',(1.8,-6.884536262466,-4.1));
#1549 = VECTOR('',#1550,1.);
#1550 = DIRECTION('',(0.,-0.119894953126,0.992786583418));
#1551 = ORIENTED_EDGE('',*,*,#1552,.F.);
#1552 = EDGE_CURVE('',#1553,#1545,#1555,.T.);
#1553 = VERTEX_POINT('',#1554);
#1554 = CARTESIAN_POINT('',(3.4,-7.01188754529,-3.04547150091));
#1555 = LINE('',#1556,#1557);
#1556 = CARTESIAN_POINT('',(3.4,-7.01188754529,-3.04547150091));
#1557 = VECTOR('',#1558,1.);
#1558 = DIRECTION('',(-1.,0.,0.));
#1559 = ORIENTED_EDGE('',*,*,#1560,.T.);
#1560 = EDGE_CURVE('',#1553,#1501,#1561,.T.);
#1561 = LINE('',#1562,#1563);
#1562 = CARTESIAN_POINT('',(3.4,-7.01188754529,-3.04547150091));
#1563 = VECTOR('',#1564,1.);
#1564 = DIRECTION('',(0.,0.119894953126,-0.992786583418));
#1565 = PLANE('',#1566);
#1566 = AXIS2_PLACEMENT_3D('',#1567,#1568,#1569);
#1567 = CARTESIAN_POINT('',(3.4,-7.01188754529,-3.04547150091));
#1568 = DIRECTION('',(0.,-0.992786583418,-0.119894953126));
#1569 = DIRECTION('',(0.,0.119894953126,-0.992786583418));
#1570 = ADVANCED_FACE('',(#1571),#1593,.F.);
#1571 = FACE_BOUND('',#1572,.F.);
#1572 = EDGE_LOOP('',(#1573,#1581,#1591,#1592));
#1573 = ORIENTED_EDGE('',*,*,#1574,.F.);
#1574 = EDGE_CURVE('',#1575,#1229,#1577,.T.);
#1575 = VERTEX_POINT('',#1576);
#1576 = CARTESIAN_POINT('',(1.8,-7.085989428071,-4.1));
#1577 = LINE('',#1578,#1579);
#1578 = CARTESIAN_POINT('',(1.8,-7.085989428071,-4.1));
#1579 = VECTOR('',#1580,1.);
#1580 = DIRECTION('',(0.,0.119894953126,-0.992786583418));
#1581 = ORIENTED_EDGE('',*,*,#1582,.T.);
#1582 = EDGE_CURVE('',#1575,#1529,#1583,.T.);
#1583 = B_SPLINE_CURVE_WITH_KNOTS('',3,(#1584,#1585,#1586,#1587,#1588,
    #1589,#1590),.UNSPECIFIED.,.F.,.F.,(4,1,1,1,4),(0.,0.25,0.5,0.75,1.)
  ,.QUASI_UNIFORM_KNOTS.);
#1584 = CARTESIAN_POINT('',(1.8,-7.085989428071,-4.1));
#1585 = CARTESIAN_POINT('',(1.8,-7.052534997604,-4.1));
#1586 = CARTESIAN_POINT('',(1.814390384218,-7.000016520888,-4.1));
#1587 = CARTESIAN_POINT('',(1.855473015557,-6.940735860825,-4.1));
#1588 = CARTESIAN_POINT('',(1.914290281607,-6.899189835475,-4.1));
#1589 = CARTESIAN_POINT('',(1.966545569533,-6.884536262466,-4.1));
#1590 = CARTESIAN_POINT('',(2.,-6.884536262466,-4.1));
#1591 = ORIENTED_EDGE('',*,*,#1528,.T.);
#1592 = ORIENTED_EDGE('',*,*,#1236,.T.);
#1593 = CYLINDRICAL_SURFACE('',#1594,0.2);
#1594 = AXIS2_PLACEMENT_3D('',#1595,#1596,#1597);
#1595 = CARTESIAN_POINT('',(2.,-10.18680610386,21.57622));
#1596 = DIRECTION('',(0.,0.119894953126,-0.992786583418));
#1597 = DIRECTION('',(-1.,0.,0.));
#1598 = ADVANCED_FACE('',(#1599),#1617,.T.);
#1599 = FACE_BOUND('',#1600,.F.);
#1600 = EDGE_LOOP('',(#1601,#1609,#1615,#1616));
#1601 = ORIENTED_EDGE('',*,*,#1602,.T.);
#1602 = EDGE_CURVE('',#1220,#1603,#1605,.T.);
#1603 = VERTEX_POINT('',#1604);
#1604 = CARTESIAN_POINT('',(1.8,-8.6,-4.1));
#1605 = LINE('',#1606,#1607);
#1606 = CARTESIAN_POINT('',(1.8,-8.6,-4.8));
#1607 = VECTOR('',#1608,1.);
#1608 = DIRECTION('',(0.,0.,1.));
#1609 = ORIENTED_EDGE('',*,*,#1610,.T.);
#1610 = EDGE_CURVE('',#1603,#1575,#1611,.T.);
#1611 = LINE('',#1612,#1613);
#1612 = CARTESIAN_POINT('',(1.8,-8.6,-4.1));
#1613 = VECTOR('',#1614,1.);
#1614 = DIRECTION('',(0.,1.,0.));
#1615 = ORIENTED_EDGE('',*,*,#1574,.T.);
#1616 = ORIENTED_EDGE('',*,*,#1228,.T.);
#1617 = PLANE('',#1618);
#1618 = AXIS2_PLACEMENT_3D('',#1619,#1620,#1621);
#1619 = CARTESIAN_POINT('',(1.8,-4.6,-4.8));
#1620 = DIRECTION('',(1.,0.,0.));
#1621 = DIRECTION('',(0.,-1.,0.));
#1622 = ADVANCED_FACE('',(#1623),#1647,.F.);
#1623 = FACE_BOUND('',#1624,.F.);
#1624 = EDGE_LOOP('',(#1625,#1633,#1645,#1646));
#1625 = ORIENTED_EDGE('',*,*,#1626,.T.);
#1626 = EDGE_CURVE('',#1212,#1627,#1629,.T.);
#1627 = VERTEX_POINT('',#1628);
#1628 = CARTESIAN_POINT('',(2.,-8.8,-3.9));
#1629 = LINE('',#1630,#1631);
#1630 = CARTESIAN_POINT('',(2.,-8.8,-4.8));
#1631 = VECTOR('',#1632,1.);
#1632 = DIRECTION('',(0.,0.,1.));
#1633 = ORIENTED_EDGE('',*,*,#1634,.T.);
#1634 = EDGE_CURVE('',#1627,#1603,#1635,.T.);
#1635 = B_SPLINE_CURVE_WITH_KNOTS('',3,(#1636,#1637,#1638,#1639,#1640,
    #1641,#1642,#1643,#1644),.UNSPECIFIED.,.F.,.F.,(4,1,1,1,1,1,4),(0.,
    0.166666666667,0.333333333333,0.5,0.666666666667,0.833333333333,1.),
  .UNSPECIFIED.);
#1636 = CARTESIAN_POINT('',(2.,-8.8,-3.9));
#1637 = CARTESIAN_POINT('',(1.979649082989,-8.8,-3.920350917011));
#1638 = CARTESIAN_POINT('',(1.941004615147,-8.793785433995,
    -3.958995384853));
#1639 = CARTESIAN_POINT('',(1.891920235212,-8.771060730683,
    -4.008079764788));
#1640 = CARTESIAN_POINT('',(1.851194837993,-8.736982426467,
    -4.048805162007));
#1641 = CARTESIAN_POINT('',(1.821485714105,-8.694890904394,
    -4.078514285895));
#1642 = CARTESIAN_POINT('',(1.803584212445,-8.647306703926,
    -4.096415787555));
#1643 = CARTESIAN_POINT('',(1.8,-8.615524886837,-4.1));
#1644 = CARTESIAN_POINT('',(1.8,-8.6,-4.1));
#1645 = ORIENTED_EDGE('',*,*,#1602,.F.);
#1646 = ORIENTED_EDGE('',*,*,#1219,.T.);
#1647 = CYLINDRICAL_SURFACE('',#1648,0.2);
#1648 = AXIS2_PLACEMENT_3D('',#1649,#1650,#1651);
#1649 = CARTESIAN_POINT('',(2.,-8.6,-19.72622));
#1650 = DIRECTION('',(0.,0.,1.));
#1651 = DIRECTION('',(-1.,0.,0.));
#1652 = ADVANCED_FACE('',(#1653),#1694,.F.);
#1653 = FACE_BOUND('',#1654,.F.);
#1654 = EDGE_LOOP('',(#1655,#1663,#1669,#1670,#1671,#1679,#1687,#1693));
#1655 = ORIENTED_EDGE('',*,*,#1656,.F.);
#1656 = EDGE_CURVE('',#1657,#1171,#1659,.T.);
#1657 = VERTEX_POINT('',#1658);
#1658 = CARTESIAN_POINT('',(-2.,-8.8,-3.9));
#1659 = LINE('',#1660,#1661);
#1660 = CARTESIAN_POINT('',(-2.,-8.8,-3.9));
#1661 = VECTOR('',#1662,1.);
#1662 = DIRECTION('',(0.,0.,-1.));
#1663 = ORIENTED_EDGE('',*,*,#1664,.F.);
#1664 = EDGE_CURVE('',#1627,#1657,#1665,.T.);
#1665 = LINE('',#1666,#1667);
#1666 = CARTESIAN_POINT('',(2.,-8.8,-3.9));
#1667 = VECTOR('',#1668,1.);
#1668 = DIRECTION('',(-1.,0.,0.));
#1669 = ORIENTED_EDGE('',*,*,#1626,.F.);
#1670 = ORIENTED_EDGE('',*,*,#1211,.T.);
#1671 = ORIENTED_EDGE('',*,*,#1672,.T.);
#1672 = EDGE_CURVE('',#1204,#1673,#1675,.T.);
#1673 = VERTEX_POINT('',#1674);
#1674 = CARTESIAN_POINT('',(3.4,-8.8,-3.4));
#1675 = LINE('',#1676,#1677);
#1676 = CARTESIAN_POINT('',(3.4,-8.8,-4.8));
#1677 = VECTOR('',#1678,1.);
#1678 = DIRECTION('',(0.,0.,1.));
#1679 = ORIENTED_EDGE('',*,*,#1680,.F.);
#1680 = EDGE_CURVE('',#1681,#1673,#1683,.T.);
#1681 = VERTEX_POINT('',#1682);
#1682 = CARTESIAN_POINT('',(-3.4,-8.8,-3.4));
#1683 = LINE('',#1684,#1685);
#1684 = CARTESIAN_POINT('',(-3.4,-8.8,-3.4));
#1685 = VECTOR('',#1686,1.);
#1686 = DIRECTION('',(1.,0.,0.));
#1687 = ORIENTED_EDGE('',*,*,#1688,.T.);
#1688 = EDGE_CURVE('',#1681,#1180,#1689,.T.);
#1689 = LINE('',#1690,#1691);
#1690 = CARTESIAN_POINT('',(-3.4,-8.8,-3.4));
#1691 = VECTOR('',#1692,1.);
#1692 = DIRECTION('',(0.,0.,-1.));
#1693 = ORIENTED_EDGE('',*,*,#1179,.T.);
#1694 = PLANE('',#1695);
#1695 = AXIS2_PLACEMENT_3D('',#1696,#1697,#1698);
#1696 = CARTESIAN_POINT('',(0.,-8.8,-4.1));
#1697 = DIRECTION('',(0.,-1.,0.));
#1698 = DIRECTION('',(1.,0.,0.));
#1699 = ADVANCED_FACE('',(#1700),#1724,.F.);
#1700 = FACE_BOUND('',#1701,.F.);
#1701 = EDGE_LOOP('',(#1702,#1710,#1722,#1723));
#1702 = ORIENTED_EDGE('',*,*,#1703,.F.);
#1703 = EDGE_CURVE('',#1704,#1163,#1706,.T.);
#1704 = VERTEX_POINT('',#1705);
#1705 = CARTESIAN_POINT('',(-1.8,-8.6,-4.1));
#1706 = LINE('',#1707,#1708);
#1707 = CARTESIAN_POINT('',(-1.8,-8.6,-4.1));
#1708 = VECTOR('',#1709,1.);
#1709 = DIRECTION('',(0.,0.,-1.));
#1710 = ORIENTED_EDGE('',*,*,#1711,.F.);
#1711 = EDGE_CURVE('',#1657,#1704,#1712,.T.);
#1712 = B_SPLINE_CURVE_WITH_KNOTS('',3,(#1713,#1714,#1715,#1716,#1717,
    #1718,#1719,#1720,#1721),.UNSPECIFIED.,.F.,.F.,(4,1,1,1,1,1,4),(0.,
    0.166666666667,0.333333333333,0.5,0.666666666667,0.833333333333,1.),
  .UNSPECIFIED.);
#1713 = CARTESIAN_POINT('',(-2.,-8.8,-3.9));
#1714 = CARTESIAN_POINT('',(-1.979649082989,-8.8,-3.920350917011));
#1715 = CARTESIAN_POINT('',(-1.941004615147,-8.793785433995,
    -3.958995384853));
#1716 = CARTESIAN_POINT('',(-1.891920235212,-8.771060730683,
    -4.008079764788));
#1717 = CARTESIAN_POINT('',(-1.851194837993,-8.736982426467,
    -4.048805162007));
#1718 = CARTESIAN_POINT('',(-1.821485714105,-8.694890904394,
    -4.078514285895));
#1719 = CARTESIAN_POINT('',(-1.803584212445,-8.647306703926,
    -4.096415787555));
#1720 = CARTESIAN_POINT('',(-1.8,-8.615524886837,-4.1));
#1721 = CARTESIAN_POINT('',(-1.8,-8.6,-4.1));
#1722 = ORIENTED_EDGE('',*,*,#1656,.T.);
#1723 = ORIENTED_EDGE('',*,*,#1170,.T.);
#1724 = CYLINDRICAL_SURFACE('',#1725,0.2);
#1725 = AXIS2_PLACEMENT_3D('',#1726,#1727,#1728);
#1726 = CARTESIAN_POINT('',(-2.,-8.6,21.57622));
#1727 = DIRECTION('',(0.,0.,-1.));
#1728 = DIRECTION('',(1.,0.,0.));
#1729 = ADVANCED_FACE('',(#1730),#1748,.T.);
#1730 = FACE_BOUND('',#1731,.F.);
#1731 = EDGE_LOOP('',(#1732,#1733,#1734,#1742));
#1732 = ORIENTED_EDGE('',*,*,#1703,.T.);
#1733 = ORIENTED_EDGE('',*,*,#1162,.T.);
#1734 = ORIENTED_EDGE('',*,*,#1735,.T.);
#1735 = EDGE_CURVE('',#1151,#1736,#1738,.T.);
#1736 = VERTEX_POINT('',#1737);
#1737 = CARTESIAN_POINT('',(-1.8,-7.085989428071,-4.1));
#1738 = LINE('',#1739,#1740);
#1739 = CARTESIAN_POINT('',(-1.8,-7.001453165605,-4.8));
#1740 = VECTOR('',#1741,1.);
#1741 = DIRECTION('',(0.,-0.119894953126,0.992786583418));
#1742 = ORIENTED_EDGE('',*,*,#1743,.T.);
#1743 = EDGE_CURVE('',#1736,#1704,#1744,.T.);
#1744 = LINE('',#1745,#1746);
#1745 = CARTESIAN_POINT('',(-1.8,-7.085989428071,-4.1));
#1746 = VECTOR('',#1747,1.);
#1747 = DIRECTION('',(0.,-1.,0.));
#1748 = PLANE('',#1749);
#1749 = AXIS2_PLACEMENT_3D('',#1750,#1751,#1752);
#1750 = CARTESIAN_POINT('',(-1.8,-8.8,-4.8));
#1751 = DIRECTION('',(-1.,0.,0.));
#1752 = DIRECTION('',(0.,1.,0.));
#1753 = ADVANCED_FACE('',(#1754),#1776,.F.);
#1754 = FACE_BOUND('',#1755,.F.);
#1755 = EDGE_LOOP('',(#1756,#1757,#1758,#1766));
#1756 = ORIENTED_EDGE('',*,*,#1735,.F.);
#1757 = ORIENTED_EDGE('',*,*,#1150,.T.);
#1758 = ORIENTED_EDGE('',*,*,#1759,.T.);
#1759 = EDGE_CURVE('',#1143,#1760,#1762,.T.);
#1760 = VERTEX_POINT('',#1761);
#1761 = CARTESIAN_POINT('',(-2.,-6.884536262466,-4.1));
#1762 = LINE('',#1763,#1764);
#1763 = CARTESIAN_POINT('',(-2.,-6.8,-4.8));
#1764 = VECTOR('',#1765,1.);
#1765 = DIRECTION('',(0.,-0.119894953126,0.992786583418));
#1766 = ORIENTED_EDGE('',*,*,#1767,.T.);
#1767 = EDGE_CURVE('',#1760,#1736,#1768,.T.);
#1768 = B_SPLINE_CURVE_WITH_KNOTS('',3,(#1769,#1770,#1771,#1772,#1773,
    #1774,#1775),.UNSPECIFIED.,.F.,.F.,(4,1,1,1,4),(0.,0.25,0.5,0.75,1.)
  ,.QUASI_UNIFORM_KNOTS.);
#1769 = CARTESIAN_POINT('',(-2.,-6.884536262466,-4.1));
#1770 = CARTESIAN_POINT('',(-1.966545569533,-6.884536262466,-4.1));
#1771 = CARTESIAN_POINT('',(-1.914290281607,-6.899189835475,-4.1));
#1772 = CARTESIAN_POINT('',(-1.855473015557,-6.940735860825,-4.1));
#1773 = CARTESIAN_POINT('',(-1.814390384218,-7.000016520888,-4.1));
#1774 = CARTESIAN_POINT('',(-1.8,-7.052534997604,-4.1));
#1775 = CARTESIAN_POINT('',(-1.8,-7.085989428071,-4.1));
#1776 = CYLINDRICAL_SURFACE('',#1777,0.2);
#1777 = AXIS2_PLACEMENT_3D('',#1778,#1779,#1780);
#1778 = CARTESIAN_POINT('',(-2.,-5.198871949116,-19.72622));
#1779 = DIRECTION('',(0.,-0.119894953126,0.992786583418));
#1780 = DIRECTION('',(1.,0.,0.));
#1781 = ADVANCED_FACE('',(#1782),#1810,.F.);
#1782 = FACE_BOUND('',#1783,.F.);
#1783 = EDGE_LOOP('',(#1784,#1794,#1795,#1801,#1802,#1808,#1809));
#1784 = ORIENTED_EDGE('',*,*,#1785,.F.);
#1785 = EDGE_CURVE('',#622,#1135,#1786,.T.);
#1786 = B_SPLINE_CURVE_WITH_KNOTS('',3,(#1787,#1788,#1789,#1790,#1791,
    #1792,#1793),.UNSPECIFIED.,.F.,.F.,(4,1,1,1,4),(0.,0.25,0.5,0.75,1.)
  ,.QUASI_UNIFORM_KNOTS.);
#1787 = CARTESIAN_POINT('',(-3.4,-6.824153217847,-4.6));
#1788 = CARTESIAN_POINT('',(-3.4,-6.820142200475,-4.633213109724));
#1789 = CARTESIAN_POINT('',(-3.385609615782,-6.81384550017,
    -4.685352748789));
#1790 = CARTESIAN_POINT('',(-3.344526984443,-6.806738048211,
    -4.744205792755));
#1791 = CARTESIAN_POINT('',(-3.285709718393,-6.801756889449,
    -4.785452129318));
#1792 = CARTESIAN_POINT('',(-3.233454430467,-6.8,-4.8));
#1793 = CARTESIAN_POINT('',(-3.2,-6.8,-4.8));
#1794 = ORIENTED_EDGE('',*,*,#629,.F.);
#1795 = ORIENTED_EDGE('',*,*,#1796,.T.);
#1796 = EDGE_CURVE('',#630,#368,#1797,.T.);
#1797 = LINE('',#1798,#1799);
#1798 = CARTESIAN_POINT('',(-3.4,-7.01188754529,-3.04547150091));
#1799 = VECTOR('',#1800,1.);
#1800 = DIRECTION('',(1.,0.,0.));
#1801 = ORIENTED_EDGE('',*,*,#367,.F.);
#1802 = ORIENTED_EDGE('',*,*,#1803,.F.);
#1803 = EDGE_CURVE('',#1760,#360,#1804,.T.);
#1804 = LINE('',#1805,#1806);
#1805 = CARTESIAN_POINT('',(-2.,-6.884536262466,-4.1));
#1806 = VECTOR('',#1807,1.);
#1807 = DIRECTION('',(1.,-1.33226762955E-14,0.));
#1808 = ORIENTED_EDGE('',*,*,#1759,.F.);
#1809 = ORIENTED_EDGE('',*,*,#1142,.F.);
#1810 = PLANE('',#1811);
#1811 = AXIS2_PLACEMENT_3D('',#1812,#1813,#1814);
#1812 = CARTESIAN_POINT('',(-3.4,-7.01188754529,-3.04547150091));
#1813 = DIRECTION('',(0.,0.992786583418,0.119894953126));
#1814 = DIRECTION('',(0.,0.119894953126,-0.992786583418));
#1815 = ADVANCED_FACE('',(#1816),#1828,.T.);
#1816 = FACE_BOUND('',#1817,.T.);
#1817 = EDGE_LOOP('',(#1818,#1825,#1826,#1827));
#1818 = ORIENTED_EDGE('',*,*,#1819,.F.);
#1819 = EDGE_CURVE('',#1127,#614,#1820,.T.);
#1820 = CIRCLE('',#1821,0.2);
#1821 = AXIS2_PLACEMENT_3D('',#1822,#1823,#1824);
#1822 = CARTESIAN_POINT('',(-3.2,-0.5,-4.6));
#1823 = DIRECTION('',(0.,1.,0.));
#1824 = DIRECTION('',(0.,0.,-1.));
#1825 = ORIENTED_EDGE('',*,*,#1134,.F.);
#1826 = ORIENTED_EDGE('',*,*,#1785,.F.);
#1827 = ORIENTED_EDGE('',*,*,#621,.T.);
#1828 = CYLINDRICAL_SURFACE('',#1829,0.2);
#1829 = AXIS2_PLACEMENT_3D('',#1830,#1831,#1832);
#1830 = CARTESIAN_POINT('',(-3.2,-32.74336,-4.6));
#1831 = DIRECTION('',(0.,1.,0.));
#1832 = DIRECTION('',(0.,0.,-1.));
#1833 = ADVANCED_FACE('',(#1834),#1862,.T.);
#1834 = FACE_BOUND('',#1835,.F.);
#1835 = EDGE_LOOP('',(#1836,#1846,#1853,#1854,#1855,#1856));
#1836 = ORIENTED_EDGE('',*,*,#1837,.T.);
#1837 = EDGE_CURVE('',#1838,#1840,#1842,.T.);
#1838 = VERTEX_POINT('',#1839);
#1839 = CARTESIAN_POINT('',(-3.9,-0.5,-0.3));
#1840 = VERTEX_POINT('',#1841);
#1841 = CARTESIAN_POINT('',(-3.7,-0.5,-0.299999999822));
#1842 = LINE('',#1843,#1844);
#1843 = CARTESIAN_POINT('',(-3.9,-0.5,-0.3));
#1844 = VECTOR('',#1845,1.);
#1845 = DIRECTION('',(1.,0.,8.8737267534E-10));
#1846 = ORIENTED_EDGE('',*,*,#1847,.T.);
#1847 = EDGE_CURVE('',#1840,#602,#1848,.T.);
#1848 = CIRCLE('',#1849,0.6);
#1849 = AXIS2_PLACEMENT_3D('',#1850,#1851,#1852);
#1850 = CARTESIAN_POINT('',(-3.7,-0.5,0.3));
#1851 = DIRECTION('',(0.,-1.,0.));
#1852 = DIRECTION('',(0.,0.,-1.));
#1853 = ORIENTED_EDGE('',*,*,#613,.F.);
#1854 = ORIENTED_EDGE('',*,*,#1819,.F.);
#1855 = ORIENTED_EDGE('',*,*,#1126,.T.);
#1856 = ORIENTED_EDGE('',*,*,#1857,.T.);
#1857 = EDGE_CURVE('',#1118,#1838,#1858,.T.);
#1858 = LINE('',#1859,#1860);
#1859 = CARTESIAN_POINT('',(-3.9,-0.5,-4.8));
#1860 = VECTOR('',#1861,1.);
#1861 = DIRECTION('',(0.,0.,1.));
#1862 = PLANE('',#1863);
#1863 = AXIS2_PLACEMENT_3D('',#1864,#1865,#1866);
#1864 = CARTESIAN_POINT('',(-4.2,-0.5,-4.8));
#1865 = DIRECTION('',(0.,-1.,0.));
#1866 = DIRECTION('',(0.,0.,1.));
#1867 = ADVANCED_FACE('',(#1868),#1895,.T.);
#1868 = FACE_BOUND('',#1869,.T.);
#1869 = EDGE_LOOP('',(#1870,#1879,#1880,#1889));
#1870 = ORIENTED_EDGE('',*,*,#1871,.F.);
#1871 = EDGE_CURVE('',#1838,#1872,#1874,.T.);
#1872 = VERTEX_POINT('',#1873);
#1873 = CARTESIAN_POINT('',(-3.9,-0.2,0.));
#1874 = CIRCLE('',#1875,0.3);
#1875 = AXIS2_PLACEMENT_3D('',#1876,#1877,#1878);
#1876 = CARTESIAN_POINT('',(-3.9,-0.2,-0.3));
#1877 = DIRECTION('',(-1.,0.,0.));
#1878 = DIRECTION('',(0.,-1.,0.));
#1879 = ORIENTED_EDGE('',*,*,#1837,.T.);
#1880 = ORIENTED_EDGE('',*,*,#1881,.F.);
#1881 = EDGE_CURVE('',#1882,#1840,#1884,.T.);
#1882 = VERTEX_POINT('',#1883);
#1883 = CARTESIAN_POINT('',(-3.7,-0.2,0.));
#1884 = CIRCLE('',#1885,0.3);
#1885 = AXIS2_PLACEMENT_3D('',#1886,#1887,#1888);
#1886 = CARTESIAN_POINT('',(-3.7,-0.2,-0.3));
#1887 = DIRECTION('',(1.,0.,-0.));
#1888 = DIRECTION('',(0.,0.,1.));
#1889 = ORIENTED_EDGE('',*,*,#1890,.F.);
#1890 = EDGE_CURVE('',#1872,#1882,#1891,.T.);
#1891 = LINE('',#1892,#1893);
#1892 = CARTESIAN_POINT('',(-3.9,-0.2,0.));
#1893 = VECTOR('',#1894,1.);
#1894 = DIRECTION('',(1.,0.,0.));
#1895 = CYLINDRICAL_SURFACE('',#1896,0.3);
#1896 = AXIS2_PLACEMENT_3D('',#1897,#1898,#1899);
#1897 = CARTESIAN_POINT('',(-15.15024,-0.2,-0.3));
#1898 = DIRECTION('',(1.,0.,0.));
#1899 = DIRECTION('',(0.,0.,1.));
#1900 = ADVANCED_FACE('',(#1901),#1924,.T.);
#1901 = FACE_BOUND('',#1902,.F.);
#1902 = EDGE_LOOP('',(#1903,#1911,#1917,#1923));
#1903 = ORIENTED_EDGE('',*,*,#1904,.T.);
#1904 = EDGE_CURVE('',#1872,#1905,#1907,.T.);
#1905 = VERTEX_POINT('',#1906);
#1906 = CARTESIAN_POINT('',(-3.9,1.931610015985,0.));
#1907 = LINE('',#1908,#1909);
#1908 = CARTESIAN_POINT('',(-3.9,-0.2,0.));
#1909 = VECTOR('',#1910,1.);
#1910 = DIRECTION('',(0.,1.,0.));
#1911 = ORIENTED_EDGE('',*,*,#1912,.T.);
#1912 = EDGE_CURVE('',#1905,#879,#1913,.T.);
#1913 = LINE('',#1914,#1915);
#1914 = CARTESIAN_POINT('',(-3.9,1.931610015985,0.));
#1915 = VECTOR('',#1916,1.);
#1916 = DIRECTION('',(0.999999999944,-1.661470962453E-10,
    1.057061106497E-05));
#1917 = ORIENTED_EDGE('',*,*,#1918,.F.);
#1918 = EDGE_CURVE('',#1882,#879,#1919,.T.);
#1919 = LINE('',#1920,#1921);
#1920 = CARTESIAN_POINT('',(-3.7,-0.2,0.));
#1921 = VECTOR('',#1922,1.);
#1922 = DIRECTION('',(-9.79241690187E-11,1.,9.917959641287E-07));
#1923 = ORIENTED_EDGE('',*,*,#1890,.F.);
#1924 = PLANE('',#1925);
#1925 = AXIS2_PLACEMENT_3D('',#1926,#1927,#1928);
#1926 = CARTESIAN_POINT('',(-4.2,-0.5,0.));
#1927 = DIRECTION('',(0.,0.,1.));
#1928 = DIRECTION('',(0.,1.,0.));
#1929 = ADVANCED_FACE('',(#1930),#1955,.T.);
#1930 = FACE_BOUND('',#1931,.T.);
#1931 = EDGE_LOOP('',(#1932,#1939,#1947,#1954));
#1932 = ORIENTED_EDGE('',*,*,#1933,.F.);
#1933 = EDGE_CURVE('',#1006,#1905,#1934,.T.);
#1934 = CIRCLE('',#1935,0.3);
#1935 = AXIS2_PLACEMENT_3D('',#1936,#1937,#1938);
#1936 = CARTESIAN_POINT('',(-3.9,1.931610015985,-0.3));
#1937 = DIRECTION('',(0.,1.,0.));
#1938 = DIRECTION('',(-1.,0.,0.));
#1939 = ORIENTED_EDGE('',*,*,#1940,.F.);
#1940 = EDGE_CURVE('',#1941,#1006,#1943,.T.);
#1941 = VERTEX_POINT('',#1942);
#1942 = CARTESIAN_POINT('',(-4.2,-0.2,-0.3));
#1943 = LINE('',#1944,#1945);
#1944 = CARTESIAN_POINT('',(-4.2,-0.2,-0.3));
#1945 = VECTOR('',#1946,1.);
#1946 = DIRECTION('',(0.,1.,0.));
#1947 = ORIENTED_EDGE('',*,*,#1948,.F.);
#1948 = EDGE_CURVE('',#1872,#1941,#1949,.T.);
#1949 = CIRCLE('',#1950,0.3);
#1950 = AXIS2_PLACEMENT_3D('',#1951,#1952,#1953);
#1951 = CARTESIAN_POINT('',(-3.9,-0.2,-0.3));
#1952 = DIRECTION('',(0.,-1.,0.));
#1953 = DIRECTION('',(0.,0.,1.));
#1954 = ORIENTED_EDGE('',*,*,#1904,.T.);
#1955 = CYLINDRICAL_SURFACE('',#1956,0.3);
#1956 = AXIS2_PLACEMENT_3D('',#1957,#1958,#1959);
#1957 = CARTESIAN_POINT('',(-3.9,-27.69105656772,-0.3));
#1958 = DIRECTION('',(0.,1.,0.));
#1959 = DIRECTION('',(-1.,0.,0.));
#1960 = ADVANCED_FACE('',(#1961),#1972,.T.);
#1961 = FACE_BOUND('',#1962,.T.);
#1962 = EDGE_LOOP('',(#1963,#1964,#1965));
#1963 = ORIENTED_EDGE('',*,*,#1871,.T.);
#1964 = ORIENTED_EDGE('',*,*,#1948,.T.);
#1965 = ORIENTED_EDGE('',*,*,#1966,.T.);
#1966 = EDGE_CURVE('',#1941,#1838,#1967,.T.);
#1967 = CIRCLE('',#1968,0.3);
#1968 = AXIS2_PLACEMENT_3D('',#1969,#1970,#1971);
#1969 = CARTESIAN_POINT('',(-3.9,-0.2,-0.3));
#1970 = DIRECTION('',(0.,0.,1.));
#1971 = DIRECTION('',(-1.,0.,0.));
#1972 = SPHERICAL_SURFACE('',#1973,0.3);
#1973 = AXIS2_PLACEMENT_3D('',#1974,#1975,#1976);
#1974 = CARTESIAN_POINT('',(-3.9,-0.2,-0.3));
#1975 = DIRECTION('',(0.,-0.707106781187,-0.707106781187));
#1976 = DIRECTION('',(0.,-0.707106781187,0.707106781187));
#1977 = ADVANCED_FACE('',(#1978),#1989,.T.);
#1978 = FACE_BOUND('',#1979,.T.);
#1979 = EDGE_LOOP('',(#1980,#1981,#1982,#1988));
#1980 = ORIENTED_EDGE('',*,*,#1857,.T.);
#1981 = ORIENTED_EDGE('',*,*,#1966,.F.);
#1982 = ORIENTED_EDGE('',*,*,#1983,.F.);
#1983 = EDGE_CURVE('',#1110,#1941,#1984,.T.);
#1984 = LINE('',#1985,#1986);
#1985 = CARTESIAN_POINT('',(-4.2,-0.2,-4.8));
#1986 = VECTOR('',#1987,1.);
#1987 = DIRECTION('',(0.,0.,1.));
#1988 = ORIENTED_EDGE('',*,*,#1117,.F.);
#1989 = CYLINDRICAL_SURFACE('',#1990,0.3);
#1990 = AXIS2_PLACEMENT_3D('',#1991,#1992,#1993);
#1991 = CARTESIAN_POINT('',(-3.9,-0.2,-19.7814580028));
#1992 = DIRECTION('',(0.,0.,1.));
#1993 = DIRECTION('',(-1.,0.,0.));
#1994 = ADVANCED_FACE('',(#1995),#2001,.T.);
#1995 = FACE_BOUND('',#1996,.F.);
#1996 = EDGE_LOOP('',(#1997,#1998,#1999,#2000));
#1997 = ORIENTED_EDGE('',*,*,#1940,.F.);
#1998 = ORIENTED_EDGE('',*,*,#1983,.F.);
#1999 = ORIENTED_EDGE('',*,*,#1109,.F.);
#2000 = ORIENTED_EDGE('',*,*,#1005,.F.);
#2001 = PLANE('',#2002);
#2002 = AXIS2_PLACEMENT_3D('',#2003,#2004,#2005);
#2003 = CARTESIAN_POINT('',(-4.2,0.,0.));
#2004 = DIRECTION('',(-1.,0.,0.));
#2005 = DIRECTION('',(0.,-1.,0.));
#2006 = ADVANCED_FACE('',(#2007),#2018,.T.);
#2007 = FACE_BOUND('',#2008,.T.);
#2008 = EDGE_LOOP('',(#2009,#2010,#2011));
#2009 = ORIENTED_EDGE('',*,*,#1016,.T.);
#2010 = ORIENTED_EDGE('',*,*,#1933,.T.);
#2011 = ORIENTED_EDGE('',*,*,#2012,.T.);
#2012 = EDGE_CURVE('',#1905,#960,#2013,.T.);
#2013 = CIRCLE('',#2014,0.3);
#2014 = AXIS2_PLACEMENT_3D('',#2015,#2016,#2017);
#2015 = CARTESIAN_POINT('',(-3.9,1.931610015985,-0.3));
#2016 = DIRECTION('',(-1.,0.,0.));
#2017 = DIRECTION('',(0.,0.,1.));
#2018 = SPHERICAL_SURFACE('',#2019,0.3);
#2019 = AXIS2_PLACEMENT_3D('',#2020,#2021,#2022);
#2020 = CARTESIAN_POINT('',(-3.9,1.931610015985,-0.3));
#2021 = DIRECTION('',(0.707106781187,0.690272793551,-0.153373630337));
#2022 = DIRECTION('',(-0.707106781186,0.690272793552,-0.153373630337));
#2023 = ADVANCED_FACE('',(#2024),#2030,.T.);
#2024 = FACE_BOUND('',#2025,.T.);
#2025 = EDGE_LOOP('',(#2026,#2027,#2028,#2029));
#2026 = ORIENTED_EDGE('',*,*,#2012,.F.);
#2027 = ORIENTED_EDGE('',*,*,#1912,.T.);
#2028 = ORIENTED_EDGE('',*,*,#876,.F.);
#2029 = ORIENTED_EDGE('',*,*,#959,.F.);
#2030 = CYLINDRICAL_SURFACE('',#2031,0.3);
#2031 = AXIS2_PLACEMENT_3D('',#2032,#2033,#2034);
#2032 = CARTESIAN_POINT('',(-15.15024,1.931610015985,-0.3));
#2033 = DIRECTION('',(1.,0.,0.));
#2034 = DIRECTION('',(0.,0.976193146378,-0.216903068133));
#2035 = ADVANCED_FACE('',(#2036),#2048,.F.);
#2036 = FACE_BOUND('',#2037,.F.);
#2037 = EDGE_LOOP('',(#2038,#2039,#2046,#2047));
#2038 = ORIENTED_EDGE('',*,*,#591,.F.);
#2039 = ORIENTED_EDGE('',*,*,#2040,.T.);
#2040 = EDGE_CURVE('',#592,#1882,#2041,.T.);
#2041 = CIRCLE('',#2042,0.3);
#2042 = AXIS2_PLACEMENT_3D('',#2043,#2044,#2045);
#2043 = CARTESIAN_POINT('',(-3.7,-0.2,0.3));
#2044 = DIRECTION('',(-0.,1.,0.));
#2045 = DIRECTION('',(1.,0.,0.));
#2046 = ORIENTED_EDGE('',*,*,#1918,.T.);
#2047 = ORIENTED_EDGE('',*,*,#887,.T.);
#2048 = CYLINDRICAL_SURFACE('',#2049,0.3);
#2049 = AXIS2_PLACEMENT_3D('',#2050,#2051,#2052);
#2050 = CARTESIAN_POINT('',(-3.7,-27.69105656772,0.3));
#2051 = DIRECTION('',(0.,1.,0.));
#2052 = DIRECTION('',(1.,0.,0.));
#2053 = ADVANCED_FACE('',(#2054),#2060,.T.);
#2054 = FACE_BOUND('',#2055,.T.);
#2055 = EDGE_LOOP('',(#2056,#2057,#2058,#2059));
#2056 = ORIENTED_EDGE('',*,*,#601,.T.);
#2057 = ORIENTED_EDGE('',*,*,#2040,.T.);
#2058 = ORIENTED_EDGE('',*,*,#1881,.T.);
#2059 = ORIENTED_EDGE('',*,*,#1847,.T.);
#2060 = TOROIDAL_SURFACE('',#2061,0.6,0.3);
#2061 = AXIS2_PLACEMENT_3D('',#2062,#2063,#2064);
#2062 = CARTESIAN_POINT('',(-3.7,-0.2,0.3));
#2063 = DIRECTION('',(0.,1.,0.));
#2064 = DIRECTION('',(-0.11127852525,0.,-0.993789258253));
#2065 = ADVANCED_FACE('',(#2066),#2077,.F.);
#2066 = FACE_BOUND('',#2067,.F.);
#2067 = EDGE_LOOP('',(#2068,#2069,#2075,#2076));
#2068 = ORIENTED_EDGE('',*,*,#637,.F.);
#2069 = ORIENTED_EDGE('',*,*,#2070,.T.);
#2070 = EDGE_CURVE('',#638,#376,#2071,.T.);
#2071 = LINE('',#2072,#2073);
#2072 = CARTESIAN_POINT('',(-3.4,-7.74,-2.4));
#2073 = VECTOR('',#2074,1.);
#2074 = DIRECTION('',(1.,0.,0.));
#2075 = ORIENTED_EDGE('',*,*,#375,.T.);
#2076 = ORIENTED_EDGE('',*,*,#1796,.F.);
#2077 = CYLINDRICAL_SURFACE('',#2078,0.73340279459);
#2078 = AXIS2_PLACEMENT_3D('',#2079,#2080,#2081);
#2079 = CARTESIAN_POINT('',(-3.4,-7.74,-3.13340279459));
#2080 = DIRECTION('',(-1.,0.,0.));
#2081 = DIRECTION('',(0.,-1.,0.));
#2082 = ADVANCED_FACE('',(#2083),#2094,.F.);
#2083 = FACE_BOUND('',#2084,.F.);
#2084 = EDGE_LOOP('',(#2085,#2086,#2092,#2093));
#2085 = ORIENTED_EDGE('',*,*,#646,.F.);
#2086 = ORIENTED_EDGE('',*,*,#2087,.T.);
#2087 = EDGE_CURVE('',#647,#385,#2088,.T.);
#2088 = LINE('',#2089,#2090);
#2089 = CARTESIAN_POINT('',(-3.4,-8.3,-2.4));
#2090 = VECTOR('',#2091,1.);
#2091 = DIRECTION('',(1.,0.,0.));
#2092 = ORIENTED_EDGE('',*,*,#384,.T.);
#2093 = ORIENTED_EDGE('',*,*,#2070,.F.);
#2094 = PLANE('',#2095);
#2095 = AXIS2_PLACEMENT_3D('',#2096,#2097,#2098);
#2096 = CARTESIAN_POINT('',(-3.4,-8.3,-2.4));
#2097 = DIRECTION('',(0.,0.,1.));
#2098 = DIRECTION('',(0.,1.,0.));
#2099 = ADVANCED_FACE('',(#2100),#2111,.T.);
#2100 = FACE_BOUND('',#2101,.F.);
#2101 = EDGE_LOOP('',(#2102,#2108,#2109,#2110));
#2102 = ORIENTED_EDGE('',*,*,#2103,.T.);
#2103 = EDGE_CURVE('',#655,#393,#2104,.T.);
#2104 = LINE('',#2105,#2106);
#2105 = CARTESIAN_POINT('',(-3.4,-8.3,-2.2));
#2106 = VECTOR('',#2107,1.);
#2107 = DIRECTION('',(1.,0.,0.));
#2108 = ORIENTED_EDGE('',*,*,#392,.T.);
#2109 = ORIENTED_EDGE('',*,*,#2087,.F.);
#2110 = ORIENTED_EDGE('',*,*,#654,.F.);
#2111 = PLANE('',#2112);
#2112 = AXIS2_PLACEMENT_3D('',#2113,#2114,#2115);
#2113 = CARTESIAN_POINT('',(-3.4,-8.3,-1.6));
#2114 = DIRECTION('',(0.,-1.,0.));
#2115 = DIRECTION('',(1.,0.,0.));
#2116 = ADVANCED_FACE('',(#2117),#2123,.T.);
#2117 = FACE_BOUND('',#2118,.F.);
#2118 = EDGE_LOOP('',(#2119,#2120,#2121,#2122));
#2119 = ORIENTED_EDGE('',*,*,#400,.T.);
#2120 = ORIENTED_EDGE('',*,*,#2103,.F.);
#2121 = ORIENTED_EDGE('',*,*,#662,.T.);
#2122 = ORIENTED_EDGE('',*,*,#463,.T.);
#2123 = PLANE('',#2124);
#2124 = AXIS2_PLACEMENT_3D('',#2125,#2126,#2127);
#2125 = CARTESIAN_POINT('',(-2.6,-8.,-1.9));
#2126 = DIRECTION('',(0.,-0.707106781187,0.707106781187));
#2127 = DIRECTION('',(0.,-0.707106781187,-0.707106781187));
#2128 = ADVANCED_FACE('',(#2129),#2226,.F.);
#2129 = FACE_BOUND('',#2130,.F.);
#2130 = EDGE_LOOP('',(#2131,#2141,#2150,#2158,#2167,#2173,#2174,#2175,
    #2176,#2182,#2183,#2184,#2185,#2186,#2195,#2203,#2212,#2220));
#2131 = ORIENTED_EDGE('',*,*,#2132,.F.);
#2132 = EDGE_CURVE('',#2133,#2135,#2137,.T.);
#2133 = VERTEX_POINT('',#2134);
#2134 = CARTESIAN_POINT('',(1.3,-5.4,-4.1));
#2135 = VERTEX_POINT('',#2136);
#2136 = CARTESIAN_POINT('',(1.3,-4.6,-4.1));
#2137 = LINE('',#2138,#2139);
#2138 = CARTESIAN_POINT('',(1.3,-5.4,-4.1));
#2139 = VECTOR('',#2140,1.);
#2140 = DIRECTION('',(0.,1.,0.));
#2141 = ORIENTED_EDGE('',*,*,#2142,.F.);
#2142 = EDGE_CURVE('',#2143,#2133,#2145,.T.);
#2143 = VERTEX_POINT('',#2144);
#2144 = CARTESIAN_POINT('',(1.5,-5.6,-4.1));
#2145 = CIRCLE('',#2146,0.2);
#2146 = AXIS2_PLACEMENT_3D('',#2147,#2148,#2149);
#2147 = CARTESIAN_POINT('',(1.5,-5.4,-4.1));
#2148 = DIRECTION('',(0.,0.,-1.));
#2149 = DIRECTION('',(0.,-1.,0.));
#2150 = ORIENTED_EDGE('',*,*,#2151,.F.);
#2151 = EDGE_CURVE('',#2152,#2143,#2154,.T.);
#2152 = VERTEX_POINT('',#2153);
#2153 = CARTESIAN_POINT('',(1.6,-5.6,-4.1));
#2154 = LINE('',#2155,#2156);
#2155 = CARTESIAN_POINT('',(1.6,-5.6,-4.1));
#2156 = VECTOR('',#2157,1.);
#2157 = DIRECTION('',(-1.,0.,0.));
#2158 = ORIENTED_EDGE('',*,*,#2159,.F.);
#2159 = EDGE_CURVE('',#2160,#2152,#2162,.T.);
#2160 = VERTEX_POINT('',#2161);
#2161 = CARTESIAN_POINT('',(1.8,-5.8,-4.1));
#2162 = CIRCLE('',#2163,0.2);
#2163 = AXIS2_PLACEMENT_3D('',#2164,#2165,#2166);
#2164 = CARTESIAN_POINT('',(1.6,-5.8,-4.1));
#2165 = DIRECTION('',(0.,0.,1.));
#2166 = DIRECTION('',(1.,0.,-0.));
#2167 = ORIENTED_EDGE('',*,*,#2168,.F.);
#2168 = EDGE_CURVE('',#1537,#2160,#2169,.T.);
#2169 = LINE('',#2170,#2171);
#2170 = CARTESIAN_POINT('',(1.8,-6.884536262466,-4.1));
#2171 = VECTOR('',#2172,1.);
#2172 = DIRECTION('',(0.,1.,0.));
#2173 = ORIENTED_EDGE('',*,*,#1536,.F.);
#2174 = ORIENTED_EDGE('',*,*,#1582,.F.);
#2175 = ORIENTED_EDGE('',*,*,#1610,.F.);
#2176 = ORIENTED_EDGE('',*,*,#2177,.T.);
#2177 = EDGE_CURVE('',#1603,#1704,#2178,.T.);
#2178 = LINE('',#2179,#2180);
#2179 = CARTESIAN_POINT('',(1.8,-8.6,-4.1));
#2180 = VECTOR('',#2181,1.);
#2181 = DIRECTION('',(-1.,0.,0.));
#2182 = ORIENTED_EDGE('',*,*,#1743,.F.);
#2183 = ORIENTED_EDGE('',*,*,#1767,.F.);
#2184 = ORIENTED_EDGE('',*,*,#1803,.T.);
#2185 = ORIENTED_EDGE('',*,*,#359,.F.);
#2186 = ORIENTED_EDGE('',*,*,#2187,.F.);
#2187 = EDGE_CURVE('',#2188,#352,#2190,.T.);
#2188 = VERTEX_POINT('',#2189);
#2189 = CARTESIAN_POINT('',(-1.6,-5.6,-4.1));
#2190 = CIRCLE('',#2191,0.2);
#2191 = AXIS2_PLACEMENT_3D('',#2192,#2193,#2194);
#2192 = CARTESIAN_POINT('',(-1.6,-5.8,-4.1));
#2193 = DIRECTION('',(0.,-0.,1.));
#2194 = DIRECTION('',(0.,1.,0.));
#2195 = ORIENTED_EDGE('',*,*,#2196,.F.);
#2196 = EDGE_CURVE('',#2197,#2188,#2199,.T.);
#2197 = VERTEX_POINT('',#2198);
#2198 = CARTESIAN_POINT('',(-1.5,-5.6,-4.1));
#2199 = LINE('',#2200,#2201);
#2200 = CARTESIAN_POINT('',(-1.5,-5.6,-4.1));
#2201 = VECTOR('',#2202,1.);
#2202 = DIRECTION('',(-1.,0.,0.));
#2203 = ORIENTED_EDGE('',*,*,#2204,.F.);
#2204 = EDGE_CURVE('',#2205,#2197,#2207,.T.);
#2205 = VERTEX_POINT('',#2206);
#2206 = CARTESIAN_POINT('',(-1.3,-5.4,-4.1));
#2207 = CIRCLE('',#2208,0.2);
#2208 = AXIS2_PLACEMENT_3D('',#2209,#2210,#2211);
#2209 = CARTESIAN_POINT('',(-1.5,-5.4,-4.1));
#2210 = DIRECTION('',(0.,0.,-1.));
#2211 = DIRECTION('',(1.,0.,0.));
#2212 = ORIENTED_EDGE('',*,*,#2213,.T.);
#2213 = EDGE_CURVE('',#2205,#2214,#2216,.T.);
#2214 = VERTEX_POINT('',#2215);
#2215 = CARTESIAN_POINT('',(-1.3,-4.6,-4.1));
#2216 = LINE('',#2217,#2218);
#2217 = CARTESIAN_POINT('',(-1.3,-5.4,-4.1));
#2218 = VECTOR('',#2219,1.);
#2219 = DIRECTION('',(0.,1.,0.));
#2220 = ORIENTED_EDGE('',*,*,#2221,.T.);
#2221 = EDGE_CURVE('',#2214,#2135,#2222,.T.);
#2222 = LINE('',#2223,#2224);
#2223 = CARTESIAN_POINT('',(-1.3,-4.6,-4.1));
#2224 = VECTOR('',#2225,1.);
#2225 = DIRECTION('',(1.,0.,0.));
#2226 = PLANE('',#2227);
#2227 = AXIS2_PLACEMENT_3D('',#2228,#2229,#2230);
#2228 = CARTESIAN_POINT('',(0.,0.,-4.1));
#2229 = DIRECTION('',(0.,0.,-1.));
#2230 = DIRECTION('',(1.,0.,0.));
#2231 = ADVANCED_FACE('',(#2232),#2290,.F.);
#2232 = FACE_BOUND('',#2233,.F.);
#2233 = EDGE_LOOP('',(#2234,#2245,#2253,#2261,#2269,#2275,#2276,#2284));
#2234 = ORIENTED_EDGE('',*,*,#2235,.F.);
#2235 = EDGE_CURVE('',#2236,#2238,#2240,.T.);
#2236 = VERTEX_POINT('',#2237);
#2237 = CARTESIAN_POINT('',(1.3,4.3,1.18));
#2238 = VERTEX_POINT('',#2239);
#2239 = CARTESIAN_POINT('',(1.3,4.6,0.88));
#2240 = CIRCLE('',#2241,0.3);
#2241 = AXIS2_PLACEMENT_3D('',#2242,#2243,#2244);
#2242 = CARTESIAN_POINT('',(1.3,4.3,0.88));
#2243 = DIRECTION('',(-1.,0.,0.));
#2244 = DIRECTION('',(0.,0.,1.));
#2245 = ORIENTED_EDGE('',*,*,#2246,.T.);
#2246 = EDGE_CURVE('',#2236,#2247,#2249,.T.);
#2247 = VERTEX_POINT('',#2248);
#2248 = CARTESIAN_POINT('',(1.3,3.62,1.18));
#2249 = LINE('',#2250,#2251);
#2250 = CARTESIAN_POINT('',(1.3,4.3,1.18));
#2251 = VECTOR('',#2252,1.);
#2252 = DIRECTION('',(0.,-1.,0.));
#2253 = ORIENTED_EDGE('',*,*,#2254,.F.);
#2254 = EDGE_CURVE('',#2255,#2247,#2257,.T.);
#2255 = VERTEX_POINT('',#2256);
#2256 = CARTESIAN_POINT('',(1.3,3.62,1.4));
#2257 = LINE('',#2258,#2259);
#2258 = CARTESIAN_POINT('',(1.3,3.62,1.4));
#2259 = VECTOR('',#2260,1.);
#2260 = DIRECTION('',(0.,0.,-1.));
#2261 = ORIENTED_EDGE('',*,*,#2262,.T.);
#2262 = EDGE_CURVE('',#2255,#2263,#2265,.T.);
#2263 = VERTEX_POINT('',#2264);
#2264 = CARTESIAN_POINT('',(1.3,3.35,1.4));
#2265 = LINE('',#2266,#2267);
#2266 = CARTESIAN_POINT('',(1.3,3.62,1.4));
#2267 = VECTOR('',#2268,1.);
#2268 = DIRECTION('',(0.,-1.,0.));
#2269 = ORIENTED_EDGE('',*,*,#2270,.T.);
#2270 = EDGE_CURVE('',#2263,#1317,#2271,.T.);
#2271 = LINE('',#2272,#2273);
#2272 = CARTESIAN_POINT('',(1.3,3.35,1.4));
#2273 = VECTOR('',#2274,1.);
#2274 = DIRECTION('',(0.,0.,-1.));
#2275 = ORIENTED_EDGE('',*,*,#1316,.F.);
#2276 = ORIENTED_EDGE('',*,*,#2277,.T.);
#2277 = EDGE_CURVE('',#1309,#2278,#2280,.T.);
#2278 = VERTEX_POINT('',#2279);
#2279 = CARTESIAN_POINT('',(1.3,4.6,-3.9));
#2280 = LINE('',#2281,#2282);
#2281 = CARTESIAN_POINT('',(1.3,4.6,-4.8));
#2282 = VECTOR('',#2283,1.);
#2283 = DIRECTION('',(0.,0.,1.));
#2284 = ORIENTED_EDGE('',*,*,#2285,.F.);
#2285 = EDGE_CURVE('',#2238,#2278,#2286,.T.);
#2286 = LINE('',#2287,#2288);
#2287 = CARTESIAN_POINT('',(1.3,4.6,0.88));
#2288 = VECTOR('',#2289,1.);
#2289 = DIRECTION('',(0.,0.,-1.));
#2290 = PLANE('',#2291);
#2291 = AXIS2_PLACEMENT_3D('',#2292,#2293,#2294);
#2292 = CARTESIAN_POINT('',(1.3,4.6,-4.8));
#2293 = DIRECTION('',(1.,0.,0.));
#2294 = DIRECTION('',(0.,-1.,0.));
#2295 = ADVANCED_FACE('',(#2296),#2372,.F.);
#2296 = FACE_BOUND('',#2297,.F.);
#2297 = EDGE_LOOP('',(#2298,#2306,#2307,#2315,#2323,#2331,#2340,#2348,
    #2357,#2366));
#2298 = ORIENTED_EDGE('',*,*,#2299,.F.);
#2299 = EDGE_CURVE('',#2133,#2300,#2302,.T.);
#2300 = VERTEX_POINT('',#2301);
#2301 = CARTESIAN_POINT('',(1.3,-5.4,1.4));
#2302 = LINE('',#2303,#2304);
#2303 = CARTESIAN_POINT('',(1.3,-5.4,-4.1));
#2304 = VECTOR('',#2305,1.);
#2305 = DIRECTION('',(0.,0.,1.));
#2306 = ORIENTED_EDGE('',*,*,#2132,.T.);
#2307 = ORIENTED_EDGE('',*,*,#2308,.F.);
#2308 = EDGE_CURVE('',#2309,#2135,#2311,.T.);
#2309 = VERTEX_POINT('',#2310);
#2310 = CARTESIAN_POINT('',(1.3,-4.6,0.7));
#2311 = LINE('',#2312,#2313);
#2312 = CARTESIAN_POINT('',(1.3,-4.6,0.7));
#2313 = VECTOR('',#2314,1.);
#2314 = DIRECTION('',(0.,0.,-1.));
#2315 = ORIENTED_EDGE('',*,*,#2316,.F.);
#2316 = EDGE_CURVE('',#2317,#2309,#2319,.T.);
#2317 = VERTEX_POINT('',#2318);
#2318 = CARTESIAN_POINT('',(1.3,-3.35,0.7));
#2319 = LINE('',#2320,#2321);
#2320 = CARTESIAN_POINT('',(1.3,-3.35,0.7));
#2321 = VECTOR('',#2322,1.);
#2322 = DIRECTION('',(0.,-1.,0.));
#2323 = ORIENTED_EDGE('',*,*,#2324,.T.);
#2324 = EDGE_CURVE('',#2317,#2325,#2327,.T.);
#2325 = VERTEX_POINT('',#2326);
#2326 = CARTESIAN_POINT('',(1.3,-3.35,1.6));
#2327 = LINE('',#2328,#2329);
#2328 = CARTESIAN_POINT('',(1.3,-3.35,0.7));
#2329 = VECTOR('',#2330,1.);
#2330 = DIRECTION('',(0.,0.,1.));
#2331 = ORIENTED_EDGE('',*,*,#2332,.F.);
#2332 = EDGE_CURVE('',#2333,#2325,#2335,.T.);
#2333 = VERTEX_POINT('',#2334);
#2334 = CARTESIAN_POINT('',(1.3,-3.55,1.4));
#2335 = CIRCLE('',#2336,0.2);
#2336 = AXIS2_PLACEMENT_3D('',#2337,#2338,#2339);
#2337 = CARTESIAN_POINT('',(1.3,-3.55,1.6));
#2338 = DIRECTION('',(1.,0.,0.));
#2339 = DIRECTION('',(0.,0.,-1.));
#2340 = ORIENTED_EDGE('',*,*,#2341,.T.);
#2341 = EDGE_CURVE('',#2333,#2342,#2344,.T.);
#2342 = VERTEX_POINT('',#2343);
#2343 = CARTESIAN_POINT('',(1.3,-4.4,1.4));
#2344 = LINE('',#2345,#2346);
#2345 = CARTESIAN_POINT('',(1.3,-3.55,1.4));
#2346 = VECTOR('',#2347,1.);
#2347 = DIRECTION('',(0.,-1.,0.));
#2348 = ORIENTED_EDGE('',*,*,#2349,.F.);
#2349 = EDGE_CURVE('',#2350,#2342,#2352,.T.);
#2350 = VERTEX_POINT('',#2351);
#2351 = CARTESIAN_POINT('',(1.3,-4.56,1.48));
#2352 = CIRCLE('',#2353,0.2);
#2353 = AXIS2_PLACEMENT_3D('',#2354,#2355,#2356);
#2354 = CARTESIAN_POINT('',(1.3,-4.4,1.6));
#2355 = DIRECTION('',(1.,0.,0.));
#2356 = DIRECTION('',(0.,-0.8,-0.6));
#2357 = ORIENTED_EDGE('',*,*,#2358,.T.);
#2358 = EDGE_CURVE('',#2350,#2359,#2361,.T.);
#2359 = VERTEX_POINT('',#2360);
#2360 = CARTESIAN_POINT('',(1.3,-4.8,1.4));
#2361 = CIRCLE('',#2362,0.4);
#2362 = AXIS2_PLACEMENT_3D('',#2363,#2364,#2365);
#2363 = CARTESIAN_POINT('',(1.3,-4.8,1.8));
#2364 = DIRECTION('',(-1.,0.,0.));
#2365 = DIRECTION('',(0.,0.6,-0.8));
#2366 = ORIENTED_EDGE('',*,*,#2367,.T.);
#2367 = EDGE_CURVE('',#2359,#2300,#2368,.T.);
#2368 = LINE('',#2369,#2370);
#2369 = CARTESIAN_POINT('',(1.3,-4.8,1.400000000249));
#2370 = VECTOR('',#2371,1.);
#2371 = DIRECTION('',(0.,-1.,-4.155213210547E-10));
#2372 = PLANE('',#2373);
#2373 = AXIS2_PLACEMENT_3D('',#2374,#2375,#2376);
#2374 = CARTESIAN_POINT('',(1.3,4.6,-4.8));
#2375 = DIRECTION('',(1.,0.,0.));
#2376 = DIRECTION('',(0.,-1.,0.));
#2377 = ADVANCED_FACE('',(#2378),#2404,.F.);
#2378 = FACE_BOUND('',#2379,.F.);
#2379 = EDGE_LOOP('',(#2380,#2388,#2397,#2403));
#2380 = ORIENTED_EDGE('',*,*,#2381,.F.);
#2381 = EDGE_CURVE('',#2382,#2238,#2384,.T.);
#2382 = VERTEX_POINT('',#2383);
#2383 = CARTESIAN_POINT('',(-1.3,4.6,0.88));
#2384 = LINE('',#2385,#2386);
#2385 = CARTESIAN_POINT('',(-1.3,4.6,0.88));
#2386 = VECTOR('',#2387,1.);
#2387 = DIRECTION('',(1.,0.,0.));
#2388 = ORIENTED_EDGE('',*,*,#2389,.T.);
#2389 = EDGE_CURVE('',#2382,#2390,#2392,.T.);
#2390 = VERTEX_POINT('',#2391);
#2391 = CARTESIAN_POINT('',(-1.3,4.3,1.18));
#2392 = CIRCLE('',#2393,0.3);
#2393 = AXIS2_PLACEMENT_3D('',#2394,#2395,#2396);
#2394 = CARTESIAN_POINT('',(-1.3,4.3,0.88));
#2395 = DIRECTION('',(1.,0.,0.));
#2396 = DIRECTION('',(-0.,1.,0.));
#2397 = ORIENTED_EDGE('',*,*,#2398,.T.);
#2398 = EDGE_CURVE('',#2390,#2236,#2399,.T.);
#2399 = LINE('',#2400,#2401);
#2400 = CARTESIAN_POINT('',(-1.3,4.3,1.18));
#2401 = VECTOR('',#2402,1.);
#2402 = DIRECTION('',(1.,0.,0.));
#2403 = ORIENTED_EDGE('',*,*,#2235,.T.);
#2404 = CYLINDRICAL_SURFACE('',#2405,0.3);
#2405 = AXIS2_PLACEMENT_3D('',#2406,#2407,#2408);
#2406 = CARTESIAN_POINT('',(-15.15024,4.3,0.88));
#2407 = DIRECTION('',(1.,0.,0.));
#2408 = DIRECTION('',(-0.,1.,0.));
#2409 = ADVANCED_FACE('',(#2410),#2540,.T.);
#2410 = FACE_BOUND('',#2411,.F.);
#2411 = EDGE_LOOP('',(#2412,#2422,#2430,#2438,#2446,#2454,#2462,#2470,
    #2478,#2486,#2494,#2500,#2501,#2502,#2510,#2518,#2526,#2534));
#2412 = ORIENTED_EDGE('',*,*,#2413,.T.);
#2413 = EDGE_CURVE('',#2414,#2416,#2418,.T.);
#2414 = VERTEX_POINT('',#2415);
#2415 = CARTESIAN_POINT('',(1.9,4.6,6.65));
#2416 = VERTEX_POINT('',#2417);
#2417 = CARTESIAN_POINT('',(1.9,4.6,2.2));
#2418 = LINE('',#2419,#2420);
#2419 = CARTESIAN_POINT('',(1.9,4.6,6.65));
#2420 = VECTOR('',#2421,1.);
#2421 = DIRECTION('',(0.,0.,-1.));
#2422 = ORIENTED_EDGE('',*,*,#2423,.T.);
#2423 = EDGE_CURVE('',#2416,#2424,#2426,.T.);
#2424 = VERTEX_POINT('',#2425);
#2425 = CARTESIAN_POINT('',(-1.9,4.6,2.2));
#2426 = LINE('',#2427,#2428);
#2427 = CARTESIAN_POINT('',(1.9,4.6,2.2));
#2428 = VECTOR('',#2429,1.);
#2429 = DIRECTION('',(-1.,0.,0.));
#2430 = ORIENTED_EDGE('',*,*,#2431,.F.);
#2431 = EDGE_CURVE('',#2432,#2424,#2434,.T.);
#2432 = VERTEX_POINT('',#2433);
#2433 = CARTESIAN_POINT('',(-1.9,4.6,6.65));
#2434 = LINE('',#2435,#2436);
#2435 = CARTESIAN_POINT('',(-1.9,4.6,6.65));
#2436 = VECTOR('',#2437,1.);
#2437 = DIRECTION('',(0.,0.,-1.));
#2438 = ORIENTED_EDGE('',*,*,#2439,.T.);
#2439 = EDGE_CURVE('',#2432,#2440,#2442,.T.);
#2440 = VERTEX_POINT('',#2441);
#2441 = CARTESIAN_POINT('',(-3.2,4.6,6.65));
#2442 = LINE('',#2443,#2444);
#2443 = CARTESIAN_POINT('',(-1.9,4.6,6.65));
#2444 = VECTOR('',#2445,1.);
#2445 = DIRECTION('',(-1.,0.,0.));
#2446 = ORIENTED_EDGE('',*,*,#2447,.T.);
#2447 = EDGE_CURVE('',#2440,#2448,#2450,.T.);
#2448 = VERTEX_POINT('',#2449);
#2449 = CARTESIAN_POINT('',(-3.2,4.6,1.8));
#2450 = LINE('',#2451,#2452);
#2451 = CARTESIAN_POINT('',(-3.2,4.6,6.65));
#2452 = VECTOR('',#2453,1.);
#2453 = DIRECTION('',(0.,0.,-1.));
#2454 = ORIENTED_EDGE('',*,*,#2455,.F.);
#2455 = EDGE_CURVE('',#2456,#2448,#2458,.T.);
#2456 = VERTEX_POINT('',#2457);
#2457 = CARTESIAN_POINT('',(-1.7,4.6,1.8));
#2458 = LINE('',#2459,#2460);
#2459 = CARTESIAN_POINT('',(-1.7,4.6,1.8));
#2460 = VECTOR('',#2461,1.);
#2461 = DIRECTION('',(-1.,0.,0.));
#2462 = ORIENTED_EDGE('',*,*,#2463,.F.);
#2463 = EDGE_CURVE('',#2464,#2456,#2466,.T.);
#2464 = VERTEX_POINT('',#2465);
#2465 = CARTESIAN_POINT('',(-1.7,4.6,0.7));
#2466 = LINE('',#2467,#2468);
#2467 = CARTESIAN_POINT('',(-1.7,4.6,0.7));
#2468 = VECTOR('',#2469,1.);
#2469 = DIRECTION('',(0.,0.,1.));
#2470 = ORIENTED_EDGE('',*,*,#2471,.T.);
#2471 = EDGE_CURVE('',#2464,#2472,#2474,.T.);
#2472 = VERTEX_POINT('',#2473);
#2473 = CARTESIAN_POINT('',(-1.7,4.6,-3.9));
#2474 = LINE('',#2475,#2476);
#2475 = CARTESIAN_POINT('',(-1.7,4.6,0.7));
#2476 = VECTOR('',#2477,1.);
#2477 = DIRECTION('',(0.,0.,-1.));
#2478 = ORIENTED_EDGE('',*,*,#2479,.T.);
#2479 = EDGE_CURVE('',#2472,#2480,#2482,.T.);
#2480 = VERTEX_POINT('',#2481);
#2481 = CARTESIAN_POINT('',(-1.3,4.6,-3.9));
#2482 = LINE('',#2483,#2484);
#2483 = CARTESIAN_POINT('',(-1.7,4.6,-3.9));
#2484 = VECTOR('',#2485,1.);
#2485 = DIRECTION('',(1.,0.,0.));
#2486 = ORIENTED_EDGE('',*,*,#2487,.F.);
#2487 = EDGE_CURVE('',#2488,#2480,#2490,.T.);
#2488 = VERTEX_POINT('',#2489);
#2489 = CARTESIAN_POINT('',(-1.3,4.6,0.7));
#2490 = LINE('',#2491,#2492);
#2491 = CARTESIAN_POINT('',(-1.3,4.6,0.7));
#2492 = VECTOR('',#2493,1.);
#2493 = DIRECTION('',(0.,0.,-1.));
#2494 = ORIENTED_EDGE('',*,*,#2495,.F.);
#2495 = EDGE_CURVE('',#2382,#2488,#2496,.T.);
#2496 = LINE('',#2497,#2498);
#2497 = CARTESIAN_POINT('',(-1.3,4.6,0.88));
#2498 = VECTOR('',#2499,1.);
#2499 = DIRECTION('',(0.,0.,-1.));
#2500 = ORIENTED_EDGE('',*,*,#2381,.T.);
#2501 = ORIENTED_EDGE('',*,*,#2285,.T.);
#2502 = ORIENTED_EDGE('',*,*,#2503,.T.);
#2503 = EDGE_CURVE('',#2278,#2504,#2506,.T.);
#2504 = VERTEX_POINT('',#2505);
#2505 = CARTESIAN_POINT('',(1.7,4.6,-3.9));
#2506 = LINE('',#2507,#2508);
#2507 = CARTESIAN_POINT('',(1.3,4.6,-3.9));
#2508 = VECTOR('',#2509,1.);
#2509 = DIRECTION('',(1.,0.,0.));
#2510 = ORIENTED_EDGE('',*,*,#2511,.F.);
#2511 = EDGE_CURVE('',#2512,#2504,#2514,.T.);
#2512 = VERTEX_POINT('',#2513);
#2513 = CARTESIAN_POINT('',(1.7,4.6,1.8));
#2514 = LINE('',#2515,#2516);
#2515 = CARTESIAN_POINT('',(1.7,4.6,1.8));
#2516 = VECTOR('',#2517,1.);
#2517 = DIRECTION('',(0.,0.,-1.));
#2518 = ORIENTED_EDGE('',*,*,#2519,.F.);
#2519 = EDGE_CURVE('',#2520,#2512,#2522,.T.);
#2520 = VERTEX_POINT('',#2521);
#2521 = CARTESIAN_POINT('',(3.2,4.6,1.8));
#2522 = LINE('',#2523,#2524);
#2523 = CARTESIAN_POINT('',(3.2,4.6,1.8));
#2524 = VECTOR('',#2525,1.);
#2525 = DIRECTION('',(-1.,0.,0.));
#2526 = ORIENTED_EDGE('',*,*,#2527,.T.);
#2527 = EDGE_CURVE('',#2520,#2528,#2530,.T.);
#2528 = VERTEX_POINT('',#2529);
#2529 = CARTESIAN_POINT('',(3.2,4.6,6.65));
#2530 = LINE('',#2531,#2532);
#2531 = CARTESIAN_POINT('',(3.2,4.6,1.8));
#2532 = VECTOR('',#2533,1.);
#2533 = DIRECTION('',(0.,0.,1.));
#2534 = ORIENTED_EDGE('',*,*,#2535,.T.);
#2535 = EDGE_CURVE('',#2528,#2414,#2536,.T.);
#2536 = LINE('',#2537,#2538);
#2537 = CARTESIAN_POINT('',(3.2,4.6,6.65));
#2538 = VECTOR('',#2539,1.);
#2539 = DIRECTION('',(-1.,0.,0.));
#2540 = PLANE('',#2541);
#2541 = AXIS2_PLACEMENT_3D('',#2542,#2543,#2544);
#2542 = CARTESIAN_POINT('',(3.4,4.6,1.6));
#2543 = DIRECTION('',(0.,1.,0.));
#2544 = DIRECTION('',(-1.,0.,0.));
#2545 = ADVANCED_FACE('',(#2546),#2583,.T.);
#2546 = FACE_BOUND('',#2547,.T.);
#2547 = EDGE_LOOP('',(#2548,#2562,#2563,#2577));
#2548 = ORIENTED_EDGE('',*,*,#2549,.T.);
#2549 = EDGE_CURVE('',#2550,#2414,#2552,.T.);
#2550 = VERTEX_POINT('',#2551);
#2551 = CARTESIAN_POINT('',(1.7,4.4,6.45));
#2552 = B_SPLINE_CURVE_WITH_KNOTS('',3,(#2553,#2554,#2555,#2556,#2557,
    #2558,#2559,#2560,#2561),.UNSPECIFIED.,.F.,.F.,(4,1,1,1,1,1,4),(0.,
    0.166666666667,0.333333333333,0.5,0.666666666667,0.833333333333,1.),
  .UNSPECIFIED.);
#2553 = CARTESIAN_POINT('',(1.7,4.4,6.45));
#2554 = CARTESIAN_POINT('',(1.7,4.420350917011,6.470350917011));
#2555 = CARTESIAN_POINT('',(1.706214566005,4.458995384853,6.508995384853
    ));
#2556 = CARTESIAN_POINT('',(1.728939269317,4.508079764788,6.558079764788
    ));
#2557 = CARTESIAN_POINT('',(1.763017573533,4.548805162007,6.598805162007
    ));
#2558 = CARTESIAN_POINT('',(1.805109095606,4.578514285895,6.628514285895
    ));
#2559 = CARTESIAN_POINT('',(1.852693296074,4.596415787555,6.646415787555
    ));
#2560 = CARTESIAN_POINT('',(1.884475113163,4.6,6.65));
#2561 = CARTESIAN_POINT('',(1.9,4.6,6.65));
#2562 = ORIENTED_EDGE('',*,*,#2413,.T.);
#2563 = ORIENTED_EDGE('',*,*,#2564,.T.);
#2564 = EDGE_CURVE('',#2416,#2565,#2567,.T.);
#2565 = VERTEX_POINT('',#2566);
#2566 = CARTESIAN_POINT('',(1.7,4.4,2.4));
#2567 = B_SPLINE_CURVE_WITH_KNOTS('',3,(#2568,#2569,#2570,#2571,#2572,
    #2573,#2574,#2575,#2576),.UNSPECIFIED.,.F.,.F.,(4,1,1,1,1,1,4),(0.,
    0.166666666667,0.333333333333,0.5,0.666666666667,0.833333333333,1.),
  .UNSPECIFIED.);
#2568 = CARTESIAN_POINT('',(1.9,4.6,2.2));
#2569 = CARTESIAN_POINT('',(1.879649082989,4.6,2.220350917011));
#2570 = CARTESIAN_POINT('',(1.841004615147,4.593785433995,2.258995384853
    ));
#2571 = CARTESIAN_POINT('',(1.791920235212,4.571060730683,2.308079764788
    ));
#2572 = CARTESIAN_POINT('',(1.751194837993,4.536982426467,2.348805162007
    ));
#2573 = CARTESIAN_POINT('',(1.721485714105,4.494890904394,2.378514285895
    ));
#2574 = CARTESIAN_POINT('',(1.703584212445,4.447306703926,2.396415787555
    ));
#2575 = CARTESIAN_POINT('',(1.7,4.415524886837,2.4));
#2576 = CARTESIAN_POINT('',(1.7,4.4,2.4));
#2577 = ORIENTED_EDGE('',*,*,#2578,.F.);
#2578 = EDGE_CURVE('',#2550,#2565,#2579,.T.);
#2579 = LINE('',#2580,#2581);
#2580 = CARTESIAN_POINT('',(1.7,4.4,6.45));
#2581 = VECTOR('',#2582,1.);
#2582 = DIRECTION('',(0.,0.,-1.));
#2583 = CYLINDRICAL_SURFACE('',#2584,0.2);
#2584 = AXIS2_PLACEMENT_3D('',#2585,#2586,#2587);
#2585 = CARTESIAN_POINT('',(1.9,4.4,21.57622));
#2586 = DIRECTION('',(0.,0.,-1.));
#2587 = DIRECTION('',(-1.,0.,0.));
#2588 = ADVANCED_FACE('',(#2589),#2614,.T.);
#2589 = FACE_BOUND('',#2590,.F.);
#2590 = EDGE_LOOP('',(#2591,#2601,#2607,#2608));
#2591 = ORIENTED_EDGE('',*,*,#2592,.T.);
#2592 = EDGE_CURVE('',#2593,#2595,#2597,.T.);
#2593 = VERTEX_POINT('',#2594);
#2594 = CARTESIAN_POINT('',(1.7,3.55,6.45));
#2595 = VERTEX_POINT('',#2596);
#2596 = CARTESIAN_POINT('',(1.7,3.55,2.4));
#2597 = LINE('',#2598,#2599);
#2598 = CARTESIAN_POINT('',(1.7,3.55,6.45));
#2599 = VECTOR('',#2600,1.);
#2600 = DIRECTION('',(0.,0.,-1.));
#2601 = ORIENTED_EDGE('',*,*,#2602,.F.);
#2602 = EDGE_CURVE('',#2565,#2595,#2603,.T.);
#2603 = LINE('',#2604,#2605);
#2604 = CARTESIAN_POINT('',(1.7,4.4,2.4));
#2605 = VECTOR('',#2606,1.);
#2606 = DIRECTION('',(0.,-1.,0.));
#2607 = ORIENTED_EDGE('',*,*,#2578,.F.);
#2608 = ORIENTED_EDGE('',*,*,#2609,.T.);
#2609 = EDGE_CURVE('',#2550,#2593,#2610,.T.);
#2610 = LINE('',#2611,#2612);
#2611 = CARTESIAN_POINT('',(1.7,4.4,6.45));
#2612 = VECTOR('',#2613,1.);
#2613 = DIRECTION('',(0.,-1.,0.));
#2614 = PLANE('',#2615);
#2615 = AXIS2_PLACEMENT_3D('',#2616,#2617,#2618);
#2616 = CARTESIAN_POINT('',(1.7,4.6,2.4));
#2617 = DIRECTION('',(-1.,0.,0.));
#2618 = DIRECTION('',(0.,-1.,0.));
#2619 = ADVANCED_FACE('',(#2620),#2652,.T.);
#2620 = FACE_BOUND('',#2621,.T.);
#2621 = EDGE_LOOP('',(#2622,#2631,#2639,#2651));
#2622 = ORIENTED_EDGE('',*,*,#2623,.F.);
#2623 = EDGE_CURVE('',#2624,#2595,#2626,.T.);
#2624 = VERTEX_POINT('',#2625);
#2625 = CARTESIAN_POINT('',(1.9,3.35,2.4));
#2626 = CIRCLE('',#2627,0.2);
#2627 = AXIS2_PLACEMENT_3D('',#2628,#2629,#2630);
#2628 = CARTESIAN_POINT('',(1.9,3.55,2.4));
#2629 = DIRECTION('',(0.,0.,-1.));
#2630 = DIRECTION('',(0.,-1.,0.));
#2631 = ORIENTED_EDGE('',*,*,#2632,.F.);
#2632 = EDGE_CURVE('',#2633,#2624,#2635,.T.);
#2633 = VERTEX_POINT('',#2634);
#2634 = CARTESIAN_POINT('',(1.9,3.35,6.65));
#2635 = LINE('',#2636,#2637);
#2636 = CARTESIAN_POINT('',(1.9,3.35,6.65));
#2637 = VECTOR('',#2638,1.);
#2638 = DIRECTION('',(0.,0.,-1.));
#2639 = ORIENTED_EDGE('',*,*,#2640,.F.);
#2640 = EDGE_CURVE('',#2593,#2633,#2641,.T.);
#2641 = B_SPLINE_CURVE_WITH_KNOTS('',3,(#2642,#2643,#2644,#2645,#2646,
    #2647,#2648,#2649,#2650),.UNSPECIFIED.,.F.,.F.,(4,1,1,1,1,1,4),(0.,
    0.166666666667,0.333333333333,0.5,0.666666666667,0.833333333333,1.),
  .UNSPECIFIED.);
#2642 = CARTESIAN_POINT('',(1.7,3.55,6.45));
#2643 = CARTESIAN_POINT('',(1.7,3.529649082989,6.470350917011));
#2644 = CARTESIAN_POINT('',(1.706214566005,3.491004615147,6.508995384853
    ));
#2645 = CARTESIAN_POINT('',(1.728939269317,3.441920235212,6.558079764788
    ));
#2646 = CARTESIAN_POINT('',(1.763017573533,3.401194837993,6.598805162007
    ));
#2647 = CARTESIAN_POINT('',(1.805109095606,3.371485714105,6.628514285895
    ));
#2648 = CARTESIAN_POINT('',(1.852693296074,3.353584212445,6.646415787555
    ));
#2649 = CARTESIAN_POINT('',(1.884475113163,3.35,6.65));
#2650 = CARTESIAN_POINT('',(1.9,3.35,6.65));
#2651 = ORIENTED_EDGE('',*,*,#2592,.T.);
#2652 = CYLINDRICAL_SURFACE('',#2653,0.2);
#2653 = AXIS2_PLACEMENT_3D('',#2654,#2655,#2656);
#2654 = CARTESIAN_POINT('',(1.9,3.55,21.57622));
#2655 = DIRECTION('',(0.,0.,-1.));
#2656 = DIRECTION('',(0.,-1.,0.));
#2657 = ADVANCED_FACE('',(#2658),#2669,.T.);
#2658 = FACE_BOUND('',#2659,.T.);
#2659 = EDGE_LOOP('',(#2660,#2661,#2667,#2668));
#2660 = ORIENTED_EDGE('',*,*,#2640,.T.);
#2661 = ORIENTED_EDGE('',*,*,#2662,.F.);
#2662 = EDGE_CURVE('',#2414,#2633,#2663,.T.);
#2663 = LINE('',#2664,#2665);
#2664 = CARTESIAN_POINT('',(1.9,4.6,6.65));
#2665 = VECTOR('',#2666,1.);
#2666 = DIRECTION('',(0.,-1.,0.));
#2667 = ORIENTED_EDGE('',*,*,#2549,.F.);
#2668 = ORIENTED_EDGE('',*,*,#2609,.T.);
#2669 = CYLINDRICAL_SURFACE('',#2670,0.2);
#2670 = AXIS2_PLACEMENT_3D('',#2671,#2672,#2673);
#2671 = CARTESIAN_POINT('',(1.9,30.74336,6.45));
#2672 = DIRECTION('',(0.,-1.,0.));
#2673 = DIRECTION('',(0.,0.,1.));
#2674 = ADVANCED_FACE('',(#2675),#2779,.T.);
#2675 = FACE_BOUND('',#2676,.F.);
#2676 = EDGE_LOOP('',(#2677,#2688,#2696,#2705,#2713,#2722,#2730,#2739,
    #2747,#2756,#2764,#2773));
#2677 = ORIENTED_EDGE('',*,*,#2678,.F.);
#2678 = EDGE_CURVE('',#2679,#2681,#2683,.T.);
#2679 = VERTEX_POINT('',#2680);
#2680 = CARTESIAN_POINT('',(1.3,-4.4,6.65));
#2681 = VERTEX_POINT('',#2682);
#2682 = CARTESIAN_POINT('',(1.5,-4.6,6.65));
#2683 = CIRCLE('',#2684,0.2);
#2684 = AXIS2_PLACEMENT_3D('',#2685,#2686,#2687);
#2685 = CARTESIAN_POINT('',(1.5,-4.4,6.65));
#2686 = DIRECTION('',(0.,0.,1.));
#2687 = DIRECTION('',(-1.,0.,0.));
#2688 = ORIENTED_EDGE('',*,*,#2689,.F.);
#2689 = EDGE_CURVE('',#2690,#2679,#2692,.T.);
#2690 = VERTEX_POINT('',#2691);
#2691 = CARTESIAN_POINT('',(1.3,-3.55,6.65));
#2692 = LINE('',#2693,#2694);
#2693 = CARTESIAN_POINT('',(1.3,-3.55,6.65));
#2694 = VECTOR('',#2695,1.);
#2695 = DIRECTION('',(0.,-1.,0.));
#2696 = ORIENTED_EDGE('',*,*,#2697,.F.);
#2697 = EDGE_CURVE('',#2698,#2690,#2700,.T.);
#2698 = VERTEX_POINT('',#2699);
#2699 = CARTESIAN_POINT('',(1.5,-3.35,6.65));
#2700 = CIRCLE('',#2701,0.2);
#2701 = AXIS2_PLACEMENT_3D('',#2702,#2703,#2704);
#2702 = CARTESIAN_POINT('',(1.5,-3.55,6.65));
#2703 = DIRECTION('',(0.,-0.,1.));
#2704 = DIRECTION('',(0.,1.,0.));
#2705 = ORIENTED_EDGE('',*,*,#2706,.F.);
#2706 = EDGE_CURVE('',#2707,#2698,#2709,.T.);
#2707 = VERTEX_POINT('',#2708);
#2708 = CARTESIAN_POINT('',(2.4,-3.35,6.65));
#2709 = LINE('',#2710,#2711);
#2710 = CARTESIAN_POINT('',(2.4,-3.35,6.65));
#2711 = VECTOR('',#2712,1.);
#2712 = DIRECTION('',(-1.,0.,0.));
#2713 = ORIENTED_EDGE('',*,*,#2714,.F.);
#2714 = EDGE_CURVE('',#2715,#2707,#2717,.T.);
#2715 = VERTEX_POINT('',#2716);
#2716 = CARTESIAN_POINT('',(2.6,-3.15,6.65));
#2717 = CIRCLE('',#2718,0.2);
#2718 = AXIS2_PLACEMENT_3D('',#2719,#2720,#2721);
#2719 = CARTESIAN_POINT('',(2.4,-3.15,6.65));
#2720 = DIRECTION('',(0.,0.,-1.));
#2721 = DIRECTION('',(1.,0.,0.));
#2722 = ORIENTED_EDGE('',*,*,#2723,.F.);
#2723 = EDGE_CURVE('',#2724,#2715,#2726,.T.);
#2724 = VERTEX_POINT('',#2725);
#2725 = CARTESIAN_POINT('',(2.6,-2.3,6.65));
#2726 = LINE('',#2727,#2728);
#2727 = CARTESIAN_POINT('',(2.6,-2.3,6.65));
#2728 = VECTOR('',#2729,1.);
#2729 = DIRECTION('',(0.,-1.,0.));
#2730 = ORIENTED_EDGE('',*,*,#2731,.F.);
#2731 = EDGE_CURVE('',#2732,#2724,#2734,.T.);
#2732 = VERTEX_POINT('',#2733);
#2733 = CARTESIAN_POINT('',(2.8,-2.1,6.65));
#2734 = CIRCLE('',#2735,0.2);
#2735 = AXIS2_PLACEMENT_3D('',#2736,#2737,#2738);
#2736 = CARTESIAN_POINT('',(2.8,-2.3,6.65));
#2737 = DIRECTION('',(0.,-0.,1.));
#2738 = DIRECTION('',(0.,1.,0.));
#2739 = ORIENTED_EDGE('',*,*,#2740,.F.);
#2740 = EDGE_CURVE('',#2741,#2732,#2743,.T.);
#2741 = VERTEX_POINT('',#2742);
#2742 = CARTESIAN_POINT('',(3.2,-2.1,6.65));
#2743 = LINE('',#2744,#2745);
#2744 = CARTESIAN_POINT('',(3.2,-2.1,6.65));
#2745 = VECTOR('',#2746,1.);
#2746 = DIRECTION('',(-1.,0.,0.));
#2747 = ORIENTED_EDGE('',*,*,#2748,.F.);
#2748 = EDGE_CURVE('',#2749,#2741,#2751,.T.);
#2749 = VERTEX_POINT('',#2750);
#2750 = CARTESIAN_POINT('',(3.4,-2.3,6.65));
#2751 = CIRCLE('',#2752,0.2);
#2752 = AXIS2_PLACEMENT_3D('',#2753,#2754,#2755);
#2753 = CARTESIAN_POINT('',(3.2,-2.3,6.65));
#2754 = DIRECTION('',(0.,0.,1.));
#2755 = DIRECTION('',(1.,0.,-0.));
#2756 = ORIENTED_EDGE('',*,*,#2757,.F.);
#2757 = EDGE_CURVE('',#2758,#2749,#2760,.T.);
#2758 = VERTEX_POINT('',#2759);
#2759 = CARTESIAN_POINT('',(3.4,-4.4,6.65));
#2760 = LINE('',#2761,#2762);
#2761 = CARTESIAN_POINT('',(3.4,-4.4,6.65));
#2762 = VECTOR('',#2763,1.);
#2763 = DIRECTION('',(0.,1.,0.));
#2764 = ORIENTED_EDGE('',*,*,#2765,.F.);
#2765 = EDGE_CURVE('',#2766,#2758,#2768,.T.);
#2766 = VERTEX_POINT('',#2767);
#2767 = CARTESIAN_POINT('',(3.2,-4.6,6.65));
#2768 = CIRCLE('',#2769,0.2);
#2769 = AXIS2_PLACEMENT_3D('',#2770,#2771,#2772);
#2770 = CARTESIAN_POINT('',(3.2,-4.4,6.65));
#2771 = DIRECTION('',(0.,0.,1.));
#2772 = DIRECTION('',(0.,-1.,0.));
#2773 = ORIENTED_EDGE('',*,*,#2774,.F.);
#2774 = EDGE_CURVE('',#2681,#2766,#2775,.T.);
#2775 = LINE('',#2776,#2777);
#2776 = CARTESIAN_POINT('',(1.5,-4.6,6.65));
#2777 = VECTOR('',#2778,1.);
#2778 = DIRECTION('',(1.,0.,0.));
#2779 = PLANE('',#2780);
#2780 = AXIS2_PLACEMENT_3D('',#2781,#2782,#2783);
#2781 = CARTESIAN_POINT('',(0.,0.,6.65));
#2782 = DIRECTION('',(0.,0.,1.));
#2783 = DIRECTION('',(0.,-1.,0.));
#2784 = ADVANCED_FACE('',(#2785),#2837,.T.);
#2785 = FACE_BOUND('',#2786,.F.);
#2786 = EDGE_LOOP('',(#2787,#2788,#2789,#2798,#2806,#2814,#2822,#2831));
#2787 = ORIENTED_EDGE('',*,*,#2662,.F.);
#2788 = ORIENTED_EDGE('',*,*,#2535,.F.);
#2789 = ORIENTED_EDGE('',*,*,#2790,.F.);
#2790 = EDGE_CURVE('',#2791,#2528,#2793,.T.);
#2791 = VERTEX_POINT('',#2792);
#2792 = CARTESIAN_POINT('',(3.4,4.4,6.65));
#2793 = CIRCLE('',#2794,0.2);
#2794 = AXIS2_PLACEMENT_3D('',#2795,#2796,#2797);
#2795 = CARTESIAN_POINT('',(3.2,4.4,6.65));
#2796 = DIRECTION('',(0.,0.,1.));
#2797 = DIRECTION('',(1.,0.,-0.));
#2798 = ORIENTED_EDGE('',*,*,#2799,.F.);
#2799 = EDGE_CURVE('',#2800,#2791,#2802,.T.);
#2800 = VERTEX_POINT('',#2801);
#2801 = CARTESIAN_POINT('',(3.4,2.3,6.65));
#2802 = LINE('',#2803,#2804);
#2803 = CARTESIAN_POINT('',(3.4,2.3,6.65));
#2804 = VECTOR('',#2805,1.);
#2805 = DIRECTION('',(0.,1.,0.));
#2806 = ORIENTED_EDGE('',*,*,#2807,.F.);
#2807 = EDGE_CURVE('',#2808,#2800,#2810,.T.);
#2808 = VERTEX_POINT('',#2809);
#2809 = CARTESIAN_POINT('',(2.6,2.3,6.65));
#2810 = LINE('',#2811,#2812);
#2811 = CARTESIAN_POINT('',(2.6,2.3,6.65));
#2812 = VECTOR('',#2813,1.);
#2813 = DIRECTION('',(1.,0.,0.));
#2814 = ORIENTED_EDGE('',*,*,#2815,.F.);
#2815 = EDGE_CURVE('',#2816,#2808,#2818,.T.);
#2816 = VERTEX_POINT('',#2817);
#2817 = CARTESIAN_POINT('',(2.6,3.15,6.65));
#2818 = LINE('',#2819,#2820);
#2819 = CARTESIAN_POINT('',(2.6,3.15,6.65));
#2820 = VECTOR('',#2821,1.);
#2821 = DIRECTION('',(0.,-1.,0.));
#2822 = ORIENTED_EDGE('',*,*,#2823,.F.);
#2823 = EDGE_CURVE('',#2824,#2816,#2826,.T.);
#2824 = VERTEX_POINT('',#2825);
#2825 = CARTESIAN_POINT('',(2.4,3.35,6.65));
#2826 = CIRCLE('',#2827,0.2);
#2827 = AXIS2_PLACEMENT_3D('',#2828,#2829,#2830);
#2828 = CARTESIAN_POINT('',(2.4,3.15,6.65));
#2829 = DIRECTION('',(0.,0.,-1.));
#2830 = DIRECTION('',(0.,1.,0.));
#2831 = ORIENTED_EDGE('',*,*,#2832,.F.);
#2832 = EDGE_CURVE('',#2633,#2824,#2833,.T.);
#2833 = LINE('',#2834,#2835);
#2834 = CARTESIAN_POINT('',(1.9,3.35,6.65));
#2835 = VECTOR('',#2836,1.);
#2836 = DIRECTION('',(1.,0.,0.));
#2837 = PLANE('',#2838);
#2838 = AXIS2_PLACEMENT_3D('',#2839,#2840,#2841);
#2839 = CARTESIAN_POINT('',(0.,0.,6.65));
#2840 = DIRECTION('',(0.,0.,1.));
#2841 = DIRECTION('',(0.,-1.,0.));
#2842 = ADVANCED_FACE('',(#2843),#2893,.T.);
#2843 = FACE_BOUND('',#2844,.F.);
#2844 = EDGE_LOOP('',(#2845,#2853,#2861,#2870,#2878,#2884,#2885,#2892));
#2845 = ORIENTED_EDGE('',*,*,#2846,.F.);
#2846 = EDGE_CURVE('',#2847,#2432,#2849,.T.);
#2847 = VERTEX_POINT('',#2848);
#2848 = CARTESIAN_POINT('',(-1.9,3.35,6.65));
#2849 = LINE('',#2850,#2851);
#2850 = CARTESIAN_POINT('',(-1.9,3.35,6.65));
#2851 = VECTOR('',#2852,1.);
#2852 = DIRECTION('',(0.,1.,0.));
#2853 = ORIENTED_EDGE('',*,*,#2854,.F.);
#2854 = EDGE_CURVE('',#2855,#2847,#2857,.T.);
#2855 = VERTEX_POINT('',#2856);
#2856 = CARTESIAN_POINT('',(-2.4,3.35,6.65));
#2857 = LINE('',#2858,#2859);
#2858 = CARTESIAN_POINT('',(-2.4,3.35,6.65));
#2859 = VECTOR('',#2860,1.);
#2860 = DIRECTION('',(1.,0.,0.));
#2861 = ORIENTED_EDGE('',*,*,#2862,.F.);
#2862 = EDGE_CURVE('',#2863,#2855,#2865,.T.);
#2863 = VERTEX_POINT('',#2864);
#2864 = CARTESIAN_POINT('',(-2.6,3.15,6.65));
#2865 = CIRCLE('',#2866,0.2);
#2866 = AXIS2_PLACEMENT_3D('',#2867,#2868,#2869);
#2867 = CARTESIAN_POINT('',(-2.4,3.15,6.65));
#2868 = DIRECTION('',(0.,0.,-1.));
#2869 = DIRECTION('',(-1.,0.,0.));
#2870 = ORIENTED_EDGE('',*,*,#2871,.F.);
#2871 = EDGE_CURVE('',#2872,#2863,#2874,.T.);
#2872 = VERTEX_POINT('',#2873);
#2873 = CARTESIAN_POINT('',(-2.6,2.3,6.65));
#2874 = LINE('',#2875,#2876);
#2875 = CARTESIAN_POINT('',(-2.6,2.3,6.65));
#2876 = VECTOR('',#2877,1.);
#2877 = DIRECTION('',(0.,1.,0.));
#2878 = ORIENTED_EDGE('',*,*,#2879,.F.);
#2879 = EDGE_CURVE('',#757,#2872,#2880,.T.);
#2880 = LINE('',#2881,#2882);
#2881 = CARTESIAN_POINT('',(-3.4,2.3,6.65));
#2882 = VECTOR('',#2883,1.);
#2883 = DIRECTION('',(1.,0.,0.));
#2884 = ORIENTED_EDGE('',*,*,#764,.F.);
#2885 = ORIENTED_EDGE('',*,*,#2886,.F.);
#2886 = EDGE_CURVE('',#2440,#765,#2887,.T.);
#2887 = CIRCLE('',#2888,0.2);
#2888 = AXIS2_PLACEMENT_3D('',#2889,#2890,#2891);
#2889 = CARTESIAN_POINT('',(-3.2,4.4,6.65));
#2890 = DIRECTION('',(0.,-0.,1.));
#2891 = DIRECTION('',(0.,1.,0.));
#2892 = ORIENTED_EDGE('',*,*,#2439,.F.);
#2893 = PLANE('',#2894);
#2894 = AXIS2_PLACEMENT_3D('',#2895,#2896,#2897);
#2895 = CARTESIAN_POINT('',(0.,0.,6.65));
#2896 = DIRECTION('',(0.,0.,1.));
#2897 = DIRECTION('',(0.,-1.,0.));
#2898 = ADVANCED_FACE('',(#2899),#2958,.T.);
#2899 = FACE_BOUND('',#2900,.F.);
#2900 = EDGE_LOOP('',(#2901,#2911,#2920,#2928,#2936,#2944,#2951,#2952));
#2901 = ORIENTED_EDGE('',*,*,#2902,.F.);
#2902 = EDGE_CURVE('',#2903,#2905,#2907,.T.);
#2903 = VERTEX_POINT('',#2904);
#2904 = CARTESIAN_POINT('',(-2.6,-3.15,6.65));
#2905 = VERTEX_POINT('',#2906);
#2906 = CARTESIAN_POINT('',(-2.6,-2.3,6.65));
#2907 = LINE('',#2908,#2909);
#2908 = CARTESIAN_POINT('',(-2.6,-3.15,6.65));
#2909 = VECTOR('',#2910,1.);
#2910 = DIRECTION('',(0.,1.,0.));
#2911 = ORIENTED_EDGE('',*,*,#2912,.F.);
#2912 = EDGE_CURVE('',#2913,#2903,#2915,.T.);
#2913 = VERTEX_POINT('',#2914);
#2914 = CARTESIAN_POINT('',(-2.4,-3.35,6.65));
#2915 = CIRCLE('',#2916,0.2);
#2916 = AXIS2_PLACEMENT_3D('',#2917,#2918,#2919);
#2917 = CARTESIAN_POINT('',(-2.4,-3.15,6.65));
#2918 = DIRECTION('',(0.,0.,-1.));
#2919 = DIRECTION('',(0.,-1.,0.));
#2920 = ORIENTED_EDGE('',*,*,#2921,.F.);
#2921 = EDGE_CURVE('',#2922,#2913,#2924,.T.);
#2922 = VERTEX_POINT('',#2923);
#2923 = CARTESIAN_POINT('',(-1.5,-3.35,6.65));
#2924 = LINE('',#2925,#2926);
#2925 = CARTESIAN_POINT('',(-1.5,-3.35,6.65));
#2926 = VECTOR('',#2927,1.);
#2927 = DIRECTION('',(-1.,0.,0.));
#2928 = ORIENTED_EDGE('',*,*,#2929,.F.);
#2929 = EDGE_CURVE('',#2930,#2922,#2932,.T.);
#2930 = VERTEX_POINT('',#2931);
#2931 = CARTESIAN_POINT('',(-1.5,-4.6,6.65));
#2932 = LINE('',#2933,#2934);
#2933 = CARTESIAN_POINT('',(-1.5,-4.6,6.65));
#2934 = VECTOR('',#2935,1.);
#2935 = DIRECTION('',(0.,1.,0.));
#2936 = ORIENTED_EDGE('',*,*,#2937,.F.);
#2937 = EDGE_CURVE('',#2938,#2930,#2940,.T.);
#2938 = VERTEX_POINT('',#2939);
#2939 = CARTESIAN_POINT('',(-3.2,-4.6,6.65));
#2940 = LINE('',#2941,#2942);
#2941 = CARTESIAN_POINT('',(-3.2,-4.6,6.65));
#2942 = VECTOR('',#2943,1.);
#2943 = DIRECTION('',(1.,0.,0.));
#2944 = ORIENTED_EDGE('',*,*,#2945,.F.);
#2945 = EDGE_CURVE('',#707,#2938,#2946,.T.);
#2946 = CIRCLE('',#2947,0.2);
#2947 = AXIS2_PLACEMENT_3D('',#2948,#2949,#2950);
#2948 = CARTESIAN_POINT('',(-3.2,-4.4,6.65));
#2949 = DIRECTION('',(0.,0.,1.));
#2950 = DIRECTION('',(-1.,0.,0.));
#2951 = ORIENTED_EDGE('',*,*,#714,.F.);
#2952 = ORIENTED_EDGE('',*,*,#2953,.F.);
#2953 = EDGE_CURVE('',#2905,#715,#2954,.T.);
#2954 = LINE('',#2955,#2956);
#2955 = CARTESIAN_POINT('',(-2.6,-2.3,6.65));
#2956 = VECTOR('',#2957,1.);
#2957 = DIRECTION('',(-1.,0.,0.));
#2958 = PLANE('',#2959);
#2959 = AXIS2_PLACEMENT_3D('',#2960,#2961,#2962);
#2960 = CARTESIAN_POINT('',(0.,0.,6.65));
#2961 = DIRECTION('',(0.,0.,1.));
#2962 = DIRECTION('',(0.,-1.,0.));
#2963 = ADVANCED_FACE('',(#2964),#2995,.T.);
#2964 = FACE_BOUND('',#2965,.T.);
#2965 = EDGE_LOOP('',(#2966,#2974,#2988,#2994));
#2966 = ORIENTED_EDGE('',*,*,#2967,.T.);
#2967 = EDGE_CURVE('',#2679,#2968,#2970,.T.);
#2968 = VERTEX_POINT('',#2969);
#2969 = CARTESIAN_POINT('',(1.3,-4.4,2.4));
#2970 = LINE('',#2971,#2972);
#2971 = CARTESIAN_POINT('',(1.3,-4.4,6.65));
#2972 = VECTOR('',#2973,1.);
#2973 = DIRECTION('',(0.,0.,-1.));
#2974 = ORIENTED_EDGE('',*,*,#2975,.T.);
#2975 = EDGE_CURVE('',#2968,#2976,#2978,.T.);
#2976 = VERTEX_POINT('',#2977);
#2977 = CARTESIAN_POINT('',(1.5,-4.6,2.2));
#2978 = B_SPLINE_CURVE_WITH_KNOTS('',3,(#2979,#2980,#2981,#2982,#2983,
    #2984,#2985,#2986,#2987),.UNSPECIFIED.,.F.,.F.,(4,1,1,1,1,1,4),(0.,
    0.166666666667,0.333333333333,0.5,0.666666666667,0.833333333333,1.),
  .UNSPECIFIED.);
#2979 = CARTESIAN_POINT('',(1.3,-4.4,2.4));
#2980 = CARTESIAN_POINT('',(1.3,-4.415524886837,2.4));
#2981 = CARTESIAN_POINT('',(1.303584212445,-4.447306703926,
    2.396415787555));
#2982 = CARTESIAN_POINT('',(1.321485714105,-4.494890904394,
    2.378514285895));
#2983 = CARTESIAN_POINT('',(1.351194837993,-4.536982426467,
    2.348805162007));
#2984 = CARTESIAN_POINT('',(1.391920235212,-4.571060730683,
    2.308079764788));
#2985 = CARTESIAN_POINT('',(1.441004615147,-4.593785433995,
    2.258995384853));
#2986 = CARTESIAN_POINT('',(1.479649082989,-4.6,2.220350917011));
#2987 = CARTESIAN_POINT('',(1.5,-4.6,2.2));
#2988 = ORIENTED_EDGE('',*,*,#2989,.F.);
#2989 = EDGE_CURVE('',#2681,#2976,#2990,.T.);
#2990 = LINE('',#2991,#2992);
#2991 = CARTESIAN_POINT('',(1.5,-4.6,6.65));
#2992 = VECTOR('',#2993,1.);
#2993 = DIRECTION('',(0.,0.,-1.));
#2994 = ORIENTED_EDGE('',*,*,#2678,.F.);
#2995 = CYLINDRICAL_SURFACE('',#2996,0.2);
#2996 = AXIS2_PLACEMENT_3D('',#2997,#2998,#2999);
#2997 = CARTESIAN_POINT('',(1.5,-4.4,21.57622));
#2998 = DIRECTION('',(0.,0.,-1.));
#2999 = DIRECTION('',(0.,-1.,0.));
#3000 = ADVANCED_FACE('',(#3001),#3080,.T.);
#3001 = FACE_BOUND('',#3002,.F.);
#3002 = EDGE_LOOP('',(#3003,#3013,#3024,#3032,#3038,#3039,#3047,#3053,
    #3054,#3055,#3063,#3071));
#3003 = ORIENTED_EDGE('',*,*,#3004,.T.);
#3004 = EDGE_CURVE('',#3005,#3007,#3009,.T.);
#3005 = VERTEX_POINT('',#3006);
#3006 = CARTESIAN_POINT('',(1.337906909525,-4.6,1.6));
#3007 = VERTEX_POINT('',#3008);
#3008 = CARTESIAN_POINT('',(-1.337906909525,-4.6,1.6));
#3009 = LINE('',#3010,#3011);
#3010 = CARTESIAN_POINT('',(1.337906909525,-4.6,1.6));
#3011 = VECTOR('',#3012,1.);
#3012 = DIRECTION('',(-1.,0.,0.));
#3013 = ORIENTED_EDGE('',*,*,#3014,.T.);
#3014 = EDGE_CURVE('',#3007,#3015,#3017,.T.);
#3015 = VERTEX_POINT('',#3016);
#3016 = CARTESIAN_POINT('',(-1.5,-4.6,1.8));
#3017 = B_SPLINE_CURVE_WITH_KNOTS('',3,(#3018,#3019,#3020,#3021,#3022,
    #3023),.UNSPECIFIED.,.F.,.F.,(4,1,1,4),(0.,0.333333333333,
    0.666666666667,1.),.UNSPECIFIED.);
#3018 = CARTESIAN_POINT('',(-1.337906909525,-4.6,1.6));
#3019 = CARTESIAN_POINT('',(-1.349455575716,-4.6,1.622596543955));
#3020 = CARTESIAN_POINT('',(-1.37747839977,-4.6,1.667195035066));
#3021 = CARTESIAN_POINT('',(-1.433512172657,-4.6,1.733398483138));
#3022 = CARTESIAN_POINT('',(-1.477229188547,-4.6,1.777229188547));
#3023 = CARTESIAN_POINT('',(-1.5,-4.6,1.8));
#3024 = ORIENTED_EDGE('',*,*,#3025,.F.);
#3025 = EDGE_CURVE('',#3026,#3015,#3028,.T.);
#3026 = VERTEX_POINT('',#3027);
#3027 = CARTESIAN_POINT('',(-3.2,-4.6,1.8));
#3028 = LINE('',#3029,#3030);
#3029 = CARTESIAN_POINT('',(-3.2,-4.6,1.8));
#3030 = VECTOR('',#3031,1.);
#3031 = DIRECTION('',(1.,0.,0.));
#3032 = ORIENTED_EDGE('',*,*,#3033,.F.);
#3033 = EDGE_CURVE('',#2938,#3026,#3034,.T.);
#3034 = LINE('',#3035,#3036);
#3035 = CARTESIAN_POINT('',(-3.2,-4.6,6.65));
#3036 = VECTOR('',#3037,1.);
#3037 = DIRECTION('',(0.,0.,-1.));
#3038 = ORIENTED_EDGE('',*,*,#2937,.T.);
#3039 = ORIENTED_EDGE('',*,*,#3040,.T.);
#3040 = EDGE_CURVE('',#2930,#3041,#3043,.T.);
#3041 = VERTEX_POINT('',#3042);
#3042 = CARTESIAN_POINT('',(-1.5,-4.6,2.2));
#3043 = LINE('',#3044,#3045);
#3044 = CARTESIAN_POINT('',(-1.5,-4.6,6.65));
#3045 = VECTOR('',#3046,1.);
#3046 = DIRECTION('',(0.,0.,-1.));
#3047 = ORIENTED_EDGE('',*,*,#3048,.T.);
#3048 = EDGE_CURVE('',#3041,#2976,#3049,.T.);
#3049 = LINE('',#3050,#3051);
#3050 = CARTESIAN_POINT('',(-1.5,-4.6,2.2));
#3051 = VECTOR('',#3052,1.);
#3052 = DIRECTION('',(1.,0.,0.));
#3053 = ORIENTED_EDGE('',*,*,#2989,.F.);
#3054 = ORIENTED_EDGE('',*,*,#2774,.T.);
#3055 = ORIENTED_EDGE('',*,*,#3056,.T.);
#3056 = EDGE_CURVE('',#2766,#3057,#3059,.T.);
#3057 = VERTEX_POINT('',#3058);
#3058 = CARTESIAN_POINT('',(3.2,-4.6,1.8));
#3059 = LINE('',#3060,#3061);
#3060 = CARTESIAN_POINT('',(3.2,-4.6,6.65));
#3061 = VECTOR('',#3062,1.);
#3062 = DIRECTION('',(0.,0.,-1.));
#3063 = ORIENTED_EDGE('',*,*,#3064,.F.);
#3064 = EDGE_CURVE('',#3065,#3057,#3067,.T.);
#3065 = VERTEX_POINT('',#3066);
#3066 = CARTESIAN_POINT('',(1.5,-4.6,1.8));
#3067 = LINE('',#3068,#3069);
#3068 = CARTESIAN_POINT('',(1.5,-4.6,1.8));
#3069 = VECTOR('',#3070,1.);
#3070 = DIRECTION('',(1.,0.,0.));
#3071 = ORIENTED_EDGE('',*,*,#3072,.T.);
#3072 = EDGE_CURVE('',#3065,#3005,#3073,.T.);
#3073 = B_SPLINE_CURVE_WITH_KNOTS('',3,(#3074,#3075,#3076,#3077,#3078,
    #3079),.UNSPECIFIED.,.F.,.F.,(4,1,1,4),(0.,0.333333333333,
    0.666666666667,1.),.UNSPECIFIED.);
#3074 = CARTESIAN_POINT('',(1.5,-4.6,1.8));
#3075 = CARTESIAN_POINT('',(1.477230446916,-4.6,1.777230446916));
#3076 = CARTESIAN_POINT('',(1.43351497375,-4.6,1.733401499466));
#3077 = CARTESIAN_POINT('',(1.377478496738,-4.6,1.667195376649));
#3078 = CARTESIAN_POINT('',(1.349455635765,-4.6,1.622596661448));
#3079 = CARTESIAN_POINT('',(1.337906909525,-4.6,1.6));
#3080 = PLANE('',#3081);
#3081 = AXIS2_PLACEMENT_3D('',#3082,#3083,#3084);
#3082 = CARTESIAN_POINT('',(-3.4,-4.6,1.6));
#3083 = DIRECTION('',(0.,-1.,0.));
#3084 = DIRECTION('',(1.,0.,0.));
#3085 = ADVANCED_FACE('',(#3086),#3125,.T.);
#3086 = FACE_BOUND('',#3087,.T.);
#3087 = EDGE_LOOP('',(#3088,#3099,#3108,#3114,#3115,#3124));
#3088 = ORIENTED_EDGE('',*,*,#3089,.F.);
#3089 = EDGE_CURVE('',#3090,#3007,#3092,.T.);
#3090 = VERTEX_POINT('',#3091);
#3091 = CARTESIAN_POINT('',(-1.3,-4.56,1.48));
#3092 = B_SPLINE_CURVE_WITH_KNOTS('',3,(#3093,#3094,#3095,#3096,#3097,
    #3098),.UNSPECIFIED.,.F.,.F.,(4,1,1,4),(0.,0.333333333333,
    0.666666666667,1.),.UNSPECIFIED.);
#3093 = CARTESIAN_POINT('',(-1.3,-4.56,1.48));
#3094 = CARTESIAN_POINT('',(-1.3,-4.568850865236,1.491801153648));
#3095 = CARTESIAN_POINT('',(-1.303214323201,-4.583803100488,
    1.517081469021));
#3096 = CARTESIAN_POINT('',(-1.317600650873,-4.597345732866,
    1.559247632765));
#3097 = CARTESIAN_POINT('',(-1.330937833914,-4.6,1.586364050986));
#3098 = CARTESIAN_POINT('',(-1.337906909525,-4.6,1.6));
#3099 = ORIENTED_EDGE('',*,*,#3100,.F.);
#3100 = EDGE_CURVE('',#3101,#3090,#3103,.T.);
#3101 = VERTEX_POINT('',#3102);
#3102 = CARTESIAN_POINT('',(-1.3,-4.4,1.4));
#3103 = CIRCLE('',#3104,0.2);
#3104 = AXIS2_PLACEMENT_3D('',#3105,#3106,#3107);
#3105 = CARTESIAN_POINT('',(-1.3,-4.4,1.6));
#3106 = DIRECTION('',(-1.,0.,0.));
#3107 = DIRECTION('',(0.,0.,-1.));
#3108 = ORIENTED_EDGE('',*,*,#3109,.F.);
#3109 = EDGE_CURVE('',#2342,#3101,#3110,.T.);
#3110 = LINE('',#3111,#3112);
#3111 = CARTESIAN_POINT('',(1.3,-4.4,1.4));
#3112 = VECTOR('',#3113,1.);
#3113 = DIRECTION('',(-1.,0.,0.));
#3114 = ORIENTED_EDGE('',*,*,#2349,.F.);
#3115 = ORIENTED_EDGE('',*,*,#3116,.F.);
#3116 = EDGE_CURVE('',#3005,#2350,#3117,.T.);
#3117 = B_SPLINE_CURVE_WITH_KNOTS('',3,(#3118,#3119,#3120,#3121,#3122,
    #3123),.UNSPECIFIED.,.F.,.F.,(4,1,1,4),(0.,0.333333333333,
    0.666666666667,1.),.UNSPECIFIED.);
#3118 = CARTESIAN_POINT('',(1.337906909525,-4.6,1.6));
#3119 = CARTESIAN_POINT('',(1.330918466378,-4.6,1.586326155754));
#3120 = CARTESIAN_POINT('',(1.317563543019,-4.597324974209,
    1.559157644232));
#3121 = CARTESIAN_POINT('',(1.303219237676,-4.583798181438,
    1.517083196607));
#3122 = CARTESIAN_POINT('',(1.3,-4.568851067843,1.491801423791));
#3123 = CARTESIAN_POINT('',(1.3,-4.56,1.48));
#3124 = ORIENTED_EDGE('',*,*,#3004,.T.);
#3125 = CYLINDRICAL_SURFACE('',#3126,0.2);
#3126 = AXIS2_PLACEMENT_3D('',#3127,#3128,#3129);
#3127 = CARTESIAN_POINT('',(15.15024,-4.4,1.6));
#3128 = DIRECTION('',(-1.,0.,0.));
#3129 = DIRECTION('',(0.,0.,-1.));
#3130 = ADVANCED_FACE('',(#3131),#3152,.T.);
#3131 = FACE_BOUND('',#3132,.T.);
#3132 = EDGE_LOOP('',(#3133,#3142,#3149,#3150,#3151));
#3133 = ORIENTED_EDGE('',*,*,#3134,.T.);
#3134 = EDGE_CURVE('',#2359,#3135,#3137,.T.);
#3135 = VERTEX_POINT('',#3136);
#3136 = CARTESIAN_POINT('',(1.5,-4.8,1.6));
#3137 = CIRCLE('',#3138,0.2);
#3138 = AXIS2_PLACEMENT_3D('',#3139,#3140,#3141);
#3139 = CARTESIAN_POINT('',(1.5,-4.8,1.4));
#3140 = DIRECTION('',(0.,1.,0.));
#3141 = DIRECTION('',(-1.,0.,0.));
#3142 = ORIENTED_EDGE('',*,*,#3143,.T.);
#3143 = EDGE_CURVE('',#3135,#3065,#3144,.T.);
#3144 = CIRCLE('',#3145,0.2);
#3145 = AXIS2_PLACEMENT_3D('',#3146,#3147,#3148);
#3146 = CARTESIAN_POINT('',(1.5,-4.8,1.8));
#3147 = DIRECTION('',(1.,0.,0.));
#3148 = DIRECTION('',(0.,0.,-1.));
#3149 = ORIENTED_EDGE('',*,*,#3072,.T.);
#3150 = ORIENTED_EDGE('',*,*,#3116,.T.);
#3151 = ORIENTED_EDGE('',*,*,#2358,.T.);
#3152 = TOROIDAL_SURFACE('',#3153,0.4,0.2);
#3153 = AXIS2_PLACEMENT_3D('',#3154,#3155,#3156);
#3154 = CARTESIAN_POINT('',(1.5,-4.8,1.8));
#3155 = DIRECTION('',(1.,0.,0.));
#3156 = DIRECTION('',(0.,-0.706337221209,0.707875504545));
#3157 = ADVANCED_FACE('',(#3158),#3177,.F.);
#3158 = FACE_BOUND('',#3159,.F.);
#3159 = EDGE_LOOP('',(#3160,#3168,#3169,#3170));
#3160 = ORIENTED_EDGE('',*,*,#3161,.F.);
#3161 = EDGE_CURVE('',#3135,#3162,#3164,.T.);
#3162 = VERTEX_POINT('',#3163);
#3163 = CARTESIAN_POINT('',(3.2,-4.8,1.6));
#3164 = LINE('',#3165,#3166);
#3165 = CARTESIAN_POINT('',(1.5,-4.8,1.6));
#3166 = VECTOR('',#3167,1.);
#3167 = DIRECTION('',(1.,0.,0.));
#3168 = ORIENTED_EDGE('',*,*,#3143,.T.);
#3169 = ORIENTED_EDGE('',*,*,#3064,.T.);
#3170 = ORIENTED_EDGE('',*,*,#3171,.T.);
#3171 = EDGE_CURVE('',#3057,#3162,#3172,.T.);
#3172 = CIRCLE('',#3173,0.2);
#3173 = AXIS2_PLACEMENT_3D('',#3174,#3175,#3176);
#3174 = CARTESIAN_POINT('',(3.2,-4.8,1.8));
#3175 = DIRECTION('',(-1.,0.,0.));
#3176 = DIRECTION('',(0.,1.,0.));
#3177 = CYLINDRICAL_SURFACE('',#3178,0.2);
#3178 = AXIS2_PLACEMENT_3D('',#3179,#3180,#3181);
#3179 = CARTESIAN_POINT('',(-15.15024,-4.8,1.8));
#3180 = DIRECTION('',(1.,0.,0.));
#3181 = DIRECTION('',(0.,0.,-1.));
#3182 = ADVANCED_FACE('',(#3183),#3249,.T.);
#3183 = FACE_BOUND('',#3184,.F.);
#3184 = EDGE_LOOP('',(#3185,#3195,#3203,#3211,#3219,#3227,#3235,#3243));
#3185 = ORIENTED_EDGE('',*,*,#3186,.F.);
#3186 = EDGE_CURVE('',#3187,#3189,#3191,.T.);
#3187 = VERTEX_POINT('',#3188);
#3188 = CARTESIAN_POINT('',(-3.2,7.4,1.6));
#3189 = VERTEX_POINT('',#3190);
#3190 = CARTESIAN_POINT('',(-3.2,4.8,1.6));
#3191 = LINE('',#3192,#3193);
#3192 = CARTESIAN_POINT('',(-3.2,7.4,1.6));
#3193 = VECTOR('',#3194,1.);
#3194 = DIRECTION('',(0.,-1.,0.));
#3195 = ORIENTED_EDGE('',*,*,#3196,.F.);
#3196 = EDGE_CURVE('',#3197,#3187,#3199,.T.);
#3197 = VERTEX_POINT('',#3198);
#3198 = CARTESIAN_POINT('',(3.2,7.4,1.6));
#3199 = LINE('',#3200,#3201);
#3200 = CARTESIAN_POINT('',(3.2,7.4,1.6));
#3201 = VECTOR('',#3202,1.);
#3202 = DIRECTION('',(-1.,0.,0.));
#3203 = ORIENTED_EDGE('',*,*,#3204,.F.);
#3204 = EDGE_CURVE('',#3205,#3197,#3207,.T.);
#3205 = VERTEX_POINT('',#3206);
#3206 = CARTESIAN_POINT('',(3.2,4.8,1.6));
#3207 = LINE('',#3208,#3209);
#3208 = CARTESIAN_POINT('',(3.2,4.8,1.6));
#3209 = VECTOR('',#3210,1.);
#3210 = DIRECTION('',(0.,1.,0.));
#3211 = ORIENTED_EDGE('',*,*,#3212,.T.);
#3212 = EDGE_CURVE('',#3205,#3213,#3215,.T.);
#3213 = VERTEX_POINT('',#3214);
#3214 = CARTESIAN_POINT('',(1.7,4.8,1.6));
#3215 = LINE('',#3216,#3217);
#3216 = CARTESIAN_POINT('',(3.2,4.8,1.6));
#3217 = VECTOR('',#3218,1.);
#3218 = DIRECTION('',(-1.,0.,0.));
#3219 = ORIENTED_EDGE('',*,*,#3220,.T.);
#3220 = EDGE_CURVE('',#3213,#3221,#3223,.T.);
#3221 = VERTEX_POINT('',#3222);
#3222 = CARTESIAN_POINT('',(1.7,7.,1.6));
#3223 = LINE('',#3224,#3225);
#3224 = CARTESIAN_POINT('',(1.7,4.8,1.6));
#3225 = VECTOR('',#3226,1.);
#3226 = DIRECTION('',(0.,1.,0.));
#3227 = ORIENTED_EDGE('',*,*,#3228,.T.);
#3228 = EDGE_CURVE('',#3221,#3229,#3231,.T.);
#3229 = VERTEX_POINT('',#3230);
#3230 = CARTESIAN_POINT('',(-1.7,7.,1.6));
#3231 = LINE('',#3232,#3233);
#3232 = CARTESIAN_POINT('',(1.7,7.,1.6));
#3233 = VECTOR('',#3234,1.);
#3234 = DIRECTION('',(-1.,0.,0.));
#3235 = ORIENTED_EDGE('',*,*,#3236,.T.);
#3236 = EDGE_CURVE('',#3229,#3237,#3239,.T.);
#3237 = VERTEX_POINT('',#3238);
#3238 = CARTESIAN_POINT('',(-1.7,4.8,1.6));
#3239 = LINE('',#3240,#3241);
#3240 = CARTESIAN_POINT('',(-1.7,7.,1.6));
#3241 = VECTOR('',#3242,1.);
#3242 = DIRECTION('',(0.,-1.,0.));
#3243 = ORIENTED_EDGE('',*,*,#3244,.T.);
#3244 = EDGE_CURVE('',#3237,#3189,#3245,.T.);
#3245 = LINE('',#3246,#3247);
#3246 = CARTESIAN_POINT('',(-1.7,4.8,1.6));
#3247 = VECTOR('',#3248,1.);
#3248 = DIRECTION('',(-1.,0.,0.));
#3249 = PLANE('',#3250);
#3250 = AXIS2_PLACEMENT_3D('',#3251,#3252,#3253);
#3251 = CARTESIAN_POINT('',(0.,0.,1.6));
#3252 = DIRECTION('',(0.,0.,1.));
#3253 = DIRECTION('',(1.,0.,-0.));
#3254 = ADVANCED_FACE('',(#3255),#3305,.T.);
#3255 = FACE_BOUND('',#3256,.F.);
#3256 = EDGE_LOOP('',(#3257,#3267,#3273,#3274,#3282,#3290,#3298));
#3257 = ORIENTED_EDGE('',*,*,#3258,.F.);
#3258 = EDGE_CURVE('',#3259,#3261,#3263,.T.);
#3259 = VERTEX_POINT('',#3260);
#3260 = CARTESIAN_POINT('',(1.5,-5.4,1.6));
#3261 = VERTEX_POINT('',#3262);
#3262 = CARTESIAN_POINT('',(1.6,-5.4,1.6));
#3263 = LINE('',#3264,#3265);
#3264 = CARTESIAN_POINT('',(1.5,-5.4,1.6));
#3265 = VECTOR('',#3266,1.);
#3266 = DIRECTION('',(1.,0.,0.));
#3267 = ORIENTED_EDGE('',*,*,#3268,.F.);
#3268 = EDGE_CURVE('',#3135,#3259,#3269,.T.);
#3269 = LINE('',#3270,#3271);
#3270 = CARTESIAN_POINT('',(1.5,-4.8,1.6));
#3271 = VECTOR('',#3272,1.);
#3272 = DIRECTION('',(0.,-1.,0.));
#3273 = ORIENTED_EDGE('',*,*,#3161,.T.);
#3274 = ORIENTED_EDGE('',*,*,#3275,.F.);
#3275 = EDGE_CURVE('',#3276,#3162,#3278,.T.);
#3276 = VERTEX_POINT('',#3277);
#3277 = CARTESIAN_POINT('',(3.2,-7.4,1.6));
#3278 = LINE('',#3279,#3280);
#3279 = CARTESIAN_POINT('',(3.2,-7.4,1.6));
#3280 = VECTOR('',#3281,1.);
#3281 = DIRECTION('',(0.,1.,0.));
#3282 = ORIENTED_EDGE('',*,*,#3283,.F.);
#3283 = EDGE_CURVE('',#3284,#3276,#3286,.T.);
#3284 = VERTEX_POINT('',#3285);
#3285 = CARTESIAN_POINT('',(2.,-7.4,1.6));
#3286 = LINE('',#3287,#3288);
#3287 = CARTESIAN_POINT('',(2.,-7.4,1.6));
#3288 = VECTOR('',#3289,1.);
#3289 = DIRECTION('',(1.,0.,0.));
#3290 = ORIENTED_EDGE('',*,*,#3291,.F.);
#3291 = EDGE_CURVE('',#3292,#3284,#3294,.T.);
#3292 = VERTEX_POINT('',#3293);
#3293 = CARTESIAN_POINT('',(2.,-5.8,1.6));
#3294 = LINE('',#3295,#3296);
#3295 = CARTESIAN_POINT('',(2.,-5.8,1.6));
#3296 = VECTOR('',#3297,1.);
#3297 = DIRECTION('',(0.,-1.,0.));
#3298 = ORIENTED_EDGE('',*,*,#3299,.F.);
#3299 = EDGE_CURVE('',#3261,#3292,#3300,.T.);
#3300 = CIRCLE('',#3301,0.4);
#3301 = AXIS2_PLACEMENT_3D('',#3302,#3303,#3304);
#3302 = CARTESIAN_POINT('',(1.6,-5.8,1.6));
#3303 = DIRECTION('',(0.,0.,-1.));
#3304 = DIRECTION('',(0.,1.,0.));
#3305 = PLANE('',#3306);
#3306 = AXIS2_PLACEMENT_3D('',#3307,#3308,#3309);
#3307 = CARTESIAN_POINT('',(0.,0.,1.6));
#3308 = DIRECTION('',(0.,0.,1.));
#3309 = DIRECTION('',(1.,0.,-0.));
#3310 = ADVANCED_FACE('',(#3311),#3370,.T.);
#3311 = FACE_BOUND('',#3312,.F.);
#3312 = EDGE_LOOP('',(#3313,#3323,#3332,#3340,#3348,#3356,#3364));
#3313 = ORIENTED_EDGE('',*,*,#3314,.F.);
#3314 = EDGE_CURVE('',#3315,#3317,#3319,.T.);
#3315 = VERTEX_POINT('',#3316);
#3316 = CARTESIAN_POINT('',(-1.6,-5.4,1.6));
#3317 = VERTEX_POINT('',#3318);
#3318 = CARTESIAN_POINT('',(-1.5,-5.4,1.6));
#3319 = LINE('',#3320,#3321);
#3320 = CARTESIAN_POINT('',(-1.6,-5.4,1.6));
#3321 = VECTOR('',#3322,1.);
#3322 = DIRECTION('',(1.,0.,0.));
#3323 = ORIENTED_EDGE('',*,*,#3324,.F.);
#3324 = EDGE_CURVE('',#3325,#3315,#3327,.T.);
#3325 = VERTEX_POINT('',#3326);
#3326 = CARTESIAN_POINT('',(-2.,-5.8,1.6));
#3327 = CIRCLE('',#3328,0.4);
#3328 = AXIS2_PLACEMENT_3D('',#3329,#3330,#3331);
#3329 = CARTESIAN_POINT('',(-1.6,-5.8,1.6));
#3330 = DIRECTION('',(0.,0.,-1.));
#3331 = DIRECTION('',(-1.,0.,0.));
#3332 = ORIENTED_EDGE('',*,*,#3333,.F.);
#3333 = EDGE_CURVE('',#3334,#3325,#3336,.T.);
#3334 = VERTEX_POINT('',#3335);
#3335 = CARTESIAN_POINT('',(-2.,-7.4,1.6));
#3336 = LINE('',#3337,#3338);
#3337 = CARTESIAN_POINT('',(-2.,-7.4,1.6));
#3338 = VECTOR('',#3339,1.);
#3339 = DIRECTION('',(0.,1.,0.));
#3340 = ORIENTED_EDGE('',*,*,#3341,.F.);
#3341 = EDGE_CURVE('',#3342,#3334,#3344,.T.);
#3342 = VERTEX_POINT('',#3343);
#3343 = CARTESIAN_POINT('',(-3.2,-7.4,1.6));
#3344 = LINE('',#3345,#3346);
#3345 = CARTESIAN_POINT('',(-3.2,-7.4,1.6));
#3346 = VECTOR('',#3347,1.);
#3347 = DIRECTION('',(1.,0.,0.));
#3348 = ORIENTED_EDGE('',*,*,#3349,.F.);
#3349 = EDGE_CURVE('',#3350,#3342,#3352,.T.);
#3350 = VERTEX_POINT('',#3351);
#3351 = CARTESIAN_POINT('',(-3.2,-4.8,1.6));
#3352 = LINE('',#3353,#3354);
#3353 = CARTESIAN_POINT('',(-3.2,-4.8,1.6));
#3354 = VECTOR('',#3355,1.);
#3355 = DIRECTION('',(0.,-1.,0.));
#3356 = ORIENTED_EDGE('',*,*,#3357,.T.);
#3357 = EDGE_CURVE('',#3350,#3358,#3360,.T.);
#3358 = VERTEX_POINT('',#3359);
#3359 = CARTESIAN_POINT('',(-1.5,-4.8,1.6));
#3360 = LINE('',#3361,#3362);
#3361 = CARTESIAN_POINT('',(-3.2,-4.8,1.6));
#3362 = VECTOR('',#3363,1.);
#3363 = DIRECTION('',(1.,0.,0.));
#3364 = ORIENTED_EDGE('',*,*,#3365,.F.);
#3365 = EDGE_CURVE('',#3317,#3358,#3366,.T.);
#3366 = LINE('',#3367,#3368);
#3367 = CARTESIAN_POINT('',(-1.5,-5.4,1.6));
#3368 = VECTOR('',#3369,1.);
#3369 = DIRECTION('',(0.,1.,0.));
#3370 = PLANE('',#3371);
#3371 = AXIS2_PLACEMENT_3D('',#3372,#3373,#3374);
#3372 = CARTESIAN_POINT('',(0.,0.,1.6));
#3373 = DIRECTION('',(0.,0.,1.));
#3374 = DIRECTION('',(1.,0.,-0.));
#3375 = ADVANCED_FACE('',(#3376),#3398,.T.);
#3376 = FACE_BOUND('',#3377,.T.);
#3377 = EDGE_LOOP('',(#3378,#3389,#3390,#3397));
#3378 = ORIENTED_EDGE('',*,*,#3379,.F.);
#3379 = EDGE_CURVE('',#790,#3187,#3380,.T.);
#3380 = B_SPLINE_CURVE_WITH_KNOTS('',3,(#3381,#3382,#3383,#3384,#3385,
    #3386,#3387,#3388),.UNSPECIFIED.,.F.,.F.,(4,1,1,1,1,4),(0.,0.2,0.4,
    0.6,0.8,1.),.QUASI_UNIFORM_KNOTS.);
#3381 = CARTESIAN_POINT('',(-3.4,7.317157287525,1.4));
#3382 = CARTESIAN_POINT('',(-3.4,7.326331238459,1.422147876764));
#3383 = CARTESIAN_POINT('',(-3.39263113225,7.344336369632,1.465616108635
    ));
#3384 = CARTESIAN_POINT('',(-3.362096640188,7.368055952699,
    1.522880247768));
#3385 = CARTESIAN_POINT('',(-3.315874356471,7.386326109334,
    1.566988307703));
#3386 = CARTESIAN_POINT('',(-3.260012825839,7.397524436138,1.59402346015
    ));
#3387 = CARTESIAN_POINT('',(-3.219853935167,7.4,1.6));
#3388 = CARTESIAN_POINT('',(-3.2,7.4,1.6));
#3389 = ORIENTED_EDGE('',*,*,#789,.T.);
#3390 = ORIENTED_EDGE('',*,*,#3391,.F.);
#3391 = EDGE_CURVE('',#3189,#781,#3392,.T.);
#3392 = CIRCLE('',#3393,0.2);
#3393 = AXIS2_PLACEMENT_3D('',#3394,#3395,#3396);
#3394 = CARTESIAN_POINT('',(-3.2,4.8,1.4));
#3395 = DIRECTION('',(0.,-1.,0.));
#3396 = DIRECTION('',(-1.110223024625E-14,0.,1.));
#3397 = ORIENTED_EDGE('',*,*,#3186,.F.);
#3398 = CYLINDRICAL_SURFACE('',#3399,0.2);
#3399 = AXIS2_PLACEMENT_3D('',#3400,#3401,#3402);
#3400 = CARTESIAN_POINT('',(-3.2,30.74336,1.4));
#3401 = DIRECTION('',(0.,-1.,0.));
#3402 = DIRECTION('',(0.,0.,1.));
#3403 = ADVANCED_FACE('',(#3404),#3422,.T.);
#3404 = FACE_BOUND('',#3405,.T.);
#3405 = EDGE_LOOP('',(#3406,#3413,#3420,#3421));
#3406 = ORIENTED_EDGE('',*,*,#3407,.T.);
#3407 = EDGE_CURVE('',#773,#2448,#3408,.T.);
#3408 = CIRCLE('',#3409,0.2);
#3409 = AXIS2_PLACEMENT_3D('',#3410,#3411,#3412);
#3410 = CARTESIAN_POINT('',(-3.2,4.4,1.8));
#3411 = DIRECTION('',(0.,0.,-1.));
#3412 = DIRECTION('',(-1.,0.,0.));
#3413 = ORIENTED_EDGE('',*,*,#3414,.T.);
#3414 = EDGE_CURVE('',#2448,#3189,#3415,.T.);
#3415 = CIRCLE('',#3416,0.2);
#3416 = AXIS2_PLACEMENT_3D('',#3417,#3418,#3419);
#3417 = CARTESIAN_POINT('',(-3.2,4.8,1.8));
#3418 = DIRECTION('',(1.,0.,0.));
#3419 = DIRECTION('',(0.,-1.,0.));
#3420 = ORIENTED_EDGE('',*,*,#3391,.T.);
#3421 = ORIENTED_EDGE('',*,*,#780,.F.);
#3422 = TOROIDAL_SURFACE('',#3423,0.4,0.2);
#3423 = AXIS2_PLACEMENT_3D('',#3424,#3425,#3426);
#3424 = CARTESIAN_POINT('',(-3.2,4.8,1.8));
#3425 = DIRECTION('',(-1.,0.,0.));
#3426 = DIRECTION('',(0.,0.,-1.));
#3427 = ADVANCED_FACE('',(#3428),#3440,.F.);
#3428 = FACE_BOUND('',#3429,.F.);
#3429 = EDGE_LOOP('',(#3430,#3431,#3432,#3433));
#3430 = ORIENTED_EDGE('',*,*,#2455,.T.);
#3431 = ORIENTED_EDGE('',*,*,#3414,.T.);
#3432 = ORIENTED_EDGE('',*,*,#3244,.F.);
#3433 = ORIENTED_EDGE('',*,*,#3434,.T.);
#3434 = EDGE_CURVE('',#3237,#2456,#3435,.T.);
#3435 = CIRCLE('',#3436,0.2);
#3436 = AXIS2_PLACEMENT_3D('',#3437,#3438,#3439);
#3437 = CARTESIAN_POINT('',(-1.7,4.8,1.8));
#3438 = DIRECTION('',(-1.,0.,0.));
#3439 = DIRECTION('',(0.,0.,-1.));
#3440 = CYLINDRICAL_SURFACE('',#3441,0.2);
#3441 = AXIS2_PLACEMENT_3D('',#3442,#3443,#3444);
#3442 = CARTESIAN_POINT('',(15.15024,4.8,1.8));
#3443 = DIRECTION('',(-1.,0.,0.));
#3444 = DIRECTION('',(0.,0.,-1.));
#3445 = ADVANCED_FACE('',(#3446),#3495,.F.);
#3446 = FACE_BOUND('',#3447,.F.);
#3447 = EDGE_LOOP('',(#3448,#3449,#3458,#3466,#3474,#3480,#3486,#3487,
    #3488,#3489));
#3448 = ORIENTED_EDGE('',*,*,#195,.T.);
#3449 = ORIENTED_EDGE('',*,*,#3450,.F.);
#3450 = EDGE_CURVE('',#3451,#188,#3453,.T.);
#3451 = VERTEX_POINT('',#3452);
#3452 = CARTESIAN_POINT('',(-1.7,5.5,-0.2));
#3453 = CIRCLE('',#3454,0.2);
#3454 = AXIS2_PLACEMENT_3D('',#3455,#3456,#3457);
#3455 = CARTESIAN_POINT('',(-1.7,5.7,-0.2));
#3456 = DIRECTION('',(-1.,0.,0.));
#3457 = DIRECTION('',(0.,-1.,0.));
#3458 = ORIENTED_EDGE('',*,*,#3459,.T.);
#3459 = EDGE_CURVE('',#3451,#3460,#3462,.T.);
#3460 = VERTEX_POINT('',#3461);
#3461 = CARTESIAN_POINT('',(-1.700000000001,5.5,-3.899999999999));
#3462 = LINE('',#3463,#3464);
#3463 = CARTESIAN_POINT('',(-1.7,5.5,-0.2));
#3464 = VECTOR('',#3465,1.);
#3465 = DIRECTION('',(-3.799363226434E-13,-4.104824588345E-14,-1.));
#3466 = ORIENTED_EDGE('',*,*,#3467,.T.);
#3467 = EDGE_CURVE('',#3460,#3468,#3470,.T.);
#3468 = VERTEX_POINT('',#3469);
#3469 = CARTESIAN_POINT('',(-1.700000000001,4.9,-3.899999999999));
#3470 = LINE('',#3471,#3472);
#3471 = CARTESIAN_POINT('',(-1.700000000001,5.5,-3.899999999999));
#3472 = VECTOR('',#3473,1.);
#3473 = DIRECTION('',(-4.884981308352E-14,-1.,-2.812564995718E-14));
#3474 = ORIENTED_EDGE('',*,*,#3475,.T.);
#3475 = EDGE_CURVE('',#3468,#2472,#3476,.T.);
#3476 = LINE('',#3477,#3478);
#3477 = CARTESIAN_POINT('',(-1.700000000001,4.9,-3.899999999999));
#3478 = VECTOR('',#3479,1.);
#3479 = DIRECTION('',(4.782840790085E-12,-1.,-2.837730050942E-12));
#3480 = ORIENTED_EDGE('',*,*,#3481,.F.);
#3481 = EDGE_CURVE('',#2464,#2472,#3482,.T.);
#3482 = LINE('',#3483,#3484);
#3483 = CARTESIAN_POINT('',(-1.7,4.6,0.7));
#3484 = VECTOR('',#3485,1.);
#3485 = DIRECTION('',(0.,0.,-1.));
#3486 = ORIENTED_EDGE('',*,*,#2463,.T.);
#3487 = ORIENTED_EDGE('',*,*,#3434,.F.);
#3488 = ORIENTED_EDGE('',*,*,#3236,.F.);
#3489 = ORIENTED_EDGE('',*,*,#3490,.T.);
#3490 = EDGE_CURVE('',#3229,#196,#3491,.T.);
#3491 = LINE('',#3492,#3493);
#3492 = CARTESIAN_POINT('',(-1.7,7.,1.6));
#3493 = VECTOR('',#3494,1.);
#3494 = DIRECTION('',(0.,0.,-1.));
#3495 = PLANE('',#3496);
#3496 = AXIS2_PLACEMENT_3D('',#3497,#3498,#3499);
#3497 = CARTESIAN_POINT('',(-1.7,7.,1.6));
#3498 = DIRECTION('',(-1.,0.,0.));
#3499 = DIRECTION('',(0.,-1.,0.));
#3500 = ADVANCED_FACE('',(#3501),#3520,.F.);
#3501 = FACE_BOUND('',#3502,.F.);
#3502 = EDGE_LOOP('',(#3503,#3504,#3513,#3519));
#3503 = ORIENTED_EDGE('',*,*,#187,.F.);
#3504 = ORIENTED_EDGE('',*,*,#3505,.T.);
#3505 = EDGE_CURVE('',#179,#3506,#3508,.T.);
#3506 = VERTEX_POINT('',#3507);
#3507 = CARTESIAN_POINT('',(-3.2,5.5,-0.2));
#3508 = CIRCLE('',#3509,0.2);
#3509 = AXIS2_PLACEMENT_3D('',#3510,#3511,#3512);
#3510 = CARTESIAN_POINT('',(-3.2,5.7,-0.2));
#3511 = DIRECTION('',(1.,0.,-0.));
#3512 = DIRECTION('',(0.,0.,1.));
#3513 = ORIENTED_EDGE('',*,*,#3514,.T.);
#3514 = EDGE_CURVE('',#3506,#3451,#3515,.T.);
#3515 = LINE('',#3516,#3517);
#3516 = CARTESIAN_POINT('',(-3.2,5.5,-0.2));
#3517 = VECTOR('',#3518,1.);
#3518 = DIRECTION('',(1.,0.,0.));
#3519 = ORIENTED_EDGE('',*,*,#3450,.T.);
#3520 = CYLINDRICAL_SURFACE('',#3521,0.2);
#3521 = AXIS2_PLACEMENT_3D('',#3522,#3523,#3524);
#3522 = CARTESIAN_POINT('',(-15.15024,5.7,-0.2));
#3523 = DIRECTION('',(1.,0.,0.));
#3524 = DIRECTION('',(0.,0.,1.));
#3525 = ADVANCED_FACE('',(#3526),#3538,.F.);
#3526 = FACE_BOUND('',#3527,.F.);
#3527 = EDGE_LOOP('',(#3528,#3529,#3530,#3537));
#3528 = ORIENTED_EDGE('',*,*,#178,.T.);
#3529 = ORIENTED_EDGE('',*,*,#812,.F.);
#3530 = ORIENTED_EDGE('',*,*,#3531,.F.);
#3531 = EDGE_CURVE('',#3506,#813,#3532,.T.);
#3532 = CIRCLE('',#3533,0.2);
#3533 = AXIS2_PLACEMENT_3D('',#3534,#3535,#3536);
#3534 = CARTESIAN_POINT('',(-3.2,5.3,-0.2));
#3535 = DIRECTION('',(0.,-0.,1.));
#3536 = DIRECTION('',(0.,1.,0.));
#3537 = ORIENTED_EDGE('',*,*,#3505,.F.);
#3538 = TOROIDAL_SURFACE('',#3539,0.4,0.2);
#3539 = AXIS2_PLACEMENT_3D('',#3540,#3541,#3542);
#3540 = CARTESIAN_POINT('',(-3.2,5.3,-0.2));
#3541 = DIRECTION('',(0.,0.,1.));
#3542 = DIRECTION('',(0.181241503783,0.983438618983,-0.));
#3543 = ADVANCED_FACE('',(#3544),#3567,.T.);
#3544 = FACE_BOUND('',#3545,.T.);
#3545 = EDGE_LOOP('',(#3546,#3559,#3560,#3561));
#3546 = ORIENTED_EDGE('',*,*,#3547,.T.);
#3547 = EDGE_CURVE('',#3548,#825,#3550,.T.);
#3548 = VERTEX_POINT('',#3549);
#3549 = CARTESIAN_POINT('',(-3.2,5.5,-3.9));
#3550 = B_SPLINE_CURVE_WITH_KNOTS('',3,(#3551,#3552,#3553,#3554,#3555,
    #3556,#3557,#3558),.UNSPECIFIED.,.F.,.F.,(4,1,1,1,1,4),(0.,0.2,0.4,
    0.6,0.8,1.),.QUASI_UNIFORM_KNOTS.);
#3551 = CARTESIAN_POINT('',(-3.2,5.5,-3.9));
#3552 = CARTESIAN_POINT('',(-3.220703211407,5.5,-3.9));
#3553 = CARTESIAN_POINT('',(-3.262249936956,5.493538325231,
    -3.899038474584));
#3554 = CARTESIAN_POINT('',(-3.319106929488,5.464784463768,
    -3.894759774466));
#3555 = CARTESIAN_POINT('',(-3.364205370322,5.41992623222,
    -3.888084673771));
#3556 = CARTESIAN_POINT('',(-3.393355793518,5.362962465291,
    -3.879608216562));
#3557 = CARTESIAN_POINT('',(-3.4,5.321000180373,-3.873364045369));
#3558 = CARTESIAN_POINT('',(-3.4,5.3,-3.870239126847));
#3559 = ORIENTED_EDGE('',*,*,#824,.T.);
#3560 = ORIENTED_EDGE('',*,*,#3531,.F.);
#3561 = ORIENTED_EDGE('',*,*,#3562,.F.);
#3562 = EDGE_CURVE('',#3548,#3506,#3563,.T.);
#3563 = LINE('',#3564,#3565);
#3564 = CARTESIAN_POINT('',(-3.2,5.5,-3.9));
#3565 = VECTOR('',#3566,1.);
#3566 = DIRECTION('',(0.,0.,1.));
#3567 = CYLINDRICAL_SURFACE('',#3568,0.2);
#3568 = AXIS2_PLACEMENT_3D('',#3569,#3570,#3571);
#3569 = CARTESIAN_POINT('',(-3.2,5.3,-19.72622));
#3570 = DIRECTION('',(0.,0.,1.));
#3571 = DIRECTION('',(0.,1.,0.));
#3572 = ADVANCED_FACE('',(#3573),#3607,.T.);
#3573 = FACE_BOUND('',#3574,.F.);
#3574 = EDGE_LOOP('',(#3575,#3585,#3593,#3601));
#3575 = ORIENTED_EDGE('',*,*,#3576,.T.);
#3576 = EDGE_CURVE('',#3577,#3579,#3581,.T.);
#3577 = VERTEX_POINT('',#3578);
#3578 = CARTESIAN_POINT('',(1.6,5.5,0.8));
#3579 = VERTEX_POINT('',#3580);
#3580 = CARTESIAN_POINT('',(-1.6,5.5,0.8));
#3581 = LINE('',#3582,#3583);
#3582 = CARTESIAN_POINT('',(1.6,5.5,0.8));
#3583 = VECTOR('',#3584,1.);
#3584 = DIRECTION('',(-1.,0.,0.));
#3585 = ORIENTED_EDGE('',*,*,#3586,.F.);
#3586 = EDGE_CURVE('',#3587,#3579,#3589,.T.);
#3587 = VERTEX_POINT('',#3588);
#3588 = CARTESIAN_POINT('',(-1.6,5.5,-1.5));
#3589 = LINE('',#3590,#3591);
#3590 = CARTESIAN_POINT('',(-1.6,5.5,-1.5));
#3591 = VECTOR('',#3592,1.);
#3592 = DIRECTION('',(0.,0.,1.));
#3593 = ORIENTED_EDGE('',*,*,#3594,.F.);
#3594 = EDGE_CURVE('',#3595,#3587,#3597,.T.);
#3595 = VERTEX_POINT('',#3596);
#3596 = CARTESIAN_POINT('',(1.6,5.5,-1.5));
#3597 = LINE('',#3598,#3599);
#3598 = CARTESIAN_POINT('',(1.6,5.5,-1.5));
#3599 = VECTOR('',#3600,1.);
#3600 = DIRECTION('',(-1.,0.,0.));
#3601 = ORIENTED_EDGE('',*,*,#3602,.T.);
#3602 = EDGE_CURVE('',#3595,#3577,#3603,.T.);
#3603 = LINE('',#3604,#3605);
#3604 = CARTESIAN_POINT('',(1.6,5.5,-1.5));
#3605 = VECTOR('',#3606,1.);
#3606 = DIRECTION('',(0.,0.,1.));
#3607 = PLANE('',#3608);
#3608 = AXIS2_PLACEMENT_3D('',#3609,#3610,#3611);
#3609 = CARTESIAN_POINT('',(-3.4,5.5,0.));
#3610 = DIRECTION('',(0.,1.,0.));
#3611 = DIRECTION('',(1.,0.,0.));
#3612 = ADVANCED_FACE('',(#3613),#3647,.T.);
#3613 = FACE_BOUND('',#3614,.F.);
#3614 = EDGE_LOOP('',(#3615,#3625,#3633,#3641));
#3615 = ORIENTED_EDGE('',*,*,#3616,.F.);
#3616 = EDGE_CURVE('',#3617,#3619,#3621,.T.);
#3617 = VERTEX_POINT('',#3618);
#3618 = CARTESIAN_POINT('',(1.7,5.5,-0.2));
#3619 = VERTEX_POINT('',#3620);
#3620 = CARTESIAN_POINT('',(3.2,5.5,-0.2));
#3621 = LINE('',#3622,#3623);
#3622 = CARTESIAN_POINT('',(1.7,5.5,-0.2));
#3623 = VECTOR('',#3624,1.);
#3624 = DIRECTION('',(1.,0.,0.));
#3625 = ORIENTED_EDGE('',*,*,#3626,.T.);
#3626 = EDGE_CURVE('',#3617,#3627,#3629,.T.);
#3627 = VERTEX_POINT('',#3628);
#3628 = CARTESIAN_POINT('',(1.699999999996,5.500000000001,
    -3.899999999999));
#3629 = LINE('',#3630,#3631);
#3630 = CARTESIAN_POINT('',(1.7,5.5,-0.2));
#3631 = VECTOR('',#3632,1.);
#3632 = DIRECTION('',(-1.108902759407E-12,2.098021456265E-13,-1.));
#3633 = ORIENTED_EDGE('',*,*,#3634,.T.);
#3634 = EDGE_CURVE('',#3627,#3635,#3637,.T.);
#3635 = VERTEX_POINT('',#3636);
#3636 = CARTESIAN_POINT('',(3.2,5.5,-3.9));
#3637 = LINE('',#3638,#3639);
#3638 = CARTESIAN_POINT('',(1.699999999996,5.500000000001,
    -3.899999999999));
#3639 = VECTOR('',#3640,1.);
#3640 = DIRECTION('',(1.,-5.175119592105E-13,-5.956716601439E-13));
#3641 = ORIENTED_EDGE('',*,*,#3642,.T.);
#3642 = EDGE_CURVE('',#3635,#3619,#3643,.T.);
#3643 = LINE('',#3644,#3645);
#3644 = CARTESIAN_POINT('',(3.2,5.5,-3.9));
#3645 = VECTOR('',#3646,1.);
#3646 = DIRECTION('',(0.,0.,1.));
#3647 = PLANE('',#3648);
#3648 = AXIS2_PLACEMENT_3D('',#3649,#3650,#3651);
#3649 = CARTESIAN_POINT('',(-3.4,5.5,0.));
#3650 = DIRECTION('',(0.,1.,0.));
#3651 = DIRECTION('',(1.,0.,0.));
#3652 = ADVANCED_FACE('',(#3653),#3664,.T.);
#3653 = FACE_BOUND('',#3654,.F.);
#3654 = EDGE_LOOP('',(#3655,#3656,#3657,#3663));
#3655 = ORIENTED_EDGE('',*,*,#3514,.F.);
#3656 = ORIENTED_EDGE('',*,*,#3562,.F.);
#3657 = ORIENTED_EDGE('',*,*,#3658,.T.);
#3658 = EDGE_CURVE('',#3548,#3460,#3659,.T.);
#3659 = LINE('',#3660,#3661);
#3660 = CARTESIAN_POINT('',(-3.2,5.5,-3.9));
#3661 = VECTOR('',#3662,1.);
#3662 = DIRECTION('',(1.,-1.018444587924E-13,5.79092329645E-13));
#3663 = ORIENTED_EDGE('',*,*,#3459,.F.);
#3664 = PLANE('',#3665);
#3665 = AXIS2_PLACEMENT_3D('',#3666,#3667,#3668);
#3666 = CARTESIAN_POINT('',(-3.4,5.5,0.));
#3667 = DIRECTION('',(0.,1.,0.));
#3668 = DIRECTION('',(1.,0.,0.));
#3669 = ADVANCED_FACE('',(#3670),#3697,.F.);
#3670 = FACE_BOUND('',#3671,.F.);
#3671 = EDGE_LOOP('',(#3672,#3673,#3682,#3690));
#3672 = ORIENTED_EDGE('',*,*,#3576,.F.);
#3673 = ORIENTED_EDGE('',*,*,#3674,.T.);
#3674 = EDGE_CURVE('',#3577,#3675,#3677,.T.);
#3675 = VERTEX_POINT('',#3676);
#3676 = CARTESIAN_POINT('',(1.6,5.7,1.));
#3677 = CIRCLE('',#3678,0.2);
#3678 = AXIS2_PLACEMENT_3D('',#3679,#3680,#3681);
#3679 = CARTESIAN_POINT('',(1.6,5.7,0.8));
#3680 = DIRECTION('',(-1.,0.,0.));
#3681 = DIRECTION('',(0.,-1.,0.));
#3682 = ORIENTED_EDGE('',*,*,#3683,.T.);
#3683 = EDGE_CURVE('',#3675,#3684,#3686,.T.);
#3684 = VERTEX_POINT('',#3685);
#3685 = CARTESIAN_POINT('',(-1.6,5.7,1.));
#3686 = LINE('',#3687,#3688);
#3687 = CARTESIAN_POINT('',(1.6,5.7,1.));
#3688 = VECTOR('',#3689,1.);
#3689 = DIRECTION('',(-1.,0.,0.));
#3690 = ORIENTED_EDGE('',*,*,#3691,.T.);
#3691 = EDGE_CURVE('',#3684,#3579,#3692,.T.);
#3692 = CIRCLE('',#3693,0.2);
#3693 = AXIS2_PLACEMENT_3D('',#3694,#3695,#3696);
#3694 = CARTESIAN_POINT('',(-1.6,5.7,0.8));
#3695 = DIRECTION('',(1.,0.,-0.));
#3696 = DIRECTION('',(0.,0.,1.));
#3697 = CYLINDRICAL_SURFACE('',#3698,0.2);
#3698 = AXIS2_PLACEMENT_3D('',#3699,#3700,#3701);
#3699 = CARTESIAN_POINT('',(15.15024,5.7,0.8));
#3700 = DIRECTION('',(-1.,0.,0.));
#3701 = DIRECTION('',(0.,-1.,0.));
#3702 = ADVANCED_FACE('',(#3703),#3778,.T.);
#3703 = FACE_BOUND('',#3704,.F.);
#3704 = EDGE_LOOP('',(#3705,#3716,#3724,#3732,#3740,#3746,#3747,#3748,
    #3756,#3764,#3772));
#3705 = ORIENTED_EDGE('',*,*,#3706,.F.);
#3706 = EDGE_CURVE('',#3707,#3709,#3711,.T.);
#3707 = VERTEX_POINT('',#3708);
#3708 = CARTESIAN_POINT('',(1.6,5.1,1.7));
#3709 = VERTEX_POINT('',#3710);
#3710 = CARTESIAN_POINT('',(1.6,4.9,1.5));
#3711 = CIRCLE('',#3712,0.2);
#3712 = AXIS2_PLACEMENT_3D('',#3713,#3714,#3715);
#3713 = CARTESIAN_POINT('',(1.6,5.1,1.5));
#3714 = DIRECTION('',(1.,0.,-0.));
#3715 = DIRECTION('',(0.,0.,1.));
#3716 = ORIENTED_EDGE('',*,*,#3717,.F.);
#3717 = EDGE_CURVE('',#3718,#3707,#3720,.T.);
#3718 = VERTEX_POINT('',#3719);
#3719 = CARTESIAN_POINT('',(1.6,5.6,1.7));
#3720 = LINE('',#3721,#3722);
#3721 = CARTESIAN_POINT('',(1.6,5.6,1.7));
#3722 = VECTOR('',#3723,1.);
#3723 = DIRECTION('',(0.,-1.,0.));
#3724 = ORIENTED_EDGE('',*,*,#3725,.F.);
#3725 = EDGE_CURVE('',#3726,#3718,#3728,.T.);
#3726 = VERTEX_POINT('',#3727);
#3727 = CARTESIAN_POINT('',(1.6,6.,1.3));
#3728 = LINE('',#3729,#3730);
#3729 = CARTESIAN_POINT('',(1.6,6.,1.3));
#3730 = VECTOR('',#3731,1.);
#3731 = DIRECTION('',(0.,-0.707106781187,0.707106781187));
#3732 = ORIENTED_EDGE('',*,*,#3733,.T.);
#3733 = EDGE_CURVE('',#3726,#3734,#3736,.T.);
#3734 = VERTEX_POINT('',#3735);
#3735 = CARTESIAN_POINT('',(1.6,6.,1.));
#3736 = LINE('',#3737,#3738);
#3737 = CARTESIAN_POINT('',(1.6,6.,1.3));
#3738 = VECTOR('',#3739,1.);
#3739 = DIRECTION('',(0.,0.,-1.));
#3740 = ORIENTED_EDGE('',*,*,#3741,.F.);
#3741 = EDGE_CURVE('',#3675,#3734,#3742,.T.);
#3742 = LINE('',#3743,#3744);
#3743 = CARTESIAN_POINT('',(1.6,5.7,1.));
#3744 = VECTOR('',#3745,1.);
#3745 = DIRECTION('',(0.,1.,0.));
#3746 = ORIENTED_EDGE('',*,*,#3674,.F.);
#3747 = ORIENTED_EDGE('',*,*,#3602,.F.);
#3748 = ORIENTED_EDGE('',*,*,#3749,.T.);
#3749 = EDGE_CURVE('',#3595,#3750,#3752,.T.);
#3750 = VERTEX_POINT('',#3751);
#3751 = CARTESIAN_POINT('',(1.6,6.175359390319,-1.680962003237));
#3752 = LINE('',#3753,#3754);
#3753 = CARTESIAN_POINT('',(1.6,5.5,-1.5));
#3754 = VECTOR('',#3755,1.);
#3755 = DIRECTION('',(0.,0.965925826289,-0.258819045102));
#3756 = ORIENTED_EDGE('',*,*,#3757,.F.);
#3757 = EDGE_CURVE('',#3758,#3750,#3760,.T.);
#3758 = VERTEX_POINT('',#3759);
#3759 = CARTESIAN_POINT('',(1.6,5.552714589796,-3.726794919245));
#3760 = LINE('',#3761,#3762);
#3761 = CARTESIAN_POINT('',(1.6,5.552714589796,-3.726794919245));
#3762 = VECTOR('',#3763,1.);
#3763 = DIRECTION('',(0.,0.291161615782,0.956673880429));
#3764 = ORIENTED_EDGE('',*,*,#3765,.F.);
#3765 = EDGE_CURVE('',#3766,#3758,#3768,.T.);
#3766 = VERTEX_POINT('',#3767);
#3767 = CARTESIAN_POINT('',(1.6,4.9,-3.726794919243));
#3768 = LINE('',#3769,#3770);
#3769 = CARTESIAN_POINT('',(1.6,4.9,-3.726794919243));
#3770 = VECTOR('',#3771,1.);
#3771 = DIRECTION('',(0.,1.,-3.007247483394E-12));
#3772 = ORIENTED_EDGE('',*,*,#3773,.T.);
#3773 = EDGE_CURVE('',#3766,#3709,#3774,.T.);
#3774 = LINE('',#3775,#3776);
#3775 = CARTESIAN_POINT('',(1.6,4.9,-3.726794919243));
#3776 = VECTOR('',#3777,1.);
#3777 = DIRECTION('',(0.,0.,1.));
#3778 = PLANE('',#3779);
#3779 = AXIS2_PLACEMENT_3D('',#3780,#3781,#3782);
#3780 = CARTESIAN_POINT('',(1.6,4.9,-3.9));
#3781 = DIRECTION('',(1.,0.,0.));
#3782 = DIRECTION('',(-0.,1.,0.));
#3783 = ADVANCED_FACE('',(#3784),#3810,.T.);
#3784 = FACE_BOUND('',#3785,.T.);
#3785 = EDGE_LOOP('',(#3786,#3794,#3803,#3809));
#3786 = ORIENTED_EDGE('',*,*,#3787,.F.);
#3787 = EDGE_CURVE('',#3788,#3707,#3790,.T.);
#3788 = VERTEX_POINT('',#3789);
#3789 = CARTESIAN_POINT('',(-1.6,5.1,1.7));
#3790 = LINE('',#3791,#3792);
#3791 = CARTESIAN_POINT('',(-1.6,5.1,1.7));
#3792 = VECTOR('',#3793,1.);
#3793 = DIRECTION('',(1.,0.,0.));
#3794 = ORIENTED_EDGE('',*,*,#3795,.F.);
#3795 = EDGE_CURVE('',#3796,#3788,#3798,.T.);
#3796 = VERTEX_POINT('',#3797);
#3797 = CARTESIAN_POINT('',(-1.6,4.9,1.5));
#3798 = CIRCLE('',#3799,0.2);
#3799 = AXIS2_PLACEMENT_3D('',#3800,#3801,#3802);
#3800 = CARTESIAN_POINT('',(-1.6,5.1,1.5));
#3801 = DIRECTION('',(-1.,0.,0.));
#3802 = DIRECTION('',(0.,-1.,0.));
#3803 = ORIENTED_EDGE('',*,*,#3804,.T.);
#3804 = EDGE_CURVE('',#3796,#3709,#3805,.T.);
#3805 = LINE('',#3806,#3807);
#3806 = CARTESIAN_POINT('',(-1.6,4.9,1.5));
#3807 = VECTOR('',#3808,1.);
#3808 = DIRECTION('',(1.,0.,0.));
#3809 = ORIENTED_EDGE('',*,*,#3706,.F.);
#3810 = CYLINDRICAL_SURFACE('',#3811,0.2);
#3811 = AXIS2_PLACEMENT_3D('',#3812,#3813,#3814);
#3812 = CARTESIAN_POINT('',(-15.15024,5.1,1.5));
#3813 = DIRECTION('',(1.,0.,0.));
#3814 = DIRECTION('',(0.,0.,1.));
#3815 = ADVANCED_FACE('',(#3816),#3850,.T.);
#3816 = FACE_BOUND('',#3817,.F.);
#3817 = EDGE_LOOP('',(#3818,#3819,#3820,#3829,#3835,#3844));
#3818 = ORIENTED_EDGE('',*,*,#3804,.T.);
#3819 = ORIENTED_EDGE('',*,*,#3773,.F.);
#3820 = ORIENTED_EDGE('',*,*,#3821,.F.);
#3821 = EDGE_CURVE('',#3822,#3766,#3824,.T.);
#3822 = VERTEX_POINT('',#3823);
#3823 = CARTESIAN_POINT('',(1.699999999996,4.9,-3.899999999999));
#3824 = CIRCLE('',#3825,0.2);
#3825 = AXIS2_PLACEMENT_3D('',#3826,#3827,#3828);
#3826 = CARTESIAN_POINT('',(1.8,4.9,-3.726794919249));
#3827 = DIRECTION('',(0.,1.,2.629457669774E-13));
#3828 = DIRECTION('',(-0.500000000013,2.27717714018E-13,-0.866025403777)
  );
#3829 = ORIENTED_EDGE('',*,*,#3830,.T.);
#3830 = EDGE_CURVE('',#3822,#3468,#3831,.T.);
#3831 = LINE('',#3832,#3833);
#3832 = CARTESIAN_POINT('',(1.699999999996,4.9,-3.899999999999));
#3833 = VECTOR('',#3834,1.);
#3834 = DIRECTION('',(-1.,0.,0.));
#3835 = ORIENTED_EDGE('',*,*,#3836,.F.);
#3836 = EDGE_CURVE('',#3837,#3468,#3839,.T.);
#3837 = VERTEX_POINT('',#3838);
#3838 = CARTESIAN_POINT('',(-1.6,4.9,-3.726794919243));
#3839 = CIRCLE('',#3840,0.2);
#3840 = AXIS2_PLACEMENT_3D('',#3841,#3842,#3843);
#3841 = CARTESIAN_POINT('',(-1.8,4.9,-3.726794919236));
#3842 = DIRECTION('',(0.,1.,0.));
#3843 = DIRECTION('',(1.,0.,-3.360423050935E-11));
#3844 = ORIENTED_EDGE('',*,*,#3845,.T.);
#3845 = EDGE_CURVE('',#3837,#3796,#3846,.T.);
#3846 = LINE('',#3847,#3848);
#3847 = CARTESIAN_POINT('',(-1.6,4.9,-3.726794919243));
#3848 = VECTOR('',#3849,1.);
#3849 = DIRECTION('',(0.,0.,1.));
#3850 = PLANE('',#3851);
#3851 = AXIS2_PLACEMENT_3D('',#3852,#3853,#3854);
#3852 = CARTESIAN_POINT('',(-1.6,4.9,-3.9));
#3853 = DIRECTION('',(0.,-1.,0.));
#3854 = DIRECTION('',(1.,0.,0.));
#3855 = ADVANCED_FACE('',(#3856),#3874,.F.);
#3856 = FACE_BOUND('',#3857,.F.);
#3857 = EDGE_LOOP('',(#3858,#3864,#3865,#3866));
#3858 = ORIENTED_EDGE('',*,*,#3859,.F.);
#3859 = EDGE_CURVE('',#3822,#3627,#3860,.T.);
#3860 = LINE('',#3861,#3862);
#3861 = CARTESIAN_POINT('',(1.699999999996,4.9,-3.899999999999));
#3862 = VECTOR('',#3863,1.);
#3863 = DIRECTION('',(6.624330713588E-14,1.,2.664535259097E-14));
#3864 = ORIENTED_EDGE('',*,*,#3821,.T.);
#3865 = ORIENTED_EDGE('',*,*,#3765,.T.);
#3866 = ORIENTED_EDGE('',*,*,#3867,.T.);
#3867 = EDGE_CURVE('',#3758,#3627,#3868,.T.);
#3868 = B_SPLINE_CURVE_WITH_KNOTS('',3,(#3869,#3870,#3871,#3872,#3873),
  .UNSPECIFIED.,.F.,.F.,(4,1,4),(0.,0.5,1.),.QUASI_UNIFORM_KNOTS.);
#3869 = CARTESIAN_POINT('',(1.6,5.552714589796,-3.726794919243));
#3870 = CARTESIAN_POINT('',(1.599999999999,5.541189497776,
    -3.764663078735));
#3871 = CARTESIAN_POINT('',(1.619775192997,5.521389557008,
    -3.829720026975));
#3872 = CARTESIAN_POINT('',(1.66611013851,5.505954967154,-3.880433679351
    ));
#3873 = CARTESIAN_POINT('',(1.699999999997,5.499999999999,
    -3.900000000004));
#3874 = CYLINDRICAL_SURFACE('',#3875,0.2);
#3875 = AXIS2_PLACEMENT_3D('',#3876,#3877,#3878);
#3876 = CARTESIAN_POINT('',(1.8,-27.62889581885,-3.726794919258));
#3877 = DIRECTION('',(0.,1.,2.629457669774E-13));
#3878 = DIRECTION('',(-0.500000000127,2.277177140007E-13,-0.866025403711
    ));
#3879 = ADVANCED_FACE('',(#3880),#3913,.F.);
#3880 = FACE_BOUND('',#3881,.F.);
#3881 = EDGE_LOOP('',(#3882,#3883,#3890,#3891,#3897,#3898,#3905,#3906,
    #3912));
#3882 = ORIENTED_EDGE('',*,*,#3626,.F.);
#3883 = ORIENTED_EDGE('',*,*,#3884,.F.);
#3884 = EDGE_CURVE('',#212,#3617,#3885,.T.);
#3885 = CIRCLE('',#3886,0.2);
#3886 = AXIS2_PLACEMENT_3D('',#3887,#3888,#3889);
#3887 = CARTESIAN_POINT('',(1.7,5.7,-0.2));
#3888 = DIRECTION('',(1.,0.,-0.));
#3889 = DIRECTION('',(0.,0.,1.));
#3890 = ORIENTED_EDGE('',*,*,#211,.T.);
#3891 = ORIENTED_EDGE('',*,*,#3892,.F.);
#3892 = EDGE_CURVE('',#3221,#204,#3893,.T.);
#3893 = LINE('',#3894,#3895);
#3894 = CARTESIAN_POINT('',(1.7,7.,1.6));
#3895 = VECTOR('',#3896,1.);
#3896 = DIRECTION('',(0.,0.,-1.));
#3897 = ORIENTED_EDGE('',*,*,#3220,.F.);
#3898 = ORIENTED_EDGE('',*,*,#3899,.F.);
#3899 = EDGE_CURVE('',#2512,#3213,#3900,.T.);
#3900 = CIRCLE('',#3901,0.2);
#3901 = AXIS2_PLACEMENT_3D('',#3902,#3903,#3904);
#3902 = CARTESIAN_POINT('',(1.7,4.8,1.8));
#3903 = DIRECTION('',(1.,0.,0.));
#3904 = DIRECTION('',(0.,-1.,0.));
#3905 = ORIENTED_EDGE('',*,*,#2511,.T.);
#3906 = ORIENTED_EDGE('',*,*,#3907,.T.);
#3907 = EDGE_CURVE('',#2504,#3822,#3908,.T.);
#3908 = LINE('',#3909,#3910);
#3909 = CARTESIAN_POINT('',(1.7,4.6,-3.9));
#3910 = VECTOR('',#3911,1.);
#3911 = DIRECTION('',(-1.380895398029E-11,1.,2.92358729818E-12));
#3912 = ORIENTED_EDGE('',*,*,#3859,.T.);
#3913 = PLANE('',#3914);
#3914 = AXIS2_PLACEMENT_3D('',#3915,#3916,#3917);
#3915 = CARTESIAN_POINT('',(1.7,4.6,1.6));
#3916 = DIRECTION('',(1.,0.,0.));
#3917 = DIRECTION('',(-0.,1.,0.));
#3918 = ADVANCED_FACE('',(#3919),#3931,.F.);
#3919 = FACE_BOUND('',#3920,.F.);
#3920 = EDGE_LOOP('',(#3921,#3922,#3929,#3930));
#3921 = ORIENTED_EDGE('',*,*,#3616,.T.);
#3922 = ORIENTED_EDGE('',*,*,#3923,.T.);
#3923 = EDGE_CURVE('',#3619,#220,#3924,.T.);
#3924 = CIRCLE('',#3925,0.2);
#3925 = AXIS2_PLACEMENT_3D('',#3926,#3927,#3928);
#3926 = CARTESIAN_POINT('',(3.2,5.7,-0.2));
#3927 = DIRECTION('',(-1.,0.,0.));
#3928 = DIRECTION('',(0.,-1.,0.));
#3929 = ORIENTED_EDGE('',*,*,#219,.F.);
#3930 = ORIENTED_EDGE('',*,*,#3884,.T.);
#3931 = CYLINDRICAL_SURFACE('',#3932,0.2);
#3932 = AXIS2_PLACEMENT_3D('',#3933,#3934,#3935);
#3933 = CARTESIAN_POINT('',(-15.15024,5.7,-0.2));
#3934 = DIRECTION('',(1.,0.,0.));
#3935 = DIRECTION('',(0.,0.,1.));
#3936 = ADVANCED_FACE('',(#3937),#3960,.F.);
#3937 = FACE_BOUND('',#3938,.F.);
#3938 = EDGE_LOOP('',(#3939,#3940,#3941,#3950));
#3939 = ORIENTED_EDGE('',*,*,#227,.T.);
#3940 = ORIENTED_EDGE('',*,*,#3923,.F.);
#3941 = ORIENTED_EDGE('',*,*,#3942,.F.);
#3942 = EDGE_CURVE('',#3943,#3619,#3945,.T.);
#3943 = VERTEX_POINT('',#3944);
#3944 = CARTESIAN_POINT('',(3.4,5.3,-0.2));
#3945 = CIRCLE('',#3946,0.2);
#3946 = AXIS2_PLACEMENT_3D('',#3947,#3948,#3949);
#3947 = CARTESIAN_POINT('',(3.2,5.3,-0.2));
#3948 = DIRECTION('',(0.,0.,1.));
#3949 = DIRECTION('',(1.,0.,-0.));
#3950 = ORIENTED_EDGE('',*,*,#3951,.F.);
#3951 = EDGE_CURVE('',#228,#3943,#3952,.T.);
#3952 = B_SPLINE_CURVE_WITH_KNOTS('',3,(#3953,#3954,#3955,#3956,#3957,
    #3958,#3959),.UNSPECIFIED.,.F.,.F.,(4,1,1,1,4),(0.,0.25,0.5,0.75,1.)
  ,.QUASI_UNIFORM_KNOTS.);
#3953 = CARTESIAN_POINT('',(3.400000000013,5.646410161381,0.));
#3954 = CARTESIAN_POINT('',(3.400000000013,5.619125483954,
    -3.855843853608E-11));
#3955 = CARTESIAN_POINT('',(3.399999999994,5.563470208712,
    -8.068985401828E-03));
#3956 = CARTESIAN_POINT('',(3.400000000002,5.474242705143,
    -4.761490560414E-02));
#3957 = CARTESIAN_POINT('',(3.4,5.38669176974,-0.113686401042));
#3958 = CARTESIAN_POINT('',(3.4,5.329911655159,-0.170088344841));
#3959 = CARTESIAN_POINT('',(3.4,5.3,-0.2));
#3960 = TOROIDAL_SURFACE('',#3961,0.4,0.2);
#3961 = AXIS2_PLACEMENT_3D('',#3962,#3963,#3964);
#3962 = CARTESIAN_POINT('',(3.2,5.3,-0.2));
#3963 = DIRECTION('',(0.,0.,1.));
#3964 = DIRECTION('',(-0.706446506969,-0.707766439436,0.));
#3965 = ADVANCED_FACE('',(#3966),#3989,.T.);
#3966 = FACE_BOUND('',#3967,.T.);
#3967 = EDGE_LOOP('',(#3968,#3981,#3982,#3983));
#3968 = ORIENTED_EDGE('',*,*,#3969,.F.);
#3969 = EDGE_CURVE('',#3635,#3970,#3972,.T.);
#3970 = VERTEX_POINT('',#3971);
#3971 = CARTESIAN_POINT('',(3.4,5.3,-3.870239126847));
#3972 = B_SPLINE_CURVE_WITH_KNOTS('',3,(#3973,#3974,#3975,#3976,#3977,
    #3978,#3979,#3980),.UNSPECIFIED.,.F.,.F.,(4,1,1,1,1,4),(0.,0.2,0.4,
    0.6,0.8,1.),.QUASI_UNIFORM_KNOTS.);
#3973 = CARTESIAN_POINT('',(3.2,5.5,-3.9));
#3974 = CARTESIAN_POINT('',(3.220703211407,5.5,-3.9));
#3975 = CARTESIAN_POINT('',(3.262249936956,5.493538325231,
    -3.899038474584));
#3976 = CARTESIAN_POINT('',(3.319106929488,5.464784463768,
    -3.894759774466));
#3977 = CARTESIAN_POINT('',(3.364205370322,5.41992623222,-3.888084673771
    ));
#3978 = CARTESIAN_POINT('',(3.393355793518,5.362962465291,
    -3.879608216562));
#3979 = CARTESIAN_POINT('',(3.4,5.321000180373,-3.873364045369));
#3980 = CARTESIAN_POINT('',(3.4,5.3,-3.870239126847));
#3981 = ORIENTED_EDGE('',*,*,#3642,.T.);
#3982 = ORIENTED_EDGE('',*,*,#3942,.F.);
#3983 = ORIENTED_EDGE('',*,*,#3984,.F.);
#3984 = EDGE_CURVE('',#3970,#3943,#3985,.T.);
#3985 = LINE('',#3986,#3987);
#3986 = CARTESIAN_POINT('',(3.4,5.3,-3.870239126847));
#3987 = VECTOR('',#3988,1.);
#3988 = DIRECTION('',(0.,0.,1.));
#3989 = CYLINDRICAL_SURFACE('',#3990,0.2);
#3990 = AXIS2_PLACEMENT_3D('',#3991,#3992,#3993);
#3991 = CARTESIAN_POINT('',(3.2,5.3,-19.72622));
#3992 = DIRECTION('',(0.,0.,1.));
#3993 = DIRECTION('',(1.,0.,-0.));
#3994 = ADVANCED_FACE('',(#3995),#4221,.T.);
#3995 = FACE_BOUND('',#3996,.T.);
#3996 = EDGE_LOOP('',(#3997,#4007,#4020,#4029,#4037,#4043,#4044,#4045,
    #4046,#4054,#4062,#4070,#4079,#4085,#4086,#4094,#4103,#4111,#4120,
    #4126,#4127,#4135,#4144,#4152,#4160,#4166,#4167,#4174,#4175,#4176,
    #4177,#4185,#4193,#4201,#4208,#4209,#4210,#4211));
#3997 = ORIENTED_EDGE('',*,*,#3998,.F.);
#3998 = EDGE_CURVE('',#3999,#4001,#4003,.T.);
#3999 = VERTEX_POINT('',#4000);
#4000 = CARTESIAN_POINT('',(3.400000789278,2.049541867795,0.3));
#4001 = VERTEX_POINT('',#4002);
#4002 = CARTESIAN_POINT('',(3.4,-0.2,0.3));
#4003 = LINE('',#4004,#4005);
#4004 = CARTESIAN_POINT('',(3.400000789278,2.049541867795,0.3));
#4005 = VECTOR('',#4006,1.);
#4006 = DIRECTION('',(-3.508615731822E-07,-1.,0.));
#4007 = ORIENTED_EDGE('',*,*,#4008,.F.);
#4008 = EDGE_CURVE('',#4009,#3999,#4011,.T.);
#4009 = VERTEX_POINT('',#4010);
#4010 = CARTESIAN_POINT('',(3.400000000053,2.242471092777,
    -0.282747326056));
#4011 = B_SPLINE_CURVE_WITH_KNOTS('',3,(#4012,#4013,#4014,#4015,#4016,
    #4017,#4018,#4019),.UNSPECIFIED.,.F.,.F.,(4,1,1,1,1,4),(0.,0.2,0.4,
    0.6,0.8,1.),.QUASI_UNIFORM_KNOTS.);
#4012 = CARTESIAN_POINT('',(3.400000000053,2.242471092777,
    -0.282747326056));
#4013 = CARTESIAN_POINT('',(3.400000000053,2.249237939356,
    -0.251315695596));
#4014 = CARTESIAN_POINT('',(3.400000015397,2.25585793324,-0.185004183554
    ));
#4015 = CARTESIAN_POINT('',(3.399999946029,2.241835581168,
    -7.220606512754E-02));
#4016 = CARTESIAN_POINT('',(3.400000200485,2.201435741471,
    4.759481634212E-02));
#4017 = CARTESIAN_POINT('',(3.399999252032,2.135963114123,0.171824722698
    ));
#4018 = CARTESIAN_POINT('',(3.400001611603,2.079599193042,0.256176990819
    ));
#4019 = CARTESIAN_POINT('',(3.400000789278,2.049541867795,0.3));
#4020 = ORIENTED_EDGE('',*,*,#4021,.T.);
#4021 = EDGE_CURVE('',#4009,#4022,#4024,.T.);
#4022 = VERTEX_POINT('',#4023);
#4023 = CARTESIAN_POINT('',(3.4,0.434125961335,-4.6));
#4024 = CIRCLE('',#4025,12.74795669902);
#4025 = AXIS2_PLACEMENT_3D('',#4026,#4027,#4028);
#4026 = CARTESIAN_POINT('',(3.4,-10.22,2.4));
#4027 = DIRECTION('',(-1.,0.,0.));
#4028 = DIRECTION('',(0.,0.977605656195,-0.210445197085));
#4029 = ORIENTED_EDGE('',*,*,#4030,.F.);
#4030 = EDGE_CURVE('',#4031,#4022,#4033,.T.);
#4031 = VERTEX_POINT('',#4032);
#4032 = CARTESIAN_POINT('',(3.4,5.077898864693,-4.6));
#4033 = LINE('',#4034,#4035);
#4034 = CARTESIAN_POINT('',(3.4,5.077898864693,-4.6));
#4035 = VECTOR('',#4036,1.);
#4036 = DIRECTION('',(0.,-1.,0.));
#4037 = ORIENTED_EDGE('',*,*,#4038,.T.);
#4038 = EDGE_CURVE('',#4031,#3970,#4039,.T.);
#4039 = LINE('',#4040,#4041);
#4040 = CARTESIAN_POINT('',(3.4,5.077898864693,-4.6));
#4041 = VECTOR('',#4042,1.);
#4042 = DIRECTION('',(0.,0.291161615783,0.956673880429));
#4043 = ORIENTED_EDGE('',*,*,#3984,.T.);
#4044 = ORIENTED_EDGE('',*,*,#3951,.F.);
#4045 = ORIENTED_EDGE('',*,*,#236,.T.);
#4046 = ORIENTED_EDGE('',*,*,#4047,.F.);
#4047 = EDGE_CURVE('',#4048,#237,#4050,.T.);
#4048 = VERTEX_POINT('',#4049);
#4049 = CARTESIAN_POINT('',(3.4,7.6,1.117157287525));
#4050 = LINE('',#4051,#4052);
#4051 = CARTESIAN_POINT('',(3.4,7.6,1.117157287525));
#4052 = VECTOR('',#4053,1.);
#4053 = DIRECTION('',(0.,0.,-1.));
#4054 = ORIENTED_EDGE('',*,*,#4055,.T.);
#4055 = EDGE_CURVE('',#4048,#4056,#4058,.T.);
#4056 = VERTEX_POINT('',#4057);
#4057 = CARTESIAN_POINT('',(3.4,7.317157287525,1.4));
#4058 = LINE('',#4059,#4060);
#4059 = CARTESIAN_POINT('',(3.4,7.6,1.117157287525));
#4060 = VECTOR('',#4061,1.);
#4061 = DIRECTION('',(0.,-0.707106781187,0.707106781187));
#4062 = ORIENTED_EDGE('',*,*,#4063,.F.);
#4063 = EDGE_CURVE('',#4064,#4056,#4066,.T.);
#4064 = VERTEX_POINT('',#4065);
#4065 = CARTESIAN_POINT('',(3.4,4.8,1.4));
#4066 = LINE('',#4067,#4068);
#4067 = CARTESIAN_POINT('',(3.4,4.8,1.4));
#4068 = VECTOR('',#4069,1.);
#4069 = DIRECTION('',(0.,1.,0.));
#4070 = ORIENTED_EDGE('',*,*,#4071,.T.);
#4071 = EDGE_CURVE('',#4064,#4072,#4074,.T.);
#4072 = VERTEX_POINT('',#4073);
#4073 = CARTESIAN_POINT('',(3.4,4.4,1.8));
#4074 = CIRCLE('',#4075,0.4);
#4075 = AXIS2_PLACEMENT_3D('',#4076,#4077,#4078);
#4076 = CARTESIAN_POINT('',(3.4,4.8,1.8));
#4077 = DIRECTION('',(-1.,0.,0.));
#4078 = DIRECTION('',(0.,1.110223024625E-14,-1.));
#4079 = ORIENTED_EDGE('',*,*,#4080,.T.);
#4080 = EDGE_CURVE('',#4072,#2791,#4081,.T.);
#4081 = LINE('',#4082,#4083);
#4082 = CARTESIAN_POINT('',(3.4,4.4,1.8));
#4083 = VECTOR('',#4084,1.);
#4084 = DIRECTION('',(0.,0.,1.));
#4085 = ORIENTED_EDGE('',*,*,#2799,.F.);
#4086 = ORIENTED_EDGE('',*,*,#4087,.T.);
#4087 = EDGE_CURVE('',#2800,#4088,#4090,.T.);
#4088 = VERTEX_POINT('',#4089);
#4089 = CARTESIAN_POINT('',(3.4,2.3,2.6));
#4090 = LINE('',#4091,#4092);
#4091 = CARTESIAN_POINT('',(3.4,2.3,6.65));
#4092 = VECTOR('',#4093,1.);
#4093 = DIRECTION('',(0.,0.,-1.));
#4094 = ORIENTED_EDGE('',*,*,#4095,.T.);
#4095 = EDGE_CURVE('',#4088,#4096,#4098,.T.);
#4096 = VERTEX_POINT('',#4097);
#4097 = CARTESIAN_POINT('',(3.4,1.9,2.2));
#4098 = CIRCLE('',#4099,0.4);
#4099 = AXIS2_PLACEMENT_3D('',#4100,#4101,#4102);
#4100 = CARTESIAN_POINT('',(3.4,1.9,2.6));
#4101 = DIRECTION('',(-1.,0.,0.));
#4102 = DIRECTION('',(0.,1.,0.));
#4103 = ORIENTED_EDGE('',*,*,#4104,.F.);
#4104 = EDGE_CURVE('',#4105,#4096,#4107,.T.);
#4105 = VERTEX_POINT('',#4106);
#4106 = CARTESIAN_POINT('',(3.4,-1.9,2.2));
#4107 = LINE('',#4108,#4109);
#4108 = CARTESIAN_POINT('',(3.4,-1.9,2.2));
#4109 = VECTOR('',#4110,1.);
#4110 = DIRECTION('',(0.,1.,0.));
#4111 = ORIENTED_EDGE('',*,*,#4112,.T.);
#4112 = EDGE_CURVE('',#4105,#4113,#4115,.T.);
#4113 = VERTEX_POINT('',#4114);
#4114 = CARTESIAN_POINT('',(3.4,-2.3,2.6));
#4115 = CIRCLE('',#4116,0.4);
#4116 = AXIS2_PLACEMENT_3D('',#4117,#4118,#4119);
#4117 = CARTESIAN_POINT('',(3.4,-1.9,2.6));
#4118 = DIRECTION('',(-1.,0.,0.));
#4119 = DIRECTION('',(0.,1.054711873394E-14,-1.));
#4120 = ORIENTED_EDGE('',*,*,#4121,.F.);
#4121 = EDGE_CURVE('',#2749,#4113,#4122,.T.);
#4122 = LINE('',#4123,#4124);
#4123 = CARTESIAN_POINT('',(3.4,-2.3,6.65));
#4124 = VECTOR('',#4125,1.);
#4125 = DIRECTION('',(0.,0.,-1.));
#4126 = ORIENTED_EDGE('',*,*,#2757,.F.);
#4127 = ORIENTED_EDGE('',*,*,#4128,.T.);
#4128 = EDGE_CURVE('',#2758,#4129,#4131,.T.);
#4129 = VERTEX_POINT('',#4130);
#4130 = CARTESIAN_POINT('',(3.4,-4.4,1.8));
#4131 = LINE('',#4132,#4133);
#4132 = CARTESIAN_POINT('',(3.4,-4.4,6.65));
#4133 = VECTOR('',#4134,1.);
#4134 = DIRECTION('',(0.,0.,-1.));
#4135 = ORIENTED_EDGE('',*,*,#4136,.T.);
#4136 = EDGE_CURVE('',#4129,#4137,#4139,.T.);
#4137 = VERTEX_POINT('',#4138);
#4138 = CARTESIAN_POINT('',(3.4,-4.8,1.4));
#4139 = CIRCLE('',#4140,0.4);
#4140 = AXIS2_PLACEMENT_3D('',#4141,#4142,#4143);
#4141 = CARTESIAN_POINT('',(3.4,-4.8,1.8));
#4142 = DIRECTION('',(-1.,0.,0.));
#4143 = DIRECTION('',(0.,1.,0.));
#4144 = ORIENTED_EDGE('',*,*,#4145,.F.);
#4145 = EDGE_CURVE('',#4146,#4137,#4148,.T.);
#4146 = VERTEX_POINT('',#4147);
#4147 = CARTESIAN_POINT('',(3.4,-7.317157287525,1.4));
#4148 = LINE('',#4149,#4150);
#4149 = CARTESIAN_POINT('',(3.4,-7.317157287525,1.4));
#4150 = VECTOR('',#4151,1.);
#4151 = DIRECTION('',(0.,1.,0.));
#4152 = ORIENTED_EDGE('',*,*,#4153,.T.);
#4153 = EDGE_CURVE('',#4146,#4154,#4156,.T.);
#4154 = VERTEX_POINT('',#4155);
#4155 = CARTESIAN_POINT('',(3.4,-7.6,1.117157287525));
#4156 = LINE('',#4157,#4158);
#4157 = CARTESIAN_POINT('',(3.4,-7.317157287525,1.4));
#4158 = VECTOR('',#4159,1.);
#4159 = DIRECTION('',(0.,-0.707106781187,-0.707106781187));
#4160 = ORIENTED_EDGE('',*,*,#4161,.T.);
#4161 = EDGE_CURVE('',#4154,#137,#4162,.T.);
#4162 = LINE('',#4163,#4164);
#4163 = CARTESIAN_POINT('',(3.4,-7.6,1.117157287525));
#4164 = VECTOR('',#4165,1.);
#4165 = DIRECTION('',(0.,0.,-1.));
#4166 = ORIENTED_EDGE('',*,*,#145,.T.);
#4167 = ORIENTED_EDGE('',*,*,#4168,.T.);
#4168 = EDGE_CURVE('',#102,#543,#4169,.T.);
#4169 = CIRCLE('',#4170,0.2);
#4170 = AXIS2_PLACEMENT_3D('',#4171,#4172,#4173);
#4171 = CARTESIAN_POINT('',(3.4,-7.,-0.2));
#4172 = DIRECTION('',(-1.,0.,0.));
#4173 = DIRECTION('',(0.,0.,1.));
#4174 = ORIENTED_EDGE('',*,*,#552,.T.);
#4175 = ORIENTED_EDGE('',*,*,#495,.T.);
#4176 = ORIENTED_EDGE('',*,*,#424,.F.);
#4177 = ORIENTED_EDGE('',*,*,#4178,.T.);
#4178 = EDGE_CURVE('',#425,#4179,#4181,.T.);
#4179 = VERTEX_POINT('',#4180);
#4180 = CARTESIAN_POINT('',(3.4,-8.3,-2.2));
#4181 = LINE('',#4182,#4183);
#4182 = CARTESIAN_POINT('',(3.4,-7.7,-1.6));
#4183 = VECTOR('',#4184,1.);
#4184 = DIRECTION('',(0.,-0.707106781187,-0.707106781187));
#4185 = ORIENTED_EDGE('',*,*,#4186,.T.);
#4186 = EDGE_CURVE('',#4179,#4187,#4189,.T.);
#4187 = VERTEX_POINT('',#4188);
#4188 = CARTESIAN_POINT('',(3.4,-8.3,-2.4));
#4189 = LINE('',#4190,#4191);
#4190 = CARTESIAN_POINT('',(3.4,-8.3,-2.2));
#4191 = VECTOR('',#4192,1.);
#4192 = DIRECTION('',(0.,0.,-1.));
#4193 = ORIENTED_EDGE('',*,*,#4194,.T.);
#4194 = EDGE_CURVE('',#4187,#4195,#4197,.T.);
#4195 = VERTEX_POINT('',#4196);
#4196 = CARTESIAN_POINT('',(3.4,-7.74,-2.4));
#4197 = LINE('',#4198,#4199);
#4198 = CARTESIAN_POINT('',(3.4,-8.3,-2.4));
#4199 = VECTOR('',#4200,1.);
#4200 = DIRECTION('',(0.,1.,0.));
#4201 = ORIENTED_EDGE('',*,*,#4202,.T.);
#4202 = EDGE_CURVE('',#4195,#1553,#4203,.T.);
#4203 = CIRCLE('',#4204,0.73340279459);
#4204 = AXIS2_PLACEMENT_3D('',#4205,#4206,#4207);
#4205 = CARTESIAN_POINT('',(3.4,-7.74,-3.13340279459));
#4206 = DIRECTION('',(-1.,0.,0.));
#4207 = DIRECTION('',(0.,0.,1.));
#4208 = ORIENTED_EDGE('',*,*,#1560,.T.);
#4209 = ORIENTED_EDGE('',*,*,#1500,.F.);
#4210 = ORIENTED_EDGE('',*,*,#1467,.T.);
#4211 = ORIENTED_EDGE('',*,*,#4212,.F.);
#4212 = EDGE_CURVE('',#4001,#1468,#4213,.T.);
#4213 = B_SPLINE_CURVE_WITH_KNOTS('',3,(#4214,#4215,#4216,#4217,#4218,
    #4219,#4220),.UNSPECIFIED.,.F.,.F.,(4,1,1,1,4),(0.,0.25,0.5,0.75,1.)
  ,.QUASI_UNIFORM_KNOTS.);
#4214 = CARTESIAN_POINT('',(3.4,-0.2,0.3));
#4215 = CARTESIAN_POINT('',(3.4,-0.245800311135,0.254199688865));
#4216 = CARTESIAN_POINT('',(3.4,-0.331719903603,0.167631454693));
#4217 = CARTESIAN_POINT('',(3.399999999999,-0.430769983506,
    3.502230221715E-02));
#4218 = CARTESIAN_POINT('',(3.400000000002,-0.488575365546,
    -9.810589570968E-02));
#4219 = CARTESIAN_POINT('',(3.399999999995,-0.499999999985,
    -0.179864867553));
#4220 = CARTESIAN_POINT('',(3.399999999995,-0.5,-0.219615242219));
#4221 = PLANE('',#4222);
#4222 = AXIS2_PLACEMENT_3D('',#4223,#4224,#4225);
#4223 = CARTESIAN_POINT('',(3.4,-7.8,0.));
#4224 = DIRECTION('',(1.,0.,0.));
#4225 = DIRECTION('',(-0.,1.,0.));
#4226 = ADVANCED_FACE('',(#4227),#4247,.T.);
#4227 = FACE_BOUND('',#4228,.T.);
#4228 = EDGE_LOOP('',(#4229,#4238,#4245,#4246));
#4229 = ORIENTED_EDGE('',*,*,#4230,.T.);
#4230 = EDGE_CURVE('',#1476,#4231,#4233,.T.);
#4231 = VERTEX_POINT('',#4232);
#4232 = CARTESIAN_POINT('',(3.7,-0.2,0.));
#4233 = CIRCLE('',#4234,0.3);
#4234 = AXIS2_PLACEMENT_3D('',#4235,#4236,#4237);
#4235 = CARTESIAN_POINT('',(3.7,-0.2,-0.3));
#4236 = DIRECTION('',(-1.,0.,0.));
#4237 = DIRECTION('',(0.,-1.,0.));
#4238 = ORIENTED_EDGE('',*,*,#4239,.T.);
#4239 = EDGE_CURVE('',#4231,#4001,#4240,.T.);
#4240 = CIRCLE('',#4241,0.3);
#4241 = AXIS2_PLACEMENT_3D('',#4242,#4243,#4244);
#4242 = CARTESIAN_POINT('',(3.7,-0.2,0.3));
#4243 = DIRECTION('',(0.,1.,0.));
#4244 = DIRECTION('',(0.,0.,-1.));
#4245 = ORIENTED_EDGE('',*,*,#4212,.T.);
#4246 = ORIENTED_EDGE('',*,*,#1475,.T.);
#4247 = TOROIDAL_SURFACE('',#4248,0.6,0.3);
#4248 = AXIS2_PLACEMENT_3D('',#4249,#4250,#4251);
#4249 = CARTESIAN_POINT('',(3.7,-0.2,0.3));
#4250 = DIRECTION('',(0.,-1.,0.));
#4251 = DIRECTION('',(0.706446506969,0.,0.707766439436));
#4252 = ADVANCED_FACE('',(#4253),#4279,.F.);
#4253 = FACE_BOUND('',#4254,.F.);
#4254 = EDGE_LOOP('',(#4255,#4256,#4272,#4278));
#4255 = ORIENTED_EDGE('',*,*,#3998,.F.);
#4256 = ORIENTED_EDGE('',*,*,#4257,.T.);
#4257 = EDGE_CURVE('',#3999,#4258,#4260,.T.);
#4258 = VERTEX_POINT('',#4259);
#4259 = CARTESIAN_POINT('',(3.700000000176,1.931610015955,
    2.015179003084E-06));
#4260 = B_SPLINE_CURVE_WITH_KNOTS('',3,(#4261,#4262,#4263,#4264,#4265,
    #4266,#4267,#4268,#4269,#4270,#4271),.UNSPECIFIED.,.F.,.F.,(4,1,1,1,
    1,1,1,1,4),(0.,0.125,0.25,0.375,0.5,0.625,0.75,0.875,1.),
  .QUASI_UNIFORM_KNOTS.);
#4261 = CARTESIAN_POINT('',(3.400000789278,2.049541867795,0.3));
#4262 = CARTESIAN_POINT('',(3.400001327555,2.042813990222,0.280363329694
    ));
#4263 = CARTESIAN_POINT('',(3.403862482453,2.029029683307,0.241199564554
    ));
#4264 = CARTESIAN_POINT('',(3.420926481299,2.008034574703,0.184795157232
    ));
#4265 = CARTESIAN_POINT('',(3.448715784603,1.987631987248,0.132561067363
    ));
#4266 = CARTESIAN_POINT('',(3.486756563008,1.968715694738,
    8.61452424802E-02));
#4267 = CARTESIAN_POINT('',(3.533365549551,1.952689080568,
    4.816879570114E-02));
#4268 = CARTESIAN_POINT('',(3.585870374104,1.940656283895,
    2.046601341849E-02));
#4269 = CARTESIAN_POINT('',(3.642449222356,1.933231498166,
    3.641123198712E-03));
#4270 = CARTESIAN_POINT('',(3.680910353846,1.931611156709,
    2.850110039564E-06));
#4271 = CARTESIAN_POINT('',(3.700000000176,1.931610015955,
    2.015179003084E-06));
#4272 = ORIENTED_EDGE('',*,*,#4273,.T.);
#4273 = EDGE_CURVE('',#4258,#4231,#4274,.T.);
#4274 = LINE('',#4275,#4276);
#4275 = CARTESIAN_POINT('',(3.700000000176,1.931610015955,
    2.015179003084E-06));
#4276 = VECTOR('',#4277,1.);
#4277 = DIRECTION('',(-8.269549739037E-11,-1.,-9.453788394749E-07));
#4278 = ORIENTED_EDGE('',*,*,#4239,.T.);
#4279 = CYLINDRICAL_SURFACE('',#4280,0.3);
#4280 = AXIS2_PLACEMENT_3D('',#4281,#4282,#4283);
#4281 = CARTESIAN_POINT('',(3.7,30.74336,0.3));
#4282 = DIRECTION('',(0.,-1.,0.));
#4283 = DIRECTION('',(-1.,0.,0.));
#4284 = ADVANCED_FACE('',(#4285),#4307,.T.);
#4285 = FACE_BOUND('',#4286,.T.);
#4286 = EDGE_LOOP('',(#4287,#4288,#4289,#4298));
#4287 = ORIENTED_EDGE('',*,*,#4008,.T.);
#4288 = ORIENTED_EDGE('',*,*,#4257,.T.);
#4289 = ORIENTED_EDGE('',*,*,#4290,.T.);
#4290 = EDGE_CURVE('',#4258,#4291,#4293,.T.);
#4291 = VERTEX_POINT('',#4292);
#4292 = CARTESIAN_POINT('',(3.700000000519,2.224462991678,
    -0.365069816309));
#4293 = CIRCLE('',#4294,0.29999193924);
#4294 = AXIS2_PLACEMENT_3D('',#4295,#4296,#4297);
#4295 = CARTESIAN_POINT('',(3.699999770566,1.931614524371,-0.29998387848
    ));
#4296 = DIRECTION('',(-0.999999999999,7.887438370853E-07,
    1.217034284329E-06));
#4297 = DIRECTION('',(1.217022430349E-06,-1.502876164454E-05,
    0.999999999886));
#4298 = ORIENTED_EDGE('',*,*,#4299,.T.);
#4299 = EDGE_CURVE('',#4291,#4009,#4300,.T.);
#4300 = B_SPLINE_CURVE_WITH_KNOTS('',3,(#4301,#4302,#4303,#4304,#4305,
    #4306),.UNSPECIFIED.,.F.,.F.,(4,1,1,4),(0.,0.333333333333,
    0.666666666667,1.),.UNSPECIFIED.);
#4301 = CARTESIAN_POINT('',(3.700000000519,2.224462991678,
    -0.365069816309));
#4302 = CARTESIAN_POINT('',(3.665384372428,2.224461547175,-0.36506817721
    ));
#4303 = CARTESIAN_POINT('',(3.59697174452,2.225799732214,-0.359101811553
    ));
#4304 = CARTESIAN_POINT('',(3.49431135156,2.231962558187,-0.331207034234
    ));
#4305 = CARTESIAN_POINT('',(3.430837472574,2.23854646112,-0.300979211964
    ));
#4306 = CARTESIAN_POINT('',(3.400000000053,2.242471092777,
    -0.282747326056));
#4307 = ( BOUNDED_SURFACE() B_SPLINE_SURFACE(3,3,(
    (#4308,#4309,#4310,#4311,#4312,#4313,#4314,#4315,#4316,#4317)
    ,(#4318,#4319,#4320,#4321,#4322,#4323,#4324,#4325,#4326,#4327)
    ,(#4328,#4329,#4330,#4331,#4332,#4333,#4334,#4335,#4336,#4337)
    ,(#4338,#4339,#4340,#4341,#4342,#4343,#4344,#4345,#4346,#4347
)),.UNSPECIFIED.,.F.,.F.,.F.) B_SPLINE_SURFACE_WITH_KNOTS((4,4),(4,1,1,1
    ,1,1,1,4),(0.,1.),(1.621982927519E-02,6.078072627145E-02,
    0.123106963412,0.186600443606,0.251289253809,0.315710982618,
    0.379943997747,0.429342508818),.UNSPECIFIED.) 
GEOMETRIC_REPRESENTATION_ITEM() RATIONAL_B_SPLINE_SURFACE((
    (1.288336276213,1.288336276213,1.288336276213,1.288336276213
      ,1.288336276213,1.288336276213,1.288336276213,1.288336276213
      ,1.288336276213,1.288336276213)
    ,(0.903887907929,0.903887907929,0.903887907929,0.903887907929
      ,0.903887907929,0.903887907929,0.903887907929,0.903887907929
      ,0.903887907929,0.903887907929)
    ,(0.903887907929,0.903887907929,0.903887907929,0.903887907929
      ,0.903887907929,0.903887907929,0.903887907929,0.903887907929
      ,0.903887907929,0.903887907929)
    ,(1.288336276213,1.288336276213,1.288336276213,1.288336276213
      ,1.288336276213,1.288336276213,1.288336276213,1.288336276213
,1.288336276213,1.288336276213))) REPRESENTATION_ITEM('') SURFACE() );
#4308 = CARTESIAN_POINT('',(3.713907119468,1.904539697825,
    -9.10311837092E-04));
#4309 = CARTESIAN_POINT('',(3.695271915764,1.904173877068,
    -1.765880239291E-03));
#4310 = CARTESIAN_POINT('',(3.650281009784,1.905066122644,
    3.202948525069E-04));
#4311 = CARTESIAN_POINT('',(3.581171247406,1.913278150727,
    1.946489323904E-02));
#4312 = CARTESIAN_POINT('',(3.512739778254,1.930162885091,
    5.961286612299E-02));
#4313 = CARTESIAN_POINT('',(3.457218142961,1.953083362614,0.115922044189
    ));
#4314 = CARTESIAN_POINT('',(3.418396113621,1.979538352124,0.183941865464
    ));
#4315 = CARTESIAN_POINT('',(3.399829005747,2.004901429643,0.252953823195
    ));
#4316 = CARTESIAN_POINT('',(3.398099398492,2.020595731334,0.298225840419
    ));
#4317 = CARTESIAN_POINT('',(3.399256266312,2.027200892823,0.317791248015
    ));
#4318 = CARTESIAN_POINT('',(3.710554990465,2.141166636774,
    2.051398754106E-02));
#4319 = CARTESIAN_POINT('',(3.696403661292,2.14082362901,
    2.00057695044E-02));
#4320 = CARTESIAN_POINT('',(3.662359682705,2.141664843919,
    2.123397058457E-02));
#4321 = CARTESIAN_POINT('',(3.608679149038,2.14916635128,
    3.275620665663E-02));
#4322 = CARTESIAN_POINT('',(3.551064939416,2.164879256436,
    5.884102562282E-02));
#4323 = CARTESIAN_POINT('',(3.498353616843,2.186699298873,
    9.943775936694E-02));
#4324 = CARTESIAN_POINT('',(3.455152181161,2.212519494318,0.154088283238
    ));
#4325 = CARTESIAN_POINT('',(3.428316861088,2.237856143101,0.215242452227
    ));
#4326 = CARTESIAN_POINT('',(3.420495106684,2.253794248322,0.258372840693
    ));
#4327 = CARTESIAN_POINT('',(3.41905520685,2.260546334758,0.27749717362)
  );
#4328 = CARTESIAN_POINT('',(3.717451017418,2.28984288556,-0.164719615842
    ));
#4329 = CARTESIAN_POINT('',(3.69405361238,2.28951421154,-0.165552602401)
  );
#4330 = CARTESIAN_POINT('',(3.637772525292,2.290323363118,
    -0.163540264294));
#4331 = CARTESIAN_POINT('',(3.548956884774,2.29737843967,-0.144645046493
    ));
#4332 = CARTESIAN_POINT('',(3.453408305674,2.312355066989,
    -0.101743904123));
#4333 = CARTESIAN_POINT('',(3.365713636626,2.333483689584,
    -3.473385070274E-02));
#4334 = CARTESIAN_POINT('',(3.29357900834,2.358905034414,
    5.577812414664E-02));
#4335 = CARTESIAN_POINT('',(3.248554366725,2.384225077626,0.157339176838
    ));
#4336 = CARTESIAN_POINT('',(3.23528692329,2.400316368256,0.22910043057)
  );
#4337 = CARTESIAN_POINT('',(3.232786836071,2.407160769836,0.260939788823
    ));
#4338 = CARTESIAN_POINT('',(3.728421735311,2.217470411541,
    -0.390786194395));
#4339 = CARTESIAN_POINT('',(3.6903255811,2.217134760155,-0.39232532891)
  );
#4340 = CARTESIAN_POINT('',(3.598530466033,2.217959519489,
    -0.388588718316));
#4341 = CARTESIAN_POINT('',(3.455469052649,2.225231909179,
    -0.353925619472));
#4342 = CARTESIAN_POINT('',(3.307194102024,2.240566941078,
    -0.278382994599));
#4343 = CARTESIAN_POINT('',(3.178040237847,2.262032132325,
    -0.166479603971));
#4344 = CARTESIAN_POINT('',(3.078320219178,2.287647629254,
    -2.297933749359E-02));
#4345 = CARTESIAN_POINT('',(3.021468601043,2.312975755708,0.131080198845
    ));
#4346 = CARTESIAN_POINT('',(3.008277019404,2.328992478901,0.236613873028
    ));
#4347 = CARTESIAN_POINT('',(3.0072024266,2.335791943408,0.282941604686)
  );
#4348 = ADVANCED_FACE('',(#4349),#4380,.T.);
#4349 = FACE_BOUND('',#4350,.T.);
#4350 = EDGE_LOOP('',(#4351,#4352,#4363,#4364,#4365,#4373));
#4351 = ORIENTED_EDGE('',*,*,#1077,.F.);
#4352 = ORIENTED_EDGE('',*,*,#4353,.T.);
#4353 = EDGE_CURVE('',#1078,#4022,#4354,.T.);
#4354 = B_SPLINE_CURVE_WITH_KNOTS('',3,(#4355,#4356,#4357,#4358,#4359,
    #4360,#4361,#4362),.UNSPECIFIED.,.F.,.F.,(4,1,1,1,1,4),(0.,0.2,0.4,
    0.6,0.8,1.),.QUASI_UNIFORM_KNOTS.);
#4355 = CARTESIAN_POINT('',(3.2,0.3,-4.8));
#4356 = CARTESIAN_POINT('',(3.218957048389,0.3,-4.8));
#4357 = CARTESIAN_POINT('',(3.257796002514,0.303643210256,
    -4.794683094037));
#4358 = CARTESIAN_POINT('',(3.314538855736,0.321946815726,-4.76786772775
    ));
#4359 = CARTESIAN_POINT('',(3.360296790136,0.350896193078,
    -4.725152380955));
#4360 = CARTESIAN_POINT('',(3.392202851196,0.389664487447,
    -4.667342605601));
#4361 = CARTESIAN_POINT('',(3.4,0.419018404763,-4.622993972955));
#4362 = CARTESIAN_POINT('',(3.4,0.434125961335,-4.6));
#4363 = ORIENTED_EDGE('',*,*,#4021,.F.);
#4364 = ORIENTED_EDGE('',*,*,#4299,.F.);
#4365 = ORIENTED_EDGE('',*,*,#4366,.T.);
#4366 = EDGE_CURVE('',#4291,#4367,#4369,.T.);
#4367 = VERTEX_POINT('',#4368);
#4368 = CARTESIAN_POINT('',(3.9,2.224467959898,-0.36507092044));
#4369 = LINE('',#4370,#4371);
#4370 = CARTESIAN_POINT('',(3.700000000519,2.224462991678,
    -0.365069816309));
#4371 = VECTOR('',#4372,1.);
#4372 = DIRECTION('',(0.999999999676,2.484110162776E-05,
    -5.520652612611E-06));
#4373 = ORIENTED_EDGE('',*,*,#4374,.F.);
#4374 = EDGE_CURVE('',#1064,#4367,#4375,.T.);
#4375 = CIRCLE('',#4376,12.74795669902);
#4376 = AXIS2_PLACEMENT_3D('',#4377,#4378,#4379);
#4377 = CARTESIAN_POINT('',(3.9,-10.22,2.4));
#4378 = DIRECTION('',(1.,0.,0.));
#4379 = DIRECTION('',(0.,0.825230289715,-0.564796396002));
#4380 = CYLINDRICAL_SURFACE('',#4381,12.74795669902);
#4381 = AXIS2_PLACEMENT_3D('',#4382,#4383,#4384);
#4382 = CARTESIAN_POINT('',(4.2,-10.22,2.4));
#4383 = DIRECTION('',(-1.,0.,0.));
#4384 = DIRECTION('',(0.,-1.,0.));
#4385 = ADVANCED_FACE('',(#4386),#4406,.T.);
#4386 = FACE_BOUND('',#4387,.T.);
#4387 = EDGE_LOOP('',(#4388,#4389,#4398,#4405));
#4388 = ORIENTED_EDGE('',*,*,#4374,.T.);
#4389 = ORIENTED_EDGE('',*,*,#4390,.F.);
#4390 = EDGE_CURVE('',#4391,#4367,#4393,.T.);
#4391 = VERTEX_POINT('',#4392);
#4392 = CARTESIAN_POINT('',(4.2,1.931610683837,-0.3));
#4393 = CIRCLE('',#4394,0.3);
#4394 = AXIS2_PLACEMENT_3D('',#4395,#4396,#4397);
#4395 = CARTESIAN_POINT('',(3.9,1.931610015985,-0.3));
#4396 = DIRECTION('',(0.,0.216903068133,0.976193146378));
#4397 = DIRECTION('',(1.,0.,-0.));
#4398 = ORIENTED_EDGE('',*,*,#4399,.F.);
#4399 = EDGE_CURVE('',#1056,#4391,#4400,.T.);
#4400 = CIRCLE('',#4401,12.44795669902);
#4401 = AXIS2_PLACEMENT_3D('',#4402,#4403,#4404);
#4402 = CARTESIAN_POINT('',(4.2,-10.22,2.4));
#4403 = DIRECTION('',(1.,0.,0.));
#4404 = DIRECTION('',(0.,0.815747494852,-0.578408181687));
#4405 = ORIENTED_EDGE('',*,*,#1063,.F.);
#4406 = TOROIDAL_SURFACE('',#4407,12.44795669902,0.3);
#4407 = AXIS2_PLACEMENT_3D('',#4408,#4409,#4410);
#4408 = CARTESIAN_POINT('',(3.9,-10.22,2.4));
#4409 = DIRECTION('',(-1.,0.,0.));
#4410 = DIRECTION('',(0.,-0.923435495332,0.383753678758));
#4411 = ADVANCED_FACE('',(#4412),#4423,.F.);
#4412 = FACE_BOUND('',#4413,.F.);
#4413 = EDGE_LOOP('',(#4414,#4415,#4421,#4422));
#4414 = ORIENTED_EDGE('',*,*,#1424,.F.);
#4415 = ORIENTED_EDGE('',*,*,#4416,.F.);
#4416 = EDGE_CURVE('',#4391,#1425,#4417,.T.);
#4417 = LINE('',#4418,#4419);
#4418 = CARTESIAN_POINT('',(4.2,1.931610683837,-0.3));
#4419 = VECTOR('',#4420,1.);
#4420 = DIRECTION('',(0.,-1.,0.));
#4421 = ORIENTED_EDGE('',*,*,#4399,.F.);
#4422 = ORIENTED_EDGE('',*,*,#1055,.T.);
#4423 = PLANE('',#4424);
#4424 = AXIS2_PLACEMENT_3D('',#4425,#4426,#4427);
#4425 = CARTESIAN_POINT('',(4.2,0.,0.));
#4426 = DIRECTION('',(-1.,0.,0.));
#4427 = DIRECTION('',(0.,-1.,0.));
#4428 = ADVANCED_FACE('',(#4429),#4456,.T.);
#4429 = FACE_BOUND('',#4430,.T.);
#4430 = EDGE_LOOP('',(#4431,#4440,#4441,#4450));
#4431 = ORIENTED_EDGE('',*,*,#4432,.F.);
#4432 = EDGE_CURVE('',#1425,#4433,#4435,.T.);
#4433 = VERTEX_POINT('',#4434);
#4434 = CARTESIAN_POINT('',(3.9,-0.2,0.));
#4435 = CIRCLE('',#4436,0.3);
#4436 = AXIS2_PLACEMENT_3D('',#4437,#4438,#4439);
#4437 = CARTESIAN_POINT('',(3.9,-0.2,-0.3));
#4438 = DIRECTION('',(0.,-1.,0.));
#4439 = DIRECTION('',(1.,0.,0.));
#4440 = ORIENTED_EDGE('',*,*,#4416,.F.);
#4441 = ORIENTED_EDGE('',*,*,#4442,.F.);
#4442 = EDGE_CURVE('',#4443,#4391,#4445,.T.);
#4443 = VERTEX_POINT('',#4444);
#4444 = CARTESIAN_POINT('',(3.9,1.931610015985,0.));
#4445 = CIRCLE('',#4446,0.3);
#4446 = AXIS2_PLACEMENT_3D('',#4447,#4448,#4449);
#4447 = CARTESIAN_POINT('',(3.9,1.931610015985,-0.3));
#4448 = DIRECTION('',(0.,1.,0.));
#4449 = DIRECTION('',(0.,-0.,1.));
#4450 = ORIENTED_EDGE('',*,*,#4451,.T.);
#4451 = EDGE_CURVE('',#4443,#4433,#4452,.T.);
#4452 = LINE('',#4453,#4454);
#4453 = CARTESIAN_POINT('',(3.9,1.931610015985,0.));
#4454 = VECTOR('',#4455,1.);
#4455 = DIRECTION('',(0.,-1.,0.));
#4456 = CYLINDRICAL_SURFACE('',#4457,0.3);
#4457 = AXIS2_PLACEMENT_3D('',#4458,#4459,#4460);
#4458 = CARTESIAN_POINT('',(3.9,30.74336,-0.3));
#4459 = DIRECTION('',(0.,-1.,0.));
#4460 = DIRECTION('',(1.,0.,0.));
#4461 = ADVANCED_FACE('',(#4462),#4478,.F.);
#4462 = FACE_BOUND('',#4463,.F.);
#4463 = EDGE_LOOP('',(#4464,#4465,#4471,#4472));
#4464 = ORIENTED_EDGE('',*,*,#4451,.T.);
#4465 = ORIENTED_EDGE('',*,*,#4466,.F.);
#4466 = EDGE_CURVE('',#4231,#4433,#4467,.T.);
#4467 = LINE('',#4468,#4469);
#4468 = CARTESIAN_POINT('',(3.7,-0.2,0.));
#4469 = VECTOR('',#4470,1.);
#4470 = DIRECTION('',(1.,0.,0.));
#4471 = ORIENTED_EDGE('',*,*,#4273,.F.);
#4472 = ORIENTED_EDGE('',*,*,#4473,.T.);
#4473 = EDGE_CURVE('',#4258,#4443,#4474,.T.);
#4474 = LINE('',#4475,#4476);
#4475 = CARTESIAN_POINT('',(3.700000000176,1.931610015955,
    2.015179003084E-06));
#4476 = VECTOR('',#4477,1.);
#4477 = DIRECTION('',(0.999999999949,1.514377513537E-10,
    -1.007589502372E-05));
#4478 = PLANE('',#4479);
#4479 = AXIS2_PLACEMENT_3D('',#4480,#4481,#4482);
#4480 = CARTESIAN_POINT('',(4.2,-0.5,0.));
#4481 = DIRECTION('',(0.,0.,-1.));
#4482 = DIRECTION('',(0.,1.,0.));
#4483 = ADVANCED_FACE('',(#4484),#4496,.T.);
#4484 = FACE_BOUND('',#4485,.T.);
#4485 = EDGE_LOOP('',(#4486,#4493,#4494,#4495));
#4486 = ORIENTED_EDGE('',*,*,#4487,.F.);
#4487 = EDGE_CURVE('',#4433,#1433,#4488,.T.);
#4488 = CIRCLE('',#4489,0.3);
#4489 = AXIS2_PLACEMENT_3D('',#4490,#4491,#4492);
#4490 = CARTESIAN_POINT('',(3.9,-0.2,-0.3));
#4491 = DIRECTION('',(1.,0.,-0.));
#4492 = DIRECTION('',(0.,0.,1.));
#4493 = ORIENTED_EDGE('',*,*,#4466,.F.);
#4494 = ORIENTED_EDGE('',*,*,#4230,.F.);
#4495 = ORIENTED_EDGE('',*,*,#1484,.T.);
#4496 = CYLINDRICAL_SURFACE('',#4497,0.3);
#4497 = AXIS2_PLACEMENT_3D('',#4498,#4499,#4500);
#4498 = CARTESIAN_POINT('',(-15.15024,-0.2,-0.3));
#4499 = DIRECTION('',(1.,0.,0.));
#4500 = DIRECTION('',(0.,0.,1.));
#4501 = ADVANCED_FACE('',(#4502),#4507,.T.);
#4502 = FACE_BOUND('',#4503,.T.);
#4503 = EDGE_LOOP('',(#4504,#4505,#4506));
#4504 = ORIENTED_EDGE('',*,*,#1432,.T.);
#4505 = ORIENTED_EDGE('',*,*,#4432,.T.);
#4506 = ORIENTED_EDGE('',*,*,#4487,.T.);
#4507 = SPHERICAL_SURFACE('',#4508,0.3);
#4508 = AXIS2_PLACEMENT_3D('',#4509,#4510,#4511);
#4509 = CARTESIAN_POINT('',(3.9,-0.2,-0.3));
#4510 = DIRECTION('',(-0.707106781187,-0.707106781187,0.));
#4511 = DIRECTION('',(0.707106781187,-0.707106781187,0.));
#4512 = ADVANCED_FACE('',(#4513),#4525,.T.);
#4513 = FACE_BOUND('',#4514,.T.);
#4514 = EDGE_LOOP('',(#4515,#4522,#4523,#4524));
#4515 = ORIENTED_EDGE('',*,*,#4516,.F.);
#4516 = EDGE_CURVE('',#4367,#4443,#4517,.T.);
#4517 = CIRCLE('',#4518,0.3);
#4518 = AXIS2_PLACEMENT_3D('',#4519,#4520,#4521);
#4519 = CARTESIAN_POINT('',(3.9,1.931610015985,-0.3));
#4520 = DIRECTION('',(1.,0.,0.));
#4521 = DIRECTION('',(0.,0.976193146378,-0.216903068133));
#4522 = ORIENTED_EDGE('',*,*,#4366,.F.);
#4523 = ORIENTED_EDGE('',*,*,#4290,.F.);
#4524 = ORIENTED_EDGE('',*,*,#4473,.T.);
#4525 = CYLINDRICAL_SURFACE('',#4526,0.3);
#4526 = AXIS2_PLACEMENT_3D('',#4527,#4528,#4529);
#4527 = CARTESIAN_POINT('',(-15.15024,1.931610015985,-0.3));
#4528 = DIRECTION('',(1.,0.,0.));
#4529 = DIRECTION('',(0.,0.976193146378,-0.216903068133));
#4530 = ADVANCED_FACE('',(#4531),#4536,.T.);
#4531 = FACE_BOUND('',#4532,.T.);
#4532 = EDGE_LOOP('',(#4533,#4534,#4535));
#4533 = ORIENTED_EDGE('',*,*,#4442,.T.);
#4534 = ORIENTED_EDGE('',*,*,#4390,.T.);
#4535 = ORIENTED_EDGE('',*,*,#4516,.T.);
#4536 = SPHERICAL_SURFACE('',#4537,0.3);
#4537 = AXIS2_PLACEMENT_3D('',#4538,#4539,#4540);
#4538 = CARTESIAN_POINT('',(3.9,1.931610015985,-0.3));
#4539 = DIRECTION('',(0.,0.625738336634,-0.780033033958));
#4540 = DIRECTION('',(0.,0.780033033958,0.625738336634));
#4541 = ADVANCED_FACE('',(#4542),#4558,.T.);
#4542 = FACE_BOUND('',#4543,.T.);
#4543 = EDGE_LOOP('',(#4544,#4545,#4546,#4557));
#4544 = ORIENTED_EDGE('',*,*,#4353,.F.);
#4545 = ORIENTED_EDGE('',*,*,#1085,.F.);
#4546 = ORIENTED_EDGE('',*,*,#4547,.T.);
#4547 = EDGE_CURVE('',#1086,#4031,#4548,.T.);
#4548 = B_SPLINE_CURVE_WITH_KNOTS('',3,(#4549,#4550,#4551,#4552,#4553,
    #4554,#4555,#4556),.UNSPECIFIED.,.F.,.F.,(4,1,1,1,1,4),(0.,0.2,0.4,
    0.6,0.8,1.),.QUASI_UNIFORM_KNOTS.);
#4549 = CARTESIAN_POINT('',(3.2,5.226086956522,-4.8));
#4550 = CARTESIAN_POINT('',(3.218311302447,5.226086956522,-4.8));
#4551 = CARTESIAN_POINT('',(3.255972296461,5.222352696061,
    -4.794960107234));
#4552 = CARTESIAN_POINT('',(3.310964075317,5.203950778985,-4.77012421543
    ));
#4553 = CARTESIAN_POINT('',(3.357867926426,5.172927284704,
    -4.728253787249));
#4554 = CARTESIAN_POINT('',(3.391095503091,5.130404018401,
    -4.670862851475));
#4555 = CARTESIAN_POINT('',(3.4,5.096024127145,-4.624462508733));
#4556 = CARTESIAN_POINT('',(3.4,5.077898864693,-4.6));
#4557 = ORIENTED_EDGE('',*,*,#4030,.T.);
#4558 = CYLINDRICAL_SURFACE('',#4559,0.2);
#4559 = AXIS2_PLACEMENT_3D('',#4560,#4561,#4562);
#4560 = CARTESIAN_POINT('',(3.2,30.74336,-4.6));
#4561 = DIRECTION('',(0.,-1.,0.));
#4562 = DIRECTION('',(0.,0.,-1.));
#4563 = ADVANCED_FACE('',(#4564),#4575,.T.);
#4564 = FACE_BOUND('',#4565,.T.);
#4565 = EDGE_LOOP('',(#4566,#4567,#4568,#4569));
#4566 = ORIENTED_EDGE('',*,*,#3969,.T.);
#4567 = ORIENTED_EDGE('',*,*,#4038,.F.);
#4568 = ORIENTED_EDGE('',*,*,#4547,.F.);
#4569 = ORIENTED_EDGE('',*,*,#4570,.T.);
#4570 = EDGE_CURVE('',#1086,#3635,#4571,.T.);
#4571 = LINE('',#4572,#4573);
#4572 = CARTESIAN_POINT('',(3.2,5.226086956522,-4.8));
#4573 = VECTOR('',#4574,1.);
#4574 = DIRECTION('',(0.,0.291161615783,0.956673880429));
#4575 = CYLINDRICAL_SURFACE('',#4576,0.2);
#4576 = AXIS2_PLACEMENT_3D('',#4577,#4578,#4579);
#4577 = CARTESIAN_POINT('',(3.2,0.47426669078,-19.72622));
#4578 = DIRECTION('',(0.,0.291161615783,0.956673880429));
#4579 = DIRECTION('',(1.,0.,-0.));
#4580 = ADVANCED_FACE('',(#4581),#4619,.T.);
#4581 = FACE_BOUND('',#4582,.F.);
#4582 = EDGE_LOOP('',(#4583,#4584,#4585,#4586,#4587,#4595,#4603,#4611,
    #4612,#4618));
#4583 = ORIENTED_EDGE('',*,*,#4570,.T.);
#4584 = ORIENTED_EDGE('',*,*,#3634,.F.);
#4585 = ORIENTED_EDGE('',*,*,#3867,.F.);
#4586 = ORIENTED_EDGE('',*,*,#3757,.T.);
#4587 = ORIENTED_EDGE('',*,*,#4588,.F.);
#4588 = EDGE_CURVE('',#4589,#3750,#4591,.T.);
#4589 = VERTEX_POINT('',#4590);
#4590 = CARTESIAN_POINT('',(-1.6,6.175359390319,-1.680962003237));
#4591 = LINE('',#4592,#4593);
#4592 = CARTESIAN_POINT('',(-1.6,6.175359390319,-1.680962003237));
#4593 = VECTOR('',#4594,1.);
#4594 = DIRECTION('',(1.,0.,0.));
#4595 = ORIENTED_EDGE('',*,*,#4596,.T.);
#4596 = EDGE_CURVE('',#4589,#4597,#4599,.T.);
#4597 = VERTEX_POINT('',#4598);
#4598 = CARTESIAN_POINT('',(-1.6,5.552714589796,-3.726794919241));
#4599 = LINE('',#4600,#4601);
#4600 = CARTESIAN_POINT('',(-1.6,6.175359390319,-1.680962003237));
#4601 = VECTOR('',#4602,1.);
#4602 = DIRECTION('',(0.,-0.291161615783,-0.956673880429));
#4603 = ORIENTED_EDGE('',*,*,#4604,.F.);
#4604 = EDGE_CURVE('',#3460,#4597,#4605,.T.);
#4605 = B_SPLINE_CURVE_WITH_KNOTS('',3,(#4606,#4607,#4608,#4609,#4610),
  .UNSPECIFIED.,.F.,.F.,(4,1,4),(0.,0.5,1.),.QUASI_UNIFORM_KNOTS.);
#4606 = CARTESIAN_POINT('',(-1.700000000003,5.500000000002,
    -3.899999999995));
#4607 = CARTESIAN_POINT('',(-1.666110138516,5.505954967156,
    -3.880433679343));
#4608 = CARTESIAN_POINT('',(-1.619775193003,5.521389557009,
    -3.829720026971));
#4609 = CARTESIAN_POINT('',(-1.600000000001,5.541189497777,
    -3.764663078734));
#4610 = CARTESIAN_POINT('',(-1.6,5.552714589796,-3.726794919243));
#4611 = ORIENTED_EDGE('',*,*,#3658,.F.);
#4612 = ORIENTED_EDGE('',*,*,#4613,.T.);
#4613 = EDGE_CURVE('',#3548,#1094,#4614,.T.);
#4614 = LINE('',#4615,#4616);
#4615 = CARTESIAN_POINT('',(-3.2,5.5,-3.9));
#4616 = VECTOR('',#4617,1.);
#4617 = DIRECTION('',(0.,-0.291161615783,-0.956673880429));
#4618 = ORIENTED_EDGE('',*,*,#1093,.F.);
#4619 = PLANE('',#4620);
#4620 = AXIS2_PLACEMENT_3D('',#4621,#4622,#4623);
#4621 = CARTESIAN_POINT('',(-1.6,6.147219415723,-1.773421919769));
#4622 = DIRECTION('',(0.,0.956673880429,-0.291161615783));
#4623 = DIRECTION('',(0.,-0.291161615783,-0.956673880429));
#4624 = ADVANCED_FACE('',(#4625),#4636,.T.);
#4625 = FACE_BOUND('',#4626,.F.);
#4626 = EDGE_LOOP('',(#4627,#4628,#4634,#4635));
#4627 = ORIENTED_EDGE('',*,*,#3594,.T.);
#4628 = ORIENTED_EDGE('',*,*,#4629,.T.);
#4629 = EDGE_CURVE('',#3587,#4589,#4630,.T.);
#4630 = LINE('',#4631,#4632);
#4631 = CARTESIAN_POINT('',(-1.6,5.5,-1.5));
#4632 = VECTOR('',#4633,1.);
#4633 = DIRECTION('',(0.,0.965925826289,-0.258819045102));
#4634 = ORIENTED_EDGE('',*,*,#4588,.T.);
#4635 = ORIENTED_EDGE('',*,*,#3749,.F.);
#4636 = PLANE('',#4637);
#4637 = AXIS2_PLACEMENT_3D('',#4638,#4639,#4640);
#4638 = CARTESIAN_POINT('',(-1.6,5.5,-1.5));
#4639 = DIRECTION('',(0.,0.258819045102,0.965925826289));
#4640 = DIRECTION('',(0.,0.965925826289,-0.258819045102));
#4641 = ADVANCED_FACE('',(#4642),#4686,.T.);
#4642 = FACE_BOUND('',#4643,.F.);
#4643 = EDGE_LOOP('',(#4644,#4645,#4646,#4652,#4653,#4654,#4655,#4656,
    #4664,#4672,#4680));
#4644 = ORIENTED_EDGE('',*,*,#3795,.F.);
#4645 = ORIENTED_EDGE('',*,*,#3845,.F.);
#4646 = ORIENTED_EDGE('',*,*,#4647,.F.);
#4647 = EDGE_CURVE('',#4597,#3837,#4648,.T.);
#4648 = LINE('',#4649,#4650);
#4649 = CARTESIAN_POINT('',(-1.6,5.552714589796,-3.726794919241));
#4650 = VECTOR('',#4651,1.);
#4651 = DIRECTION('',(0.,-1.,-3.432480442019E-12));
#4652 = ORIENTED_EDGE('',*,*,#4596,.F.);
#4653 = ORIENTED_EDGE('',*,*,#4629,.F.);
#4654 = ORIENTED_EDGE('',*,*,#3586,.T.);
#4655 = ORIENTED_EDGE('',*,*,#3691,.F.);
#4656 = ORIENTED_EDGE('',*,*,#4657,.T.);
#4657 = EDGE_CURVE('',#3684,#4658,#4660,.T.);
#4658 = VERTEX_POINT('',#4659);
#4659 = CARTESIAN_POINT('',(-1.6,6.,1.));
#4660 = LINE('',#4661,#4662);
#4661 = CARTESIAN_POINT('',(-1.6,5.7,1.));
#4662 = VECTOR('',#4663,1.);
#4663 = DIRECTION('',(0.,1.,0.));
#4664 = ORIENTED_EDGE('',*,*,#4665,.T.);
#4665 = EDGE_CURVE('',#4658,#4666,#4668,.T.);
#4666 = VERTEX_POINT('',#4667);
#4667 = CARTESIAN_POINT('',(-1.6,6.,1.3));
#4668 = LINE('',#4669,#4670);
#4669 = CARTESIAN_POINT('',(-1.6,6.,1.));
#4670 = VECTOR('',#4671,1.);
#4671 = DIRECTION('',(0.,0.,1.));
#4672 = ORIENTED_EDGE('',*,*,#4673,.F.);
#4673 = EDGE_CURVE('',#4674,#4666,#4676,.T.);
#4674 = VERTEX_POINT('',#4675);
#4675 = CARTESIAN_POINT('',(-1.6,5.6,1.7));
#4676 = LINE('',#4677,#4678);
#4677 = CARTESIAN_POINT('',(-1.6,5.6,1.7));
#4678 = VECTOR('',#4679,1.);
#4679 = DIRECTION('',(0.,0.707106781187,-0.707106781187));
#4680 = ORIENTED_EDGE('',*,*,#4681,.F.);
#4681 = EDGE_CURVE('',#3788,#4674,#4682,.T.);
#4682 = LINE('',#4683,#4684);
#4683 = CARTESIAN_POINT('',(-1.6,5.1,1.7));
#4684 = VECTOR('',#4685,1.);
#4685 = DIRECTION('',(0.,1.,0.));
#4686 = PLANE('',#4687);
#4687 = AXIS2_PLACEMENT_3D('',#4688,#4689,#4690);
#4688 = CARTESIAN_POINT('',(-1.6,5.5,-3.9));
#4689 = DIRECTION('',(-1.,0.,0.));
#4690 = DIRECTION('',(0.,-1.,0.));
#4691 = ADVANCED_FACE('',(#4692),#4698,.F.);
#4692 = FACE_BOUND('',#4693,.F.);
#4693 = EDGE_LOOP('',(#4694,#4695,#4696,#4697));
#4694 = ORIENTED_EDGE('',*,*,#3467,.F.);
#4695 = ORIENTED_EDGE('',*,*,#4604,.T.);
#4696 = ORIENTED_EDGE('',*,*,#4647,.T.);
#4697 = ORIENTED_EDGE('',*,*,#3836,.T.);
#4698 = CYLINDRICAL_SURFACE('',#4699,0.2);
#4699 = AXIS2_PLACEMENT_3D('',#4700,#4701,#4702);
#4700 = CARTESIAN_POINT('',(-1.8,30.74336,-3.726794919236));
#4701 = DIRECTION('',(0.,-1.,0.));
#4702 = DIRECTION('',(0.499999999996,0.,-0.866025403787));
#4703 = ADVANCED_FACE('',(#4704),#4715,.T.);
#4704 = FACE_BOUND('',#4705,.F.);
#4705 = EDGE_LOOP('',(#4706,#4707,#4708,#4714));
#4706 = ORIENTED_EDGE('',*,*,#3683,.F.);
#4707 = ORIENTED_EDGE('',*,*,#3741,.T.);
#4708 = ORIENTED_EDGE('',*,*,#4709,.T.);
#4709 = EDGE_CURVE('',#3734,#4658,#4710,.T.);
#4710 = LINE('',#4711,#4712);
#4711 = CARTESIAN_POINT('',(1.6,6.,1.));
#4712 = VECTOR('',#4713,1.);
#4713 = DIRECTION('',(-1.,0.,0.));
#4714 = ORIENTED_EDGE('',*,*,#4657,.F.);
#4715 = PLANE('',#4716);
#4716 = AXIS2_PLACEMENT_3D('',#4717,#4718,#4719);
#4717 = CARTESIAN_POINT('',(1.6,5.5,1.));
#4718 = DIRECTION('',(0.,0.,-1.));
#4719 = DIRECTION('',(-1.,0.,0.));
#4720 = ADVANCED_FACE('',(#4721),#4732,.T.);
#4721 = FACE_BOUND('',#4722,.F.);
#4722 = EDGE_LOOP('',(#4723,#4729,#4730,#4731));
#4723 = ORIENTED_EDGE('',*,*,#4724,.F.);
#4724 = EDGE_CURVE('',#4666,#3726,#4725,.T.);
#4725 = LINE('',#4726,#4727);
#4726 = CARTESIAN_POINT('',(-1.6,6.,1.3));
#4727 = VECTOR('',#4728,1.);
#4728 = DIRECTION('',(1.,0.,0.));
#4729 = ORIENTED_EDGE('',*,*,#4665,.F.);
#4730 = ORIENTED_EDGE('',*,*,#4709,.F.);
#4731 = ORIENTED_EDGE('',*,*,#3733,.F.);
#4732 = PLANE('',#4733);
#4733 = AXIS2_PLACEMENT_3D('',#4734,#4735,#4736);
#4734 = CARTESIAN_POINT('',(0.,6.,-4.8));
#4735 = DIRECTION('',(0.,1.,0.));
#4736 = DIRECTION('',(-1.,0.,0.));
#4737 = ADVANCED_FACE('',(#4738),#4749,.T.);
#4738 = FACE_BOUND('',#4739,.F.);
#4739 = EDGE_LOOP('',(#4740,#4741,#4747,#4748));
#4740 = ORIENTED_EDGE('',*,*,#3725,.T.);
#4741 = ORIENTED_EDGE('',*,*,#4742,.F.);
#4742 = EDGE_CURVE('',#4674,#3718,#4743,.T.);
#4743 = LINE('',#4744,#4745);
#4744 = CARTESIAN_POINT('',(-1.6,5.6,1.7));
#4745 = VECTOR('',#4746,1.);
#4746 = DIRECTION('',(1.,0.,0.));
#4747 = ORIENTED_EDGE('',*,*,#4673,.T.);
#4748 = ORIENTED_EDGE('',*,*,#4724,.T.);
#4749 = PLANE('',#4750);
#4750 = AXIS2_PLACEMENT_3D('',#4751,#4752,#4753);
#4751 = CARTESIAN_POINT('',(0.,5.8,1.5));
#4752 = DIRECTION('',(0.,0.707106781187,0.707106781187));
#4753 = DIRECTION('',(0.,-0.707106781187,0.707106781187));
#4754 = ADVANCED_FACE('',(#4755),#4761,.T.);
#4755 = FACE_BOUND('',#4756,.F.);
#4756 = EDGE_LOOP('',(#4757,#4758,#4759,#4760));
#4757 = ORIENTED_EDGE('',*,*,#3787,.F.);
#4758 = ORIENTED_EDGE('',*,*,#4681,.T.);
#4759 = ORIENTED_EDGE('',*,*,#4742,.T.);
#4760 = ORIENTED_EDGE('',*,*,#3717,.T.);
#4761 = PLANE('',#4762);
#4762 = AXIS2_PLACEMENT_3D('',#4763,#4764,#4765);
#4763 = CARTESIAN_POINT('',(0.,0.,1.7));
#4764 = DIRECTION('',(0.,0.,1.));
#4765 = DIRECTION('',(-1.,0.,0.));
#4766 = ADVANCED_FACE('',(#4767),#4783,.T.);
#4767 = FACE_BOUND('',#4768,.T.);
#4768 = EDGE_LOOP('',(#4769,#4770,#4771,#4782));
#4769 = ORIENTED_EDGE('',*,*,#3547,.F.);
#4770 = ORIENTED_EDGE('',*,*,#4613,.T.);
#4771 = ORIENTED_EDGE('',*,*,#4772,.T.);
#4772 = EDGE_CURVE('',#1094,#833,#4773,.T.);
#4773 = B_SPLINE_CURVE_WITH_KNOTS('',3,(#4774,#4775,#4776,#4777,#4778,
    #4779,#4780,#4781),.UNSPECIFIED.,.F.,.F.,(4,1,1,1,1,4),(0.,0.2,0.4,
    0.6,0.8,1.),.QUASI_UNIFORM_KNOTS.);
#4774 = CARTESIAN_POINT('',(-3.2,5.226086956522,-4.8));
#4775 = CARTESIAN_POINT('',(-3.218311302447,5.226086956522,-4.8));
#4776 = CARTESIAN_POINT('',(-3.255972296461,5.222352696061,
    -4.794960107234));
#4777 = CARTESIAN_POINT('',(-3.310964075317,5.203950778985,
    -4.77012421543));
#4778 = CARTESIAN_POINT('',(-3.357867926426,5.172927284704,
    -4.728253787249));
#4779 = CARTESIAN_POINT('',(-3.391095503091,5.130404018401,
    -4.670862851475));
#4780 = CARTESIAN_POINT('',(-3.4,5.096024127145,-4.624462508733));
#4781 = CARTESIAN_POINT('',(-3.4,5.077898864693,-4.6));
#4782 = ORIENTED_EDGE('',*,*,#832,.F.);
#4783 = CYLINDRICAL_SURFACE('',#4784,0.2);
#4784 = AXIS2_PLACEMENT_3D('',#4785,#4786,#4787);
#4785 = CARTESIAN_POINT('',(-3.2,13.04457451687,21.57622));
#4786 = DIRECTION('',(0.,-0.291161615783,-0.956673880429));
#4787 = DIRECTION('',(-1.,-0.,0.));
#4788 = ADVANCED_FACE('',(#4789),#4795,.T.);
#4789 = FACE_BOUND('',#4790,.T.);
#4790 = EDGE_LOOP('',(#4791,#4792,#4793,#4794));
#4791 = ORIENTED_EDGE('',*,*,#969,.F.);
#4792 = ORIENTED_EDGE('',*,*,#840,.T.);
#4793 = ORIENTED_EDGE('',*,*,#4772,.F.);
#4794 = ORIENTED_EDGE('',*,*,#1101,.F.);
#4795 = CYLINDRICAL_SURFACE('',#4796,0.2);
#4796 = AXIS2_PLACEMENT_3D('',#4797,#4798,#4799);
#4797 = CARTESIAN_POINT('',(-3.2,-32.74336,-4.6));
#4798 = DIRECTION('',(0.,1.,0.));
#4799 = DIRECTION('',(0.,0.,-1.));
#4800 = ADVANCED_FACE('',(#4801),#4820,.F.);
#4801 = FACE_BOUND('',#4802,.F.);
#4802 = EDGE_LOOP('',(#4803,#4811,#4812,#4813));
#4803 = ORIENTED_EDGE('',*,*,#4804,.F.);
#4804 = EDGE_CURVE('',#4195,#4805,#4807,.T.);
#4805 = VERTEX_POINT('',#4806);
#4806 = CARTESIAN_POINT('',(1.8,-7.74,-2.4));
#4807 = LINE('',#4808,#4809);
#4808 = CARTESIAN_POINT('',(3.4,-7.74,-2.4));
#4809 = VECTOR('',#4810,1.);
#4810 = DIRECTION('',(-1.,0.,0.));
#4811 = ORIENTED_EDGE('',*,*,#4202,.T.);
#4812 = ORIENTED_EDGE('',*,*,#1552,.T.);
#4813 = ORIENTED_EDGE('',*,*,#4814,.F.);
#4814 = EDGE_CURVE('',#4805,#1545,#4815,.T.);
#4815 = CIRCLE('',#4816,0.73340279459);
#4816 = AXIS2_PLACEMENT_3D('',#4817,#4818,#4819);
#4817 = CARTESIAN_POINT('',(1.8,-7.74,-3.13340279459));
#4818 = DIRECTION('',(-1.,0.,0.));
#4819 = DIRECTION('',(0.,0.,1.));
#4820 = CYLINDRICAL_SURFACE('',#4821,0.73340279459);
#4821 = AXIS2_PLACEMENT_3D('',#4822,#4823,#4824);
#4822 = CARTESIAN_POINT('',(3.4,-7.74,-3.13340279459));
#4823 = DIRECTION('',(-1.,0.,0.));
#4824 = DIRECTION('',(0.,-1.,0.));
#4825 = ADVANCED_FACE('',(#4826),#4844,.T.);
#4826 = FACE_BOUND('',#4827,.F.);
#4827 = EDGE_LOOP('',(#4828,#4829,#4837,#4843));
#4828 = ORIENTED_EDGE('',*,*,#4804,.T.);
#4829 = ORIENTED_EDGE('',*,*,#4830,.F.);
#4830 = EDGE_CURVE('',#4831,#4805,#4833,.T.);
#4831 = VERTEX_POINT('',#4832);
#4832 = CARTESIAN_POINT('',(1.8,-8.3,-2.4));
#4833 = LINE('',#4834,#4835);
#4834 = CARTESIAN_POINT('',(1.8,-8.3,-2.4));
#4835 = VECTOR('',#4836,1.);
#4836 = DIRECTION('',(0.,1.,0.));
#4837 = ORIENTED_EDGE('',*,*,#4838,.T.);
#4838 = EDGE_CURVE('',#4831,#4187,#4839,.T.);
#4839 = LINE('',#4840,#4841);
#4840 = CARTESIAN_POINT('',(1.8,-8.3,-2.4));
#4841 = VECTOR('',#4842,1.);
#4842 = DIRECTION('',(1.,0.,0.));
#4843 = ORIENTED_EDGE('',*,*,#4194,.T.);
#4844 = PLANE('',#4845);
#4845 = AXIS2_PLACEMENT_3D('',#4846,#4847,#4848);
#4846 = CARTESIAN_POINT('',(3.4,-8.3,-2.4));
#4847 = DIRECTION('',(0.,0.,-1.));
#4848 = DIRECTION('',(0.,1.,0.));
#4849 = ADVANCED_FACE('',(#4850),#4911,.F.);
#4850 = FACE_BOUND('',#4851,.F.);
#4851 = EDGE_LOOP('',(#4852,#4853,#4854,#4855,#4863,#4869,#4870,#4871,
    #4872,#4873,#4881,#4889,#4897,#4903,#4904));
#4852 = ORIENTED_EDGE('',*,*,#559,.T.);
#4853 = ORIENTED_EDGE('',*,*,#503,.F.);
#4854 = ORIENTED_EDGE('',*,*,#440,.T.);
#4855 = ORIENTED_EDGE('',*,*,#4856,.F.);
#4856 = EDGE_CURVE('',#4857,#433,#4859,.T.);
#4857 = VERTEX_POINT('',#4858);
#4858 = CARTESIAN_POINT('',(1.8,-8.3,-2.2));
#4859 = LINE('',#4860,#4861);
#4860 = CARTESIAN_POINT('',(1.8,-8.3,-2.2));
#4861 = VECTOR('',#4862,1.);
#4862 = DIRECTION('',(0.,0.707106781187,0.707106781187));
#4863 = ORIENTED_EDGE('',*,*,#4864,.T.);
#4864 = EDGE_CURVE('',#4857,#4831,#4865,.T.);
#4865 = LINE('',#4866,#4867);
#4866 = CARTESIAN_POINT('',(1.8,-8.3,-2.2));
#4867 = VECTOR('',#4868,1.);
#4868 = DIRECTION('',(0.,0.,-1.));
#4869 = ORIENTED_EDGE('',*,*,#4830,.T.);
#4870 = ORIENTED_EDGE('',*,*,#4814,.T.);
#4871 = ORIENTED_EDGE('',*,*,#1544,.F.);
#4872 = ORIENTED_EDGE('',*,*,#2168,.T.);
#4873 = ORIENTED_EDGE('',*,*,#4874,.F.);
#4874 = EDGE_CURVE('',#4875,#2160,#4877,.T.);
#4875 = VERTEX_POINT('',#4876);
#4876 = CARTESIAN_POINT('',(1.8,-5.8,1.4));
#4877 = LINE('',#4878,#4879);
#4878 = CARTESIAN_POINT('',(1.8,-5.8,1.4));
#4879 = VECTOR('',#4880,1.);
#4880 = DIRECTION('',(0.,0.,-1.));
#4881 = ORIENTED_EDGE('',*,*,#4882,.T.);
#4882 = EDGE_CURVE('',#4875,#4883,#4885,.T.);
#4883 = VERTEX_POINT('',#4884);
#4884 = CARTESIAN_POINT('',(1.8,-7.317157287525,1.4));
#4885 = LINE('',#4886,#4887);
#4886 = CARTESIAN_POINT('',(1.8,-5.8,1.4));
#4887 = VECTOR('',#4888,1.);
#4888 = DIRECTION('',(0.,-1.,0.));
#4889 = ORIENTED_EDGE('',*,*,#4890,.F.);
#4890 = EDGE_CURVE('',#4891,#4883,#4893,.T.);
#4891 = VERTEX_POINT('',#4892);
#4892 = CARTESIAN_POINT('',(1.8,-7.6,1.117157287525));
#4893 = LINE('',#4894,#4895);
#4894 = CARTESIAN_POINT('',(1.8,-7.6,1.117157287525));
#4895 = VECTOR('',#4896,1.);
#4896 = DIRECTION('',(0.,0.707106781187,0.707106781187));
#4897 = ORIENTED_EDGE('',*,*,#4898,.T.);
#4898 = EDGE_CURVE('',#4891,#112,#4899,.T.);
#4899 = LINE('',#4900,#4901);
#4900 = CARTESIAN_POINT('',(1.8,-7.6,1.117157287525));
#4901 = VECTOR('',#4902,1.);
#4902 = DIRECTION('',(0.,0.,-1.));
#4903 = ORIENTED_EDGE('',*,*,#111,.T.);
#4904 = ORIENTED_EDGE('',*,*,#4905,.F.);
#4905 = EDGE_CURVE('',#545,#104,#4906,.T.);
#4906 = CIRCLE('',#4907,0.2);
#4907 = AXIS2_PLACEMENT_3D('',#4908,#4909,#4910);
#4908 = CARTESIAN_POINT('',(1.8,-7.,-0.2));
#4909 = DIRECTION('',(1.,0.,0.));
#4910 = DIRECTION('',(-0.,1.,0.));
#4911 = PLANE('',#4912);
#4912 = AXIS2_PLACEMENT_3D('',#4913,#4914,#4915);
#4913 = CARTESIAN_POINT('',(1.8,-7.8,2.4));
#4914 = DIRECTION('',(1.,0.,0.));
#4915 = DIRECTION('',(-0.,1.,0.));
#4916 = ADVANCED_FACE('',(#4917),#4928,.T.);
#4917 = FACE_BOUND('',#4918,.F.);
#4918 = EDGE_LOOP('',(#4919,#4920,#4926,#4927));
#4919 = ORIENTED_EDGE('',*,*,#4178,.T.);
#4920 = ORIENTED_EDGE('',*,*,#4921,.F.);
#4921 = EDGE_CURVE('',#4857,#4179,#4922,.T.);
#4922 = LINE('',#4923,#4924);
#4923 = CARTESIAN_POINT('',(1.8,-8.3,-2.2));
#4924 = VECTOR('',#4925,1.);
#4925 = DIRECTION('',(1.,0.,0.));
#4926 = ORIENTED_EDGE('',*,*,#4856,.T.);
#4927 = ORIENTED_EDGE('',*,*,#432,.T.);
#4928 = PLANE('',#4929);
#4929 = AXIS2_PLACEMENT_3D('',#4930,#4931,#4932);
#4930 = CARTESIAN_POINT('',(2.6,-8.,-1.9));
#4931 = DIRECTION('',(0.,-0.707106781187,0.707106781187));
#4932 = DIRECTION('',(0.,-0.707106781187,-0.707106781187));
#4933 = ADVANCED_FACE('',(#4934),#4940,.T.);
#4934 = FACE_BOUND('',#4935,.F.);
#4935 = EDGE_LOOP('',(#4936,#4937,#4938,#4939));
#4936 = ORIENTED_EDGE('',*,*,#4921,.T.);
#4937 = ORIENTED_EDGE('',*,*,#4186,.T.);
#4938 = ORIENTED_EDGE('',*,*,#4838,.F.);
#4939 = ORIENTED_EDGE('',*,*,#4864,.F.);
#4940 = PLANE('',#4941);
#4941 = AXIS2_PLACEMENT_3D('',#4942,#4943,#4944);
#4942 = CARTESIAN_POINT('',(1.8,-8.3,-1.6));
#4943 = DIRECTION('',(0.,-1.,0.));
#4944 = DIRECTION('',(1.,0.,0.));
#4945 = ADVANCED_FACE('',(#4946),#4965,.F.);
#4946 = FACE_BOUND('',#4947,.F.);
#4947 = EDGE_LOOP('',(#4948,#4949,#4957,#4964));
#4948 = ORIENTED_EDGE('',*,*,#2159,.T.);
#4949 = ORIENTED_EDGE('',*,*,#4950,.F.);
#4950 = EDGE_CURVE('',#4951,#2152,#4953,.T.);
#4951 = VERTEX_POINT('',#4952);
#4952 = CARTESIAN_POINT('',(1.6,-5.6,1.4));
#4953 = LINE('',#4954,#4955);
#4954 = CARTESIAN_POINT('',(1.6,-5.6,1.4));
#4955 = VECTOR('',#4956,1.);
#4956 = DIRECTION('',(0.,0.,-1.));
#4957 = ORIENTED_EDGE('',*,*,#4958,.T.);
#4958 = EDGE_CURVE('',#4951,#4875,#4959,.T.);
#4959 = CIRCLE('',#4960,0.2);
#4960 = AXIS2_PLACEMENT_3D('',#4961,#4962,#4963);
#4961 = CARTESIAN_POINT('',(1.6,-5.8,1.4));
#4962 = DIRECTION('',(0.,0.,-1.));
#4963 = DIRECTION('',(0.,1.,0.));
#4964 = ORIENTED_EDGE('',*,*,#4874,.T.);
#4965 = CYLINDRICAL_SURFACE('',#4966,0.2);
#4966 = AXIS2_PLACEMENT_3D('',#4967,#4968,#4969);
#4967 = CARTESIAN_POINT('',(1.6,-5.8,21.57622));
#4968 = DIRECTION('',(0.,0.,-1.));
#4969 = DIRECTION('',(0.,1.,0.));
#4970 = ADVANCED_FACE('',(#4971),#4989,.F.);
#4971 = FACE_BOUND('',#4972,.F.);
#4972 = EDGE_LOOP('',(#4973,#4981,#4987,#4988));
#4973 = ORIENTED_EDGE('',*,*,#4974,.T.);
#4974 = EDGE_CURVE('',#2143,#4975,#4977,.T.);
#4975 = VERTEX_POINT('',#4976);
#4976 = CARTESIAN_POINT('',(1.5,-5.6,1.4));
#4977 = LINE('',#4978,#4979);
#4978 = CARTESIAN_POINT('',(1.5,-5.6,-4.1));
#4979 = VECTOR('',#4980,1.);
#4980 = DIRECTION('',(0.,0.,1.));
#4981 = ORIENTED_EDGE('',*,*,#4982,.T.);
#4982 = EDGE_CURVE('',#4975,#4951,#4983,.T.);
#4983 = LINE('',#4984,#4985);
#4984 = CARTESIAN_POINT('',(1.5,-5.6,1.4));
#4985 = VECTOR('',#4986,1.);
#4986 = DIRECTION('',(1.,0.,0.));
#4987 = ORIENTED_EDGE('',*,*,#4950,.T.);
#4988 = ORIENTED_EDGE('',*,*,#2151,.T.);
#4989 = PLANE('',#4990);
#4990 = AXIS2_PLACEMENT_3D('',#4991,#4992,#4993);
#4991 = CARTESIAN_POINT('',(1.8,-5.6,2.4));
#4992 = DIRECTION('',(0.,1.,0.));
#4993 = DIRECTION('',(-1.,0.,0.));
#4994 = ADVANCED_FACE('',(#4995),#5007,.T.);
#4995 = FACE_BOUND('',#4996,.T.);
#4996 = EDGE_LOOP('',(#4997,#4998,#4999,#5006));
#4997 = ORIENTED_EDGE('',*,*,#2142,.F.);
#4998 = ORIENTED_EDGE('',*,*,#4974,.T.);
#4999 = ORIENTED_EDGE('',*,*,#5000,.F.);
#5000 = EDGE_CURVE('',#2300,#4975,#5001,.T.);
#5001 = CIRCLE('',#5002,0.2);
#5002 = AXIS2_PLACEMENT_3D('',#5003,#5004,#5005);
#5003 = CARTESIAN_POINT('',(1.5,-5.4,1.4));
#5004 = DIRECTION('',(0.,0.,1.));
#5005 = DIRECTION('',(-1.,0.,0.));
#5006 = ORIENTED_EDGE('',*,*,#2299,.F.);
#5007 = CYLINDRICAL_SURFACE('',#5008,0.2);
#5008 = AXIS2_PLACEMENT_3D('',#5009,#5010,#5011);
#5009 = CARTESIAN_POINT('',(1.5,-5.4,-20.1259463262));
#5010 = DIRECTION('',(0.,0.,1.));
#5011 = DIRECTION('',(-1.,0.,0.));
#5012 = ADVANCED_FACE('',(#5013),#5030,.T.);
#5013 = FACE_BOUND('',#5014,.T.);
#5014 = EDGE_LOOP('',(#5015,#5022,#5023));
#5015 = ORIENTED_EDGE('',*,*,#5016,.F.);
#5016 = EDGE_CURVE('',#2300,#3259,#5017,.T.);
#5017 = CIRCLE('',#5018,0.2);
#5018 = AXIS2_PLACEMENT_3D('',#5019,#5020,#5021);
#5019 = CARTESIAN_POINT('',(1.5,-5.4,1.4));
#5020 = DIRECTION('',(0.,1.,0.));
#5021 = DIRECTION('',(-1.,0.,0.));
#5022 = ORIENTED_EDGE('',*,*,#5000,.T.);
#5023 = ORIENTED_EDGE('',*,*,#5024,.T.);
#5024 = EDGE_CURVE('',#4975,#3259,#5025,.T.);
#5025 = CIRCLE('',#5026,0.2);
#5026 = AXIS2_PLACEMENT_3D('',#5027,#5028,#5029);
#5027 = CARTESIAN_POINT('',(1.5,-5.4,1.4));
#5028 = DIRECTION('',(-1.,0.,0.));
#5029 = DIRECTION('',(0.,-1.,0.));
#5030 = SPHERICAL_SURFACE('',#5031,0.2);
#5031 = AXIS2_PLACEMENT_3D('',#5032,#5033,#5034);
#5032 = CARTESIAN_POINT('',(1.5,-5.4,1.4));
#5033 = DIRECTION('',(-0.707106781187,0.707106781187,0.));
#5034 = DIRECTION('',(0.707106781187,0.707106781187,0.));
#5035 = ADVANCED_FACE('',(#5036),#5048,.T.);
#5036 = FACE_BOUND('',#5037,.T.);
#5037 = EDGE_LOOP('',(#5038,#5039,#5046,#5047));
#5038 = ORIENTED_EDGE('',*,*,#4982,.T.);
#5039 = ORIENTED_EDGE('',*,*,#5040,.F.);
#5040 = EDGE_CURVE('',#3261,#4951,#5041,.T.);
#5041 = CIRCLE('',#5042,0.2);
#5042 = AXIS2_PLACEMENT_3D('',#5043,#5044,#5045);
#5043 = CARTESIAN_POINT('',(1.6,-5.4,1.4));
#5044 = DIRECTION('',(1.,0.,-0.));
#5045 = DIRECTION('',(0.,0.,1.));
#5046 = ORIENTED_EDGE('',*,*,#3258,.F.);
#5047 = ORIENTED_EDGE('',*,*,#5024,.F.);
#5048 = CYLINDRICAL_SURFACE('',#5049,0.2);
#5049 = AXIS2_PLACEMENT_3D('',#5050,#5051,#5052);
#5050 = CARTESIAN_POINT('',(-15.15024,-5.4,1.4));
#5051 = DIRECTION('',(1.,0.,0.));
#5052 = DIRECTION('',(0.,0.,1.));
#5053 = ADVANCED_FACE('',(#5054),#5066,.T.);
#5054 = FACE_BOUND('',#5055,.T.);
#5055 = EDGE_LOOP('',(#5056,#5057,#5058,#5065));
#5056 = ORIENTED_EDGE('',*,*,#5040,.T.);
#5057 = ORIENTED_EDGE('',*,*,#4958,.T.);
#5058 = ORIENTED_EDGE('',*,*,#5059,.T.);
#5059 = EDGE_CURVE('',#4875,#3292,#5060,.T.);
#5060 = CIRCLE('',#5061,0.2);
#5061 = AXIS2_PLACEMENT_3D('',#5062,#5063,#5064);
#5062 = CARTESIAN_POINT('',(2.,-5.8,1.4));
#5063 = DIRECTION('',(0.,1.,0.));
#5064 = DIRECTION('',(-1.,0.,0.));
#5065 = ORIENTED_EDGE('',*,*,#3299,.F.);
#5066 = TOROIDAL_SURFACE('',#5067,0.4,0.2);
#5067 = AXIS2_PLACEMENT_3D('',#5068,#5069,#5070);
#5068 = CARTESIAN_POINT('',(1.6,-5.8,1.4));
#5069 = DIRECTION('',(0.,0.,-1.));
#5070 = DIRECTION('',(0.,1.,0.));
#5071 = ADVANCED_FACE('',(#5072),#5088,.T.);
#5072 = FACE_BOUND('',#5073,.T.);
#5073 = EDGE_LOOP('',(#5074,#5085,#5086,#5087));
#5074 = ORIENTED_EDGE('',*,*,#5075,.F.);
#5075 = EDGE_CURVE('',#3284,#4883,#5076,.T.);
#5076 = B_SPLINE_CURVE_WITH_KNOTS('',3,(#5077,#5078,#5079,#5080,#5081,
    #5082,#5083,#5084),.UNSPECIFIED.,.F.,.F.,(4,1,1,1,1,4),(0.,0.2,0.4,
    0.6,0.8,1.),.QUASI_UNIFORM_KNOTS.);
#5077 = CARTESIAN_POINT('',(2.,-7.4,1.6));
#5078 = CARTESIAN_POINT('',(1.980146064833,-7.4,1.6));
#5079 = CARTESIAN_POINT('',(1.939987174161,-7.397524436138,1.59402346015
    ));
#5080 = CARTESIAN_POINT('',(1.884125643529,-7.386326109334,
    1.566988307703));
#5081 = CARTESIAN_POINT('',(1.837903359812,-7.368055952699,
    1.522880247768));
#5082 = CARTESIAN_POINT('',(1.80736886775,-7.344336369632,1.465616108635
    ));
#5083 = CARTESIAN_POINT('',(1.8,-7.326331238459,1.422147876764));
#5084 = CARTESIAN_POINT('',(1.8,-7.317157287525,1.4));
#5085 = ORIENTED_EDGE('',*,*,#3291,.F.);
#5086 = ORIENTED_EDGE('',*,*,#5059,.F.);
#5087 = ORIENTED_EDGE('',*,*,#4882,.T.);
#5088 = CYLINDRICAL_SURFACE('',#5089,0.2);
#5089 = AXIS2_PLACEMENT_3D('',#5090,#5091,#5092);
#5090 = CARTESIAN_POINT('',(2.,30.74336,1.4));
#5091 = DIRECTION('',(0.,-1.,0.));
#5092 = DIRECTION('',(0.,0.,1.));
#5093 = ADVANCED_FACE('',(#5094),#5117,.T.);
#5094 = FACE_BOUND('',#5095,.T.);
#5095 = EDGE_LOOP('',(#5096,#5109,#5115,#5116));
#5096 = ORIENTED_EDGE('',*,*,#5097,.T.);
#5097 = EDGE_CURVE('',#4891,#5098,#5100,.T.);
#5098 = VERTEX_POINT('',#5099);
#5099 = CARTESIAN_POINT('',(2.,-7.8,1.2));
#5100 = B_SPLINE_CURVE_WITH_KNOTS('',3,(#5101,#5102,#5103,#5104,#5105,
    #5106,#5107,#5108),.UNSPECIFIED.,.F.,.F.,(4,1,1,1,1,4),(0.,0.2,0.4,
    0.6,0.8,1.),.QUASI_UNIFORM_KNOTS.);
#5101 = CARTESIAN_POINT('',(1.8,-7.6,1.117157287525));
#5102 = CARTESIAN_POINT('',(1.8,-7.622147876764,1.126331238459));
#5103 = CARTESIAN_POINT('',(1.80736886775,-7.665616108635,1.144336369632
    ));
#5104 = CARTESIAN_POINT('',(1.837903359812,-7.722880247768,
    1.168055952699));
#5105 = CARTESIAN_POINT('',(1.884125643529,-7.766988307703,
    1.186326109334));
#5106 = CARTESIAN_POINT('',(1.939987174161,-7.79402346015,1.197524436138
    ));
#5107 = CARTESIAN_POINT('',(1.980146064833,-7.8,1.2));
#5108 = CARTESIAN_POINT('',(2.,-7.8,1.2));
#5109 = ORIENTED_EDGE('',*,*,#5110,.T.);
#5110 = EDGE_CURVE('',#5098,#3284,#5111,.T.);
#5111 = LINE('',#5112,#5113);
#5112 = CARTESIAN_POINT('',(2.,-7.8,1.2));
#5113 = VECTOR('',#5114,1.);
#5114 = DIRECTION('',(0.,0.707106781187,0.707106781187));
#5115 = ORIENTED_EDGE('',*,*,#5075,.T.);
#5116 = ORIENTED_EDGE('',*,*,#4890,.F.);
#5117 = CYLINDRICAL_SURFACE('',#5118,0.2);
#5118 = AXIS2_PLACEMENT_3D('',#5119,#5120,#5121);
#5119 = CARTESIAN_POINT('',(2.,-28.44337728753,-19.72622));
#5120 = DIRECTION('',(0.,0.707106781187,0.707106781187));
#5121 = DIRECTION('',(-1.,0.,0.));
#5122 = ADVANCED_FACE('',(#5123),#5141,.T.);
#5123 = FACE_BOUND('',#5124,.F.);
#5124 = EDGE_LOOP('',(#5125,#5133,#5139,#5140));
#5125 = ORIENTED_EDGE('',*,*,#5126,.T.);
#5126 = EDGE_CURVE('',#3276,#5127,#5129,.T.);
#5127 = VERTEX_POINT('',#5128);
#5128 = CARTESIAN_POINT('',(3.2,-7.8,1.2));
#5129 = LINE('',#5130,#5131);
#5130 = CARTESIAN_POINT('',(3.2,-7.4,1.6));
#5131 = VECTOR('',#5132,1.);
#5132 = DIRECTION('',(0.,-0.707106781187,-0.707106781187));
#5133 = ORIENTED_EDGE('',*,*,#5134,.F.);
#5134 = EDGE_CURVE('',#5098,#5127,#5135,.T.);
#5135 = LINE('',#5136,#5137);
#5136 = CARTESIAN_POINT('',(2.,-7.8,1.2));
#5137 = VECTOR('',#5138,1.);
#5138 = DIRECTION('',(1.,0.,0.));
#5139 = ORIENTED_EDGE('',*,*,#5110,.T.);
#5140 = ORIENTED_EDGE('',*,*,#3283,.T.);
#5141 = PLANE('',#5142);
#5142 = AXIS2_PLACEMENT_3D('',#5143,#5144,#5145);
#5143 = CARTESIAN_POINT('',(2.6,-7.6,1.4));
#5144 = DIRECTION('',(0.,-0.707106781187,0.707106781187));
#5145 = DIRECTION('',(0.,-0.707106781187,-0.707106781187));
#5146 = ADVANCED_FACE('',(#5147),#5173,.T.);
#5147 = FACE_BOUND('',#5148,.T.);
#5148 = EDGE_LOOP('',(#5149,#5160,#5161,#5172));
#5149 = ORIENTED_EDGE('',*,*,#5150,.T.);
#5150 = EDGE_CURVE('',#4146,#3276,#5151,.T.);
#5151 = B_SPLINE_CURVE_WITH_KNOTS('',3,(#5152,#5153,#5154,#5155,#5156,
    #5157,#5158,#5159),.UNSPECIFIED.,.F.,.F.,(4,1,1,1,1,4),(0.,0.2,0.4,
    0.6,0.8,1.),.QUASI_UNIFORM_KNOTS.);
#5152 = CARTESIAN_POINT('',(3.4,-7.317157287525,1.4));
#5153 = CARTESIAN_POINT('',(3.4,-7.326331238459,1.422147876764));
#5154 = CARTESIAN_POINT('',(3.39263113225,-7.344336369632,1.465616108635
    ));
#5155 = CARTESIAN_POINT('',(3.362096640188,-7.368055952699,
    1.522880247768));
#5156 = CARTESIAN_POINT('',(3.315874356471,-7.386326109334,
    1.566988307703));
#5157 = CARTESIAN_POINT('',(3.260012825839,-7.397524436138,1.59402346015
    ));
#5158 = CARTESIAN_POINT('',(3.219853935167,-7.4,1.6));
#5159 = CARTESIAN_POINT('',(3.2,-7.4,1.6));
#5160 = ORIENTED_EDGE('',*,*,#5126,.T.);
#5161 = ORIENTED_EDGE('',*,*,#5162,.T.);
#5162 = EDGE_CURVE('',#5127,#4154,#5163,.T.);
#5163 = B_SPLINE_CURVE_WITH_KNOTS('',3,(#5164,#5165,#5166,#5167,#5168,
    #5169,#5170,#5171),.UNSPECIFIED.,.F.,.F.,(4,1,1,1,1,4),(0.,0.2,0.4,
    0.6,0.8,1.),.QUASI_UNIFORM_KNOTS.);
#5164 = CARTESIAN_POINT('',(3.2,-7.8,1.2));
#5165 = CARTESIAN_POINT('',(3.219853935167,-7.8,1.2));
#5166 = CARTESIAN_POINT('',(3.260012825839,-7.79402346015,1.197524436138
    ));
#5167 = CARTESIAN_POINT('',(3.315874356471,-7.766988307703,
    1.186326109334));
#5168 = CARTESIAN_POINT('',(3.362096640188,-7.722880247768,
    1.168055952699));
#5169 = CARTESIAN_POINT('',(3.39263113225,-7.665616108635,1.144336369632
    ));
#5170 = CARTESIAN_POINT('',(3.4,-7.622147876764,1.126331238459));
#5171 = CARTESIAN_POINT('',(3.4,-7.6,1.117157287525));
#5172 = ORIENTED_EDGE('',*,*,#4153,.F.);
#5173 = CYLINDRICAL_SURFACE('',#5174,0.2);
#5174 = AXIS2_PLACEMENT_3D('',#5175,#5176,#5177);
#5175 = CARTESIAN_POINT('',(3.2,12.85906271247,21.57622));
#5176 = DIRECTION('',(0.,-0.707106781187,-0.707106781187));
#5177 = DIRECTION('',(1.,0.,0.));
#5178 = ADVANCED_FACE('',(#5179),#5190,.T.);
#5179 = FACE_BOUND('',#5180,.T.);
#5180 = EDGE_LOOP('',(#5181,#5182,#5183,#5189));
#5181 = ORIENTED_EDGE('',*,*,#4161,.F.);
#5182 = ORIENTED_EDGE('',*,*,#5162,.F.);
#5183 = ORIENTED_EDGE('',*,*,#5184,.T.);
#5184 = EDGE_CURVE('',#5127,#129,#5185,.T.);
#5185 = LINE('',#5186,#5187);
#5186 = CARTESIAN_POINT('',(3.2,-7.8,1.2));
#5187 = VECTOR('',#5188,1.);
#5188 = DIRECTION('',(0.,0.,-1.));
#5189 = ORIENTED_EDGE('',*,*,#136,.F.);
#5190 = CYLINDRICAL_SURFACE('',#5191,0.2);
#5191 = AXIS2_PLACEMENT_3D('',#5192,#5193,#5194);
#5192 = CARTESIAN_POINT('',(3.2,-7.6,21.57622));
#5193 = DIRECTION('',(0.,0.,-1.));
#5194 = DIRECTION('',(1.,0.,0.));
#5195 = ADVANCED_FACE('',(#5196),#5207,.T.);
#5196 = FACE_BOUND('',#5197,.F.);
#5197 = EDGE_LOOP('',(#5198,#5199,#5200,#5206));
#5198 = ORIENTED_EDGE('',*,*,#5184,.T.);
#5199 = ORIENTED_EDGE('',*,*,#128,.F.);
#5200 = ORIENTED_EDGE('',*,*,#5201,.F.);
#5201 = EDGE_CURVE('',#5098,#120,#5202,.T.);
#5202 = LINE('',#5203,#5204);
#5203 = CARTESIAN_POINT('',(2.,-7.8,1.2));
#5204 = VECTOR('',#5205,1.);
#5205 = DIRECTION('',(0.,0.,-1.));
#5206 = ORIENTED_EDGE('',*,*,#5134,.T.);
#5207 = PLANE('',#5208);
#5208 = AXIS2_PLACEMENT_3D('',#5209,#5210,#5211);
#5209 = CARTESIAN_POINT('',(-3.4,-7.8,0.));
#5210 = DIRECTION('',(0.,-1.,0.));
#5211 = DIRECTION('',(1.,0.,0.));
#5212 = ADVANCED_FACE('',(#5213),#5238,.T.);
#5213 = FACE_BOUND('',#5214,.F.);
#5214 = EDGE_LOOP('',(#5215,#5223,#5231,#5237));
#5215 = ORIENTED_EDGE('',*,*,#5216,.F.);
#5216 = EDGE_CURVE('',#5217,#62,#5219,.T.);
#5217 = VERTEX_POINT('',#5218);
#5218 = CARTESIAN_POINT('',(-3.2,-7.8,1.2));
#5219 = LINE('',#5220,#5221);
#5220 = CARTESIAN_POINT('',(-3.2,-7.8,1.2));
#5221 = VECTOR('',#5222,1.);
#5222 = DIRECTION('',(0.,0.,-1.));
#5223 = ORIENTED_EDGE('',*,*,#5224,.T.);
#5224 = EDGE_CURVE('',#5217,#5225,#5227,.T.);
#5225 = VERTEX_POINT('',#5226);
#5226 = CARTESIAN_POINT('',(-2.,-7.8,1.2));
#5227 = LINE('',#5228,#5229);
#5228 = CARTESIAN_POINT('',(-3.2,-7.8,1.2));
#5229 = VECTOR('',#5230,1.);
#5230 = DIRECTION('',(1.,0.,0.));
#5231 = ORIENTED_EDGE('',*,*,#5232,.F.);
#5232 = EDGE_CURVE('',#71,#5225,#5233,.T.);
#5233 = LINE('',#5234,#5235);
#5234 = CARTESIAN_POINT('',(-2.,-7.8,0.));
#5235 = VECTOR('',#5236,1.);
#5236 = DIRECTION('',(0.,0.,1.));
#5237 = ORIENTED_EDGE('',*,*,#70,.F.);
#5238 = PLANE('',#5239);
#5239 = AXIS2_PLACEMENT_3D('',#5240,#5241,#5242);
#5240 = CARTESIAN_POINT('',(-3.4,-7.8,0.));
#5241 = DIRECTION('',(0.,-1.,0.));
#5242 = DIRECTION('',(1.,0.,0.));
#5243 = ADVANCED_FACE('',(#5244),#5250,.T.);
#5244 = FACE_BOUND('',#5245,.T.);
#5245 = EDGE_LOOP('',(#5246,#5247,#5248,#5249));
#5246 = ORIENTED_EDGE('',*,*,#5201,.F.);
#5247 = ORIENTED_EDGE('',*,*,#5097,.F.);
#5248 = ORIENTED_EDGE('',*,*,#4898,.T.);
#5249 = ORIENTED_EDGE('',*,*,#119,.F.);
#5250 = CYLINDRICAL_SURFACE('',#5251,0.2);
#5251 = AXIS2_PLACEMENT_3D('',#5252,#5253,#5254);
#5252 = CARTESIAN_POINT('',(2.,-7.6,21.57622));
#5253 = DIRECTION('',(0.,0.,-1.));
#5254 = DIRECTION('',(0.,-1.,0.));
#5255 = ADVANCED_FACE('',(#5256),#5272,.T.);
#5256 = FACE_BOUND('',#5257,.T.);
#5257 = EDGE_LOOP('',(#5258,#5259,#5270,#5271));
#5258 = ORIENTED_EDGE('',*,*,#5216,.F.);
#5259 = ORIENTED_EDGE('',*,*,#5260,.T.);
#5260 = EDGE_CURVE('',#5217,#674,#5261,.T.);
#5261 = B_SPLINE_CURVE_WITH_KNOTS('',3,(#5262,#5263,#5264,#5265,#5266,
    #5267,#5268,#5269),.UNSPECIFIED.,.F.,.F.,(4,1,1,1,1,4),(0.,0.2,0.4,
    0.6,0.8,1.),.QUASI_UNIFORM_KNOTS.);
#5262 = CARTESIAN_POINT('',(-3.2,-7.8,1.2));
#5263 = CARTESIAN_POINT('',(-3.219853935167,-7.8,1.2));
#5264 = CARTESIAN_POINT('',(-3.260012825839,-7.79402346015,
    1.197524436138));
#5265 = CARTESIAN_POINT('',(-3.315874356471,-7.766988307703,
    1.186326109334));
#5266 = CARTESIAN_POINT('',(-3.362096640188,-7.722880247768,
    1.168055952699));
#5267 = CARTESIAN_POINT('',(-3.39263113225,-7.665616108635,
    1.144336369632));
#5268 = CARTESIAN_POINT('',(-3.4,-7.622147876764,1.126331238459));
#5269 = CARTESIAN_POINT('',(-3.4,-7.6,1.117157287525));
#5270 = ORIENTED_EDGE('',*,*,#673,.T.);
#5271 = ORIENTED_EDGE('',*,*,#61,.F.);
#5272 = CYLINDRICAL_SURFACE('',#5273,0.2);
#5273 = AXIS2_PLACEMENT_3D('',#5274,#5275,#5276);
#5274 = CARTESIAN_POINT('',(-3.2,-7.6,21.57622));
#5275 = DIRECTION('',(0.,0.,-1.));
#5276 = DIRECTION('',(0.,-1.,0.));
#5277 = ADVANCED_FACE('',(#5278),#5299,.T.);
#5278 = FACE_BOUND('',#5279,.T.);
#5279 = EDGE_LOOP('',(#5280,#5281,#5287,#5298));
#5280 = ORIENTED_EDGE('',*,*,#5260,.F.);
#5281 = ORIENTED_EDGE('',*,*,#5282,.T.);
#5282 = EDGE_CURVE('',#5217,#3342,#5283,.T.);
#5283 = LINE('',#5284,#5285);
#5284 = CARTESIAN_POINT('',(-3.2,-7.8,1.2));
#5285 = VECTOR('',#5286,1.);
#5286 = DIRECTION('',(0.,0.707106781187,0.707106781187));
#5287 = ORIENTED_EDGE('',*,*,#5288,.T.);
#5288 = EDGE_CURVE('',#3342,#682,#5289,.T.);
#5289 = B_SPLINE_CURVE_WITH_KNOTS('',3,(#5290,#5291,#5292,#5293,#5294,
    #5295,#5296,#5297),.UNSPECIFIED.,.F.,.F.,(4,1,1,1,1,4),(0.,0.2,0.4,
    0.6,0.8,1.),.QUASI_UNIFORM_KNOTS.);
#5290 = CARTESIAN_POINT('',(-3.2,-7.4,1.6));
#5291 = CARTESIAN_POINT('',(-3.219853935167,-7.4,1.6));
#5292 = CARTESIAN_POINT('',(-3.260012825839,-7.397524436138,
    1.59402346015));
#5293 = CARTESIAN_POINT('',(-3.315874356471,-7.386326109334,
    1.566988307703));
#5294 = CARTESIAN_POINT('',(-3.362096640188,-7.368055952699,
    1.522880247768));
#5295 = CARTESIAN_POINT('',(-3.39263113225,-7.344336369632,
    1.465616108635));
#5296 = CARTESIAN_POINT('',(-3.4,-7.326331238459,1.422147876764));
#5297 = CARTESIAN_POINT('',(-3.4,-7.317157287525,1.4));
#5298 = ORIENTED_EDGE('',*,*,#681,.F.);
#5299 = CYLINDRICAL_SURFACE('',#5300,0.2);
#5300 = AXIS2_PLACEMENT_3D('',#5301,#5302,#5303);
#5301 = CARTESIAN_POINT('',(-3.2,-28.44337728753,-19.72622));
#5302 = DIRECTION('',(0.,0.707106781187,0.707106781187));
#5303 = DIRECTION('',(-1.,0.,0.));
#5304 = ADVANCED_FACE('',(#5305),#5317,.T.);
#5305 = FACE_BOUND('',#5306,.T.);
#5306 = EDGE_LOOP('',(#5307,#5308,#5309,#5316));
#5307 = ORIENTED_EDGE('',*,*,#5288,.F.);
#5308 = ORIENTED_EDGE('',*,*,#3349,.F.);
#5309 = ORIENTED_EDGE('',*,*,#5310,.F.);
#5310 = EDGE_CURVE('',#690,#3350,#5311,.T.);
#5311 = CIRCLE('',#5312,0.2);
#5312 = AXIS2_PLACEMENT_3D('',#5313,#5314,#5315);
#5313 = CARTESIAN_POINT('',(-3.2,-4.8,1.4));
#5314 = DIRECTION('',(0.,1.,0.));
#5315 = DIRECTION('',(-1.,0.,0.));
#5316 = ORIENTED_EDGE('',*,*,#689,.T.);
#5317 = CYLINDRICAL_SURFACE('',#5318,0.2);
#5318 = AXIS2_PLACEMENT_3D('',#5319,#5320,#5321);
#5319 = CARTESIAN_POINT('',(-3.2,30.74336,1.4));
#5320 = DIRECTION('',(0.,-1.,0.));
#5321 = DIRECTION('',(0.,0.,1.));
#5322 = ADVANCED_FACE('',(#5323),#5341,.T.);
#5323 = FACE_BOUND('',#5324,.T.);
#5324 = EDGE_LOOP('',(#5325,#5326,#5333,#5340));
#5325 = ORIENTED_EDGE('',*,*,#5310,.T.);
#5326 = ORIENTED_EDGE('',*,*,#5327,.T.);
#5327 = EDGE_CURVE('',#3350,#3026,#5328,.T.);
#5328 = CIRCLE('',#5329,0.2);
#5329 = AXIS2_PLACEMENT_3D('',#5330,#5331,#5332);
#5330 = CARTESIAN_POINT('',(-3.2,-4.8,1.8));
#5331 = DIRECTION('',(1.,0.,0.));
#5332 = DIRECTION('',(0.,0.,-1.));
#5333 = ORIENTED_EDGE('',*,*,#5334,.T.);
#5334 = EDGE_CURVE('',#3026,#698,#5335,.T.);
#5335 = CIRCLE('',#5336,0.2);
#5336 = AXIS2_PLACEMENT_3D('',#5337,#5338,#5339);
#5337 = CARTESIAN_POINT('',(-3.2,-4.4,1.8));
#5338 = DIRECTION('',(0.,0.,-1.));
#5339 = DIRECTION('',(0.,-1.,0.));
#5340 = ORIENTED_EDGE('',*,*,#697,.F.);
#5341 = TOROIDAL_SURFACE('',#5342,0.4,0.2);
#5342 = AXIS2_PLACEMENT_3D('',#5343,#5344,#5345);
#5343 = CARTESIAN_POINT('',(-3.2,-4.8,1.8));
#5344 = DIRECTION('',(1.,0.,0.));
#5345 = DIRECTION('',(-0.,1.,0.));
#5346 = ADVANCED_FACE('',(#5347),#5353,.T.);
#5347 = FACE_BOUND('',#5348,.T.);
#5348 = EDGE_LOOP('',(#5349,#5350,#5351,#5352));
#5349 = ORIENTED_EDGE('',*,*,#706,.T.);
#5350 = ORIENTED_EDGE('',*,*,#5334,.F.);
#5351 = ORIENTED_EDGE('',*,*,#3033,.F.);
#5352 = ORIENTED_EDGE('',*,*,#2945,.F.);
#5353 = CYLINDRICAL_SURFACE('',#5354,0.2);
#5354 = AXIS2_PLACEMENT_3D('',#5355,#5356,#5357);
#5355 = CARTESIAN_POINT('',(-3.2,-4.4,21.57622));
#5356 = DIRECTION('',(0.,0.,-1.));
#5357 = DIRECTION('',(0.,-1.,0.));
#5358 = ADVANCED_FACE('',(#5359),#5371,.F.);
#5359 = FACE_BOUND('',#5360,.F.);
#5360 = EDGE_LOOP('',(#5361,#5362,#5363,#5364));
#5361 = ORIENTED_EDGE('',*,*,#3357,.F.);
#5362 = ORIENTED_EDGE('',*,*,#5327,.T.);
#5363 = ORIENTED_EDGE('',*,*,#3025,.T.);
#5364 = ORIENTED_EDGE('',*,*,#5365,.T.);
#5365 = EDGE_CURVE('',#3015,#3358,#5366,.T.);
#5366 = CIRCLE('',#5367,0.2);
#5367 = AXIS2_PLACEMENT_3D('',#5368,#5369,#5370);
#5368 = CARTESIAN_POINT('',(-1.5,-4.8,1.8));
#5369 = DIRECTION('',(-1.,0.,0.));
#5370 = DIRECTION('',(0.,1.,0.));
#5371 = CYLINDRICAL_SURFACE('',#5372,0.2);
#5372 = AXIS2_PLACEMENT_3D('',#5373,#5374,#5375);
#5373 = CARTESIAN_POINT('',(-15.15024,-4.8,1.8));
#5374 = DIRECTION('',(1.,0.,0.));
#5375 = DIRECTION('',(0.,0.,-1.));
#5376 = ADVANCED_FACE('',(#5377),#5398,.T.);
#5377 = FACE_BOUND('',#5378,.T.);
#5378 = EDGE_LOOP('',(#5379,#5380,#5389,#5396,#5397));
#5379 = ORIENTED_EDGE('',*,*,#5365,.T.);
#5380 = ORIENTED_EDGE('',*,*,#5381,.T.);
#5381 = EDGE_CURVE('',#3358,#5382,#5384,.T.);
#5382 = VERTEX_POINT('',#5383);
#5383 = CARTESIAN_POINT('',(-1.3,-4.8,1.4));
#5384 = CIRCLE('',#5385,0.2);
#5385 = AXIS2_PLACEMENT_3D('',#5386,#5387,#5388);
#5386 = CARTESIAN_POINT('',(-1.5,-4.8,1.4));
#5387 = DIRECTION('',(0.,1.,0.));
#5388 = DIRECTION('',(0.,-0.,1.));
#5389 = ORIENTED_EDGE('',*,*,#5390,.F.);
#5390 = EDGE_CURVE('',#3090,#5382,#5391,.T.);
#5391 = CIRCLE('',#5392,0.4);
#5392 = AXIS2_PLACEMENT_3D('',#5393,#5394,#5395);
#5393 = CARTESIAN_POINT('',(-1.3,-4.8,1.8));
#5394 = DIRECTION('',(-1.,0.,0.));
#5395 = DIRECTION('',(0.,0.6,-0.8));
#5396 = ORIENTED_EDGE('',*,*,#3089,.T.);
#5397 = ORIENTED_EDGE('',*,*,#3014,.T.);
#5398 = TOROIDAL_SURFACE('',#5399,0.4,0.2);
#5399 = AXIS2_PLACEMENT_3D('',#5400,#5401,#5402);
#5400 = CARTESIAN_POINT('',(-1.5,-4.8,1.8));
#5401 = DIRECTION('',(1.,0.,0.));
#5402 = DIRECTION('',(0.,-0.181241503783,-0.983438618983));
#5403 = ADVANCED_FACE('',(#5404),#5446,.F.);
#5404 = FACE_BOUND('',#5405,.F.);
#5405 = EDGE_LOOP('',(#5406,#5414,#5422,#5430,#5438,#5444,#5445));
#5406 = ORIENTED_EDGE('',*,*,#5407,.T.);
#5407 = EDGE_CURVE('',#2488,#5408,#5410,.T.);
#5408 = VERTEX_POINT('',#5409);
#5409 = CARTESIAN_POINT('',(-1.3,3.35,0.7));
#5410 = LINE('',#5411,#5412);
#5411 = CARTESIAN_POINT('',(-1.3,4.6,0.7));
#5412 = VECTOR('',#5413,1.);
#5413 = DIRECTION('',(0.,-1.,0.));
#5414 = ORIENTED_EDGE('',*,*,#5415,.T.);
#5415 = EDGE_CURVE('',#5408,#5416,#5418,.T.);
#5416 = VERTEX_POINT('',#5417);
#5417 = CARTESIAN_POINT('',(-1.3,3.35,1.4));
#5418 = LINE('',#5419,#5420);
#5419 = CARTESIAN_POINT('',(-1.3,3.35,0.7));
#5420 = VECTOR('',#5421,1.);
#5421 = DIRECTION('',(0.,0.,1.));
#5422 = ORIENTED_EDGE('',*,*,#5423,.T.);
#5423 = EDGE_CURVE('',#5416,#5424,#5426,.T.);
#5424 = VERTEX_POINT('',#5425);
#5425 = CARTESIAN_POINT('',(-1.3,3.62,1.4));
#5426 = LINE('',#5427,#5428);
#5427 = CARTESIAN_POINT('',(-1.3,3.35,1.4));
#5428 = VECTOR('',#5429,1.);
#5429 = DIRECTION('',(0.,1.,0.));
#5430 = ORIENTED_EDGE('',*,*,#5431,.T.);
#5431 = EDGE_CURVE('',#5424,#5432,#5434,.T.);
#5432 = VERTEX_POINT('',#5433);
#5433 = CARTESIAN_POINT('',(-1.3,3.62,1.18));
#5434 = LINE('',#5435,#5436);
#5435 = CARTESIAN_POINT('',(-1.3,3.62,1.4));
#5436 = VECTOR('',#5437,1.);
#5437 = DIRECTION('',(0.,0.,-1.));
#5438 = ORIENTED_EDGE('',*,*,#5439,.F.);
#5439 = EDGE_CURVE('',#2390,#5432,#5440,.T.);
#5440 = LINE('',#5441,#5442);
#5441 = CARTESIAN_POINT('',(-1.3,4.3,1.18));
#5442 = VECTOR('',#5443,1.);
#5443 = DIRECTION('',(0.,-1.,0.));
#5444 = ORIENTED_EDGE('',*,*,#2389,.F.);
#5445 = ORIENTED_EDGE('',*,*,#2495,.T.);
#5446 = PLANE('',#5447);
#5447 = AXIS2_PLACEMENT_3D('',#5448,#5449,#5450);
#5448 = CARTESIAN_POINT('',(-1.3,-4.6,0.7));
#5449 = DIRECTION('',(-1.,0.,0.));
#5450 = DIRECTION('',(0.,1.,0.));
#5451 = ADVANCED_FACE('',(#5452),#5510,.F.);
#5452 = FACE_BOUND('',#5453,.F.);
#5453 = EDGE_LOOP('',(#5454,#5462,#5468,#5469,#5470,#5478,#5487,#5495,
    #5503,#5509));
#5454 = ORIENTED_EDGE('',*,*,#5455,.T.);
#5455 = EDGE_CURVE('',#2205,#5456,#5458,.T.);
#5456 = VERTEX_POINT('',#5457);
#5457 = CARTESIAN_POINT('',(-1.3,-5.4,1.4));
#5458 = LINE('',#5459,#5460);
#5459 = CARTESIAN_POINT('',(-1.3,-5.4,-4.1));
#5460 = VECTOR('',#5461,1.);
#5461 = DIRECTION('',(0.,0.,1.));
#5462 = ORIENTED_EDGE('',*,*,#5463,.T.);
#5463 = EDGE_CURVE('',#5456,#5382,#5464,.T.);
#5464 = LINE('',#5465,#5466);
#5465 = CARTESIAN_POINT('',(-1.3,-5.4,1.4));
#5466 = VECTOR('',#5467,1.);
#5467 = DIRECTION('',(0.,1.,3.164017196392E-10));
#5468 = ORIENTED_EDGE('',*,*,#5390,.F.);
#5469 = ORIENTED_EDGE('',*,*,#3100,.F.);
#5470 = ORIENTED_EDGE('',*,*,#5471,.T.);
#5471 = EDGE_CURVE('',#3101,#5472,#5474,.T.);
#5472 = VERTEX_POINT('',#5473);
#5473 = CARTESIAN_POINT('',(-1.3,-3.55,1.4));
#5474 = LINE('',#5475,#5476);
#5475 = CARTESIAN_POINT('',(-1.3,-4.4,1.4));
#5476 = VECTOR('',#5477,1.);
#5477 = DIRECTION('',(0.,1.,0.));
#5478 = ORIENTED_EDGE('',*,*,#5479,.F.);
#5479 = EDGE_CURVE('',#5480,#5472,#5482,.T.);
#5480 = VERTEX_POINT('',#5481);
#5481 = CARTESIAN_POINT('',(-1.3,-3.35,1.6));
#5482 = CIRCLE('',#5483,0.2);
#5483 = AXIS2_PLACEMENT_3D('',#5484,#5485,#5486);
#5484 = CARTESIAN_POINT('',(-1.3,-3.55,1.6));
#5485 = DIRECTION('',(-1.,0.,0.));
#5486 = DIRECTION('',(0.,1.,0.));
#5487 = ORIENTED_EDGE('',*,*,#5488,.T.);
#5488 = EDGE_CURVE('',#5480,#5489,#5491,.T.);
#5489 = VERTEX_POINT('',#5490);
#5490 = CARTESIAN_POINT('',(-1.3,-3.35,0.7));
#5491 = LINE('',#5492,#5493);
#5492 = CARTESIAN_POINT('',(-1.3,-3.35,1.6));
#5493 = VECTOR('',#5494,1.);
#5494 = DIRECTION('',(0.,0.,-1.));
#5495 = ORIENTED_EDGE('',*,*,#5496,.T.);
#5496 = EDGE_CURVE('',#5489,#5497,#5499,.T.);
#5497 = VERTEX_POINT('',#5498);
#5498 = CARTESIAN_POINT('',(-1.3,-4.6,0.7));
#5499 = LINE('',#5500,#5501);
#5500 = CARTESIAN_POINT('',(-1.3,-3.35,0.7));
#5501 = VECTOR('',#5502,1.);
#5502 = DIRECTION('',(0.,-1.,0.));
#5503 = ORIENTED_EDGE('',*,*,#5504,.T.);
#5504 = EDGE_CURVE('',#5497,#2214,#5505,.T.);
#5505 = LINE('',#5506,#5507);
#5506 = CARTESIAN_POINT('',(-1.3,-4.6,0.7));
#5507 = VECTOR('',#5508,1.);
#5508 = DIRECTION('',(0.,0.,-1.));
#5509 = ORIENTED_EDGE('',*,*,#2213,.F.);
#5510 = PLANE('',#5511);
#5511 = AXIS2_PLACEMENT_3D('',#5512,#5513,#5514);
#5512 = CARTESIAN_POINT('',(-1.3,-4.6,0.7));
#5513 = DIRECTION('',(-1.,0.,0.));
#5514 = DIRECTION('',(0.,1.,0.));
#5515 = ADVANCED_FACE('',(#5516),#5577,.T.);
#5516 = FACE_BOUND('',#5517,.F.);
#5517 = EDGE_LOOP('',(#5518,#5528,#5537,#5545,#5554,#5562,#5569,#5570));
#5518 = ORIENTED_EDGE('',*,*,#5519,.F.);
#5519 = EDGE_CURVE('',#5520,#5522,#5524,.T.);
#5520 = VERTEX_POINT('',#5521);
#5521 = CARTESIAN_POINT('',(-2.4,-3.35,0.7));
#5522 = VERTEX_POINT('',#5523);
#5523 = CARTESIAN_POINT('',(-1.7,-3.35,0.7));
#5524 = LINE('',#5525,#5526);
#5525 = CARTESIAN_POINT('',(-2.4,-3.35,0.7));
#5526 = VECTOR('',#5527,1.);
#5527 = DIRECTION('',(1.,0.,0.));
#5528 = ORIENTED_EDGE('',*,*,#5529,.F.);
#5529 = EDGE_CURVE('',#5530,#5520,#5532,.T.);
#5530 = VERTEX_POINT('',#5531);
#5531 = CARTESIAN_POINT('',(-2.6,-3.15,0.7));
#5532 = CIRCLE('',#5533,0.2);
#5533 = AXIS2_PLACEMENT_3D('',#5534,#5535,#5536);
#5534 = CARTESIAN_POINT('',(-2.4,-3.15,0.7));
#5535 = DIRECTION('',(0.,0.,1.));
#5536 = DIRECTION('',(-1.,0.,0.));
#5537 = ORIENTED_EDGE('',*,*,#5538,.T.);
#5538 = EDGE_CURVE('',#5530,#5539,#5541,.T.);
#5539 = VERTEX_POINT('',#5540);
#5540 = CARTESIAN_POINT('',(-2.6,-4.4,0.7));
#5541 = LINE('',#5542,#5543);
#5542 = CARTESIAN_POINT('',(-2.6,-3.15,0.7));
#5543 = VECTOR('',#5544,1.);
#5544 = DIRECTION('',(0.,-1.,0.));
#5545 = ORIENTED_EDGE('',*,*,#5546,.F.);
#5546 = EDGE_CURVE('',#5547,#5539,#5549,.T.);
#5547 = VERTEX_POINT('',#5548);
#5548 = CARTESIAN_POINT('',(-2.4,-4.6,0.7));
#5549 = CIRCLE('',#5550,0.2);
#5550 = AXIS2_PLACEMENT_3D('',#5551,#5552,#5553);
#5551 = CARTESIAN_POINT('',(-2.4,-4.4,0.7));
#5552 = DIRECTION('',(0.,0.,-1.));
#5553 = DIRECTION('',(0.,-1.,0.));
#5554 = ORIENTED_EDGE('',*,*,#5555,.F.);
#5555 = EDGE_CURVE('',#5556,#5547,#5558,.T.);
#5556 = VERTEX_POINT('',#5557);
#5557 = CARTESIAN_POINT('',(-1.7,-4.6,0.7));
#5558 = LINE('',#5559,#5560);
#5559 = CARTESIAN_POINT('',(-1.7,-4.6,0.7));
#5560 = VECTOR('',#5561,1.);
#5561 = DIRECTION('',(-1.,0.,0.));
#5562 = ORIENTED_EDGE('',*,*,#5563,.F.);
#5563 = EDGE_CURVE('',#5497,#5556,#5564,.T.);
#5564 = CIRCLE('',#5565,0.2);
#5565 = AXIS2_PLACEMENT_3D('',#5566,#5567,#5568);
#5566 = CARTESIAN_POINT('',(-1.5,-4.6,0.7));
#5567 = DIRECTION('',(0.,0.,1.));
#5568 = DIRECTION('',(1.,0.,-0.));
#5569 = ORIENTED_EDGE('',*,*,#5496,.F.);
#5570 = ORIENTED_EDGE('',*,*,#5571,.F.);
#5571 = EDGE_CURVE('',#5522,#5489,#5572,.T.);
#5572 = CIRCLE('',#5573,0.2);
#5573 = AXIS2_PLACEMENT_3D('',#5574,#5575,#5576);
#5574 = CARTESIAN_POINT('',(-1.5,-3.35,0.7));
#5575 = DIRECTION('',(0.,0.,-1.));
#5576 = DIRECTION('',(-1.,0.,0.));
#5577 = PLANE('',#5578);
#5578 = AXIS2_PLACEMENT_3D('',#5579,#5580,#5581);
#5579 = CARTESIAN_POINT('',(0.,0.,0.7));
#5580 = DIRECTION('',(0.,0.,-1.));
#5581 = DIRECTION('',(0.,-1.,0.));
#5582 = ADVANCED_FACE('',(#5583),#5642,.T.);
#5583 = FACE_BOUND('',#5584,.F.);
#5584 = EDGE_LOOP('',(#5585,#5596,#5604,#5613,#5621,#5628,#5629,#5636));
#5585 = ORIENTED_EDGE('',*,*,#5586,.F.);
#5586 = EDGE_CURVE('',#5587,#5589,#5591,.T.);
#5587 = VERTEX_POINT('',#5588);
#5588 = CARTESIAN_POINT('',(-2.6,4.4,0.7));
#5589 = VERTEX_POINT('',#5590);
#5590 = CARTESIAN_POINT('',(-2.4,4.6,0.7));
#5591 = CIRCLE('',#5592,0.2);
#5592 = AXIS2_PLACEMENT_3D('',#5593,#5594,#5595);
#5593 = CARTESIAN_POINT('',(-2.4,4.4,0.7));
#5594 = DIRECTION('',(0.,0.,-1.));
#5595 = DIRECTION('',(-1.,0.,0.));
#5596 = ORIENTED_EDGE('',*,*,#5597,.T.);
#5597 = EDGE_CURVE('',#5587,#5598,#5600,.T.);
#5598 = VERTEX_POINT('',#5599);
#5599 = CARTESIAN_POINT('',(-2.6,3.15,0.7));
#5600 = LINE('',#5601,#5602);
#5601 = CARTESIAN_POINT('',(-2.6,4.4,0.7));
#5602 = VECTOR('',#5603,1.);
#5603 = DIRECTION('',(0.,-1.,0.));
#5604 = ORIENTED_EDGE('',*,*,#5605,.F.);
#5605 = EDGE_CURVE('',#5606,#5598,#5608,.T.);
#5606 = VERTEX_POINT('',#5607);
#5607 = CARTESIAN_POINT('',(-2.4,3.35,0.7));
#5608 = CIRCLE('',#5609,0.2);
#5609 = AXIS2_PLACEMENT_3D('',#5610,#5611,#5612);
#5610 = CARTESIAN_POINT('',(-2.4,3.15,0.7));
#5611 = DIRECTION('',(0.,-0.,1.));
#5612 = DIRECTION('',(0.,1.,0.));
#5613 = ORIENTED_EDGE('',*,*,#5614,.F.);
#5614 = EDGE_CURVE('',#5615,#5606,#5617,.T.);
#5615 = VERTEX_POINT('',#5616);
#5616 = CARTESIAN_POINT('',(-1.7,3.35,0.7));
#5617 = LINE('',#5618,#5619);
#5618 = CARTESIAN_POINT('',(-1.7,3.35,0.7));
#5619 = VECTOR('',#5620,1.);
#5620 = DIRECTION('',(-1.,0.,0.));
#5621 = ORIENTED_EDGE('',*,*,#5622,.F.);
#5622 = EDGE_CURVE('',#5408,#5615,#5623,.T.);
#5623 = CIRCLE('',#5624,0.2);
#5624 = AXIS2_PLACEMENT_3D('',#5625,#5626,#5627);
#5625 = CARTESIAN_POINT('',(-1.5,3.35,0.7));
#5626 = DIRECTION('',(0.,0.,-1.));
#5627 = DIRECTION('',(1.,0.,0.));
#5628 = ORIENTED_EDGE('',*,*,#5407,.F.);
#5629 = ORIENTED_EDGE('',*,*,#5630,.F.);
#5630 = EDGE_CURVE('',#2464,#2488,#5631,.T.);
#5631 = CIRCLE('',#5632,0.2);
#5632 = AXIS2_PLACEMENT_3D('',#5633,#5634,#5635);
#5633 = CARTESIAN_POINT('',(-1.5,4.6,0.7));
#5634 = DIRECTION('',(0.,0.,1.));
#5635 = DIRECTION('',(-1.,0.,0.));
#5636 = ORIENTED_EDGE('',*,*,#5637,.F.);
#5637 = EDGE_CURVE('',#5589,#2464,#5638,.T.);
#5638 = LINE('',#5639,#5640);
#5639 = CARTESIAN_POINT('',(-2.4,4.6,0.7));
#5640 = VECTOR('',#5641,1.);
#5641 = DIRECTION('',(1.,0.,0.));
#5642 = PLANE('',#5643);
#5643 = AXIS2_PLACEMENT_3D('',#5644,#5645,#5646);
#5644 = CARTESIAN_POINT('',(0.,0.,0.7));
#5645 = DIRECTION('',(0.,0.,-1.));
#5646 = DIRECTION('',(0.,-1.,0.));
#5647 = ADVANCED_FACE('',(#5648),#5709,.T.);
#5648 = FACE_BOUND('',#5649,.F.);
#5649 = EDGE_LOOP('',(#5650,#5661,#5669,#5678,#5686,#5693,#5694,#5703));
#5650 = ORIENTED_EDGE('',*,*,#5651,.F.);
#5651 = EDGE_CURVE('',#5652,#5654,#5656,.T.);
#5652 = VERTEX_POINT('',#5653);
#5653 = CARTESIAN_POINT('',(2.6,-4.4,0.7));
#5654 = VERTEX_POINT('',#5655);
#5655 = CARTESIAN_POINT('',(2.4,-4.6,0.7));
#5656 = CIRCLE('',#5657,0.2);
#5657 = AXIS2_PLACEMENT_3D('',#5658,#5659,#5660);
#5658 = CARTESIAN_POINT('',(2.4,-4.4,0.7));
#5659 = DIRECTION('',(0.,0.,-1.));
#5660 = DIRECTION('',(1.,0.,0.));
#5661 = ORIENTED_EDGE('',*,*,#5662,.T.);
#5662 = EDGE_CURVE('',#5652,#5663,#5665,.T.);
#5663 = VERTEX_POINT('',#5664);
#5664 = CARTESIAN_POINT('',(2.6,-3.15,0.7));
#5665 = LINE('',#5666,#5667);
#5666 = CARTESIAN_POINT('',(2.6,-4.4,0.7));
#5667 = VECTOR('',#5668,1.);
#5668 = DIRECTION('',(0.,1.,0.));
#5669 = ORIENTED_EDGE('',*,*,#5670,.F.);
#5670 = EDGE_CURVE('',#5671,#5663,#5673,.T.);
#5671 = VERTEX_POINT('',#5672);
#5672 = CARTESIAN_POINT('',(2.4,-3.35,0.7));
#5673 = CIRCLE('',#5674,0.2);
#5674 = AXIS2_PLACEMENT_3D('',#5675,#5676,#5677);
#5675 = CARTESIAN_POINT('',(2.4,-3.15,0.7));
#5676 = DIRECTION('',(0.,0.,1.));
#5677 = DIRECTION('',(0.,-1.,0.));
#5678 = ORIENTED_EDGE('',*,*,#5679,.F.);
#5679 = EDGE_CURVE('',#5680,#5671,#5682,.T.);
#5680 = VERTEX_POINT('',#5681);
#5681 = CARTESIAN_POINT('',(1.7,-3.35,0.7));
#5682 = LINE('',#5683,#5684);
#5683 = CARTESIAN_POINT('',(1.7,-3.35,0.7));
#5684 = VECTOR('',#5685,1.);
#5685 = DIRECTION('',(1.,0.,0.));
#5686 = ORIENTED_EDGE('',*,*,#5687,.F.);
#5687 = EDGE_CURVE('',#2317,#5680,#5688,.T.);
#5688 = CIRCLE('',#5689,0.2);
#5689 = AXIS2_PLACEMENT_3D('',#5690,#5691,#5692);
#5690 = CARTESIAN_POINT('',(1.5,-3.35,0.7));
#5691 = DIRECTION('',(0.,0.,-1.));
#5692 = DIRECTION('',(-1.,0.,0.));
#5693 = ORIENTED_EDGE('',*,*,#2316,.T.);
#5694 = ORIENTED_EDGE('',*,*,#5695,.F.);
#5695 = EDGE_CURVE('',#5696,#2309,#5698,.T.);
#5696 = VERTEX_POINT('',#5697);
#5697 = CARTESIAN_POINT('',(1.7,-4.6,0.7));
#5698 = CIRCLE('',#5699,0.2);
#5699 = AXIS2_PLACEMENT_3D('',#5700,#5701,#5702);
#5700 = CARTESIAN_POINT('',(1.5,-4.6,0.7));
#5701 = DIRECTION('',(0.,0.,1.));
#5702 = DIRECTION('',(1.,0.,-0.));
#5703 = ORIENTED_EDGE('',*,*,#5704,.F.);
#5704 = EDGE_CURVE('',#5654,#5696,#5705,.T.);
#5705 = LINE('',#5706,#5707);
#5706 = CARTESIAN_POINT('',(2.4,-4.6,0.7));
#5707 = VECTOR('',#5708,1.);
#5708 = DIRECTION('',(-1.,0.,0.));
#5709 = PLANE('',#5710);
#5710 = AXIS2_PLACEMENT_3D('',#5711,#5712,#5713);
#5711 = CARTESIAN_POINT('',(0.,0.,0.7));
#5712 = DIRECTION('',(0.,0.,-1.));
#5713 = DIRECTION('',(0.,-1.,0.));
#5714 = ADVANCED_FACE('',(#5715),#5747,.F.);
#5715 = FACE_BOUND('',#5716,.F.);
#5716 = EDGE_LOOP('',(#5717,#5725,#5733,#5739,#5740,#5746));
#5717 = ORIENTED_EDGE('',*,*,#5718,.T.);
#5718 = EDGE_CURVE('',#2698,#5719,#5721,.T.);
#5719 = VERTEX_POINT('',#5720);
#5720 = CARTESIAN_POINT('',(1.5,-3.35,2.4));
#5721 = LINE('',#5722,#5723);
#5722 = CARTESIAN_POINT('',(1.5,-3.35,6.65));
#5723 = VECTOR('',#5724,1.);
#5724 = DIRECTION('',(0.,0.,-1.));
#5725 = ORIENTED_EDGE('',*,*,#5726,.F.);
#5726 = EDGE_CURVE('',#5727,#5719,#5729,.T.);
#5727 = VERTEX_POINT('',#5728);
#5728 = CARTESIAN_POINT('',(1.7,-3.35,2.4));
#5729 = LINE('',#5730,#5731);
#5730 = CARTESIAN_POINT('',(1.7,-3.35,2.4));
#5731 = VECTOR('',#5732,1.);
#5732 = DIRECTION('',(-1.,0.,0.));
#5733 = ORIENTED_EDGE('',*,*,#5734,.F.);
#5734 = EDGE_CURVE('',#5680,#5727,#5735,.T.);
#5735 = LINE('',#5736,#5737);
#5736 = CARTESIAN_POINT('',(1.7,-3.35,0.7));
#5737 = VECTOR('',#5738,1.);
#5738 = DIRECTION('',(0.,0.,1.));
#5739 = ORIENTED_EDGE('',*,*,#5679,.T.);
#5740 = ORIENTED_EDGE('',*,*,#5741,.F.);
#5741 = EDGE_CURVE('',#2707,#5671,#5742,.T.);
#5742 = LINE('',#5743,#5744);
#5743 = CARTESIAN_POINT('',(2.4,-3.35,6.65));
#5744 = VECTOR('',#5745,1.);
#5745 = DIRECTION('',(0.,0.,-1.));
#5746 = ORIENTED_EDGE('',*,*,#2706,.T.);
#5747 = PLANE('',#5748);
#5748 = AXIS2_PLACEMENT_3D('',#5749,#5750,#5751);
#5749 = CARTESIAN_POINT('',(-2.6,-3.35,2.4));
#5750 = DIRECTION('',(0.,-1.,0.));
#5751 = DIRECTION('',(1.,0.,0.));
#5752 = ADVANCED_FACE('',(#5753),#5794,.F.);
#5753 = FACE_BOUND('',#5754,.F.);
#5754 = EDGE_LOOP('',(#5755,#5761,#5762,#5770,#5778,#5786,#5793));
#5755 = ORIENTED_EDGE('',*,*,#5756,.T.);
#5756 = EDGE_CURVE('',#2913,#5520,#5757,.T.);
#5757 = LINE('',#5758,#5759);
#5758 = CARTESIAN_POINT('',(-2.4,-3.35,6.65));
#5759 = VECTOR('',#5760,1.);
#5760 = DIRECTION('',(0.,0.,-1.));
#5761 = ORIENTED_EDGE('',*,*,#5519,.T.);
#5762 = ORIENTED_EDGE('',*,*,#5763,.T.);
#5763 = EDGE_CURVE('',#5522,#5764,#5766,.T.);
#5764 = VERTEX_POINT('',#5765);
#5765 = CARTESIAN_POINT('',(-1.7,-3.35,2.4));
#5766 = LINE('',#5767,#5768);
#5767 = CARTESIAN_POINT('',(-1.7,-3.35,0.7));
#5768 = VECTOR('',#5769,1.);
#5769 = DIRECTION('',(0.,0.,1.));
#5770 = ORIENTED_EDGE('',*,*,#5771,.F.);
#5771 = EDGE_CURVE('',#5772,#5764,#5774,.T.);
#5772 = VERTEX_POINT('',#5773);
#5773 = CARTESIAN_POINT('',(-1.3,-3.35,2.4));
#5774 = LINE('',#5775,#5776);
#5775 = CARTESIAN_POINT('',(-1.3,-3.35,2.4));
#5776 = VECTOR('',#5777,1.);
#5777 = DIRECTION('',(-1.,0.,0.));
#5778 = ORIENTED_EDGE('',*,*,#5779,.T.);
#5779 = EDGE_CURVE('',#5772,#5780,#5782,.T.);
#5780 = VERTEX_POINT('',#5781);
#5781 = CARTESIAN_POINT('',(-1.3,-3.35,6.45));
#5782 = LINE('',#5783,#5784);
#5783 = CARTESIAN_POINT('',(-1.3,-3.35,2.4));
#5784 = VECTOR('',#5785,1.);
#5785 = DIRECTION('',(0.,0.,1.));
#5786 = ORIENTED_EDGE('',*,*,#5787,.F.);
#5787 = EDGE_CURVE('',#2922,#5780,#5788,.T.);
#5788 = CIRCLE('',#5789,0.2);
#5789 = AXIS2_PLACEMENT_3D('',#5790,#5791,#5792);
#5790 = CARTESIAN_POINT('',(-1.5,-3.35,6.45));
#5791 = DIRECTION('',(0.,1.,0.));
#5792 = DIRECTION('',(0.,-0.,1.));
#5793 = ORIENTED_EDGE('',*,*,#2921,.T.);
#5794 = PLANE('',#5795);
#5795 = AXIS2_PLACEMENT_3D('',#5796,#5797,#5798);
#5796 = CARTESIAN_POINT('',(-2.6,-3.35,2.4));
#5797 = DIRECTION('',(0.,-1.,0.));
#5798 = DIRECTION('',(1.,0.,0.));
#5799 = ADVANCED_FACE('',(#5800),#5828,.F.);
#5800 = FACE_BOUND('',#5801,.F.);
#5801 = EDGE_LOOP('',(#5802,#5808,#5816,#5822));
#5802 = ORIENTED_EDGE('',*,*,#5803,.F.);
#5803 = EDGE_CURVE('',#2325,#5480,#5804,.T.);
#5804 = LINE('',#5805,#5806);
#5805 = CARTESIAN_POINT('',(1.3,-3.35,1.6));
#5806 = VECTOR('',#5807,1.);
#5807 = DIRECTION('',(-1.,0.,0.));
#5808 = ORIENTED_EDGE('',*,*,#5809,.T.);
#5809 = EDGE_CURVE('',#2325,#5810,#5812,.T.);
#5810 = VERTEX_POINT('',#5811);
#5811 = CARTESIAN_POINT('',(1.3,-3.35,2.4));
#5812 = LINE('',#5813,#5814);
#5813 = CARTESIAN_POINT('',(1.3,-3.35,1.6));
#5814 = VECTOR('',#5815,1.);
#5815 = DIRECTION('',(0.,0.,1.));
#5816 = ORIENTED_EDGE('',*,*,#5817,.F.);
#5817 = EDGE_CURVE('',#5772,#5810,#5818,.T.);
#5818 = LINE('',#5819,#5820);
#5819 = CARTESIAN_POINT('',(-1.3,-3.35,2.4));
#5820 = VECTOR('',#5821,1.);
#5821 = DIRECTION('',(1.,0.,0.));
#5822 = ORIENTED_EDGE('',*,*,#5823,.F.);
#5823 = EDGE_CURVE('',#5480,#5772,#5824,.T.);
#5824 = LINE('',#5825,#5826);
#5825 = CARTESIAN_POINT('',(-1.3,-3.35,1.6));
#5826 = VECTOR('',#5827,1.);
#5827 = DIRECTION('',(0.,0.,1.));
#5828 = PLANE('',#5829);
#5829 = AXIS2_PLACEMENT_3D('',#5830,#5831,#5832);
#5830 = CARTESIAN_POINT('',(-2.6,-3.35,2.4));
#5831 = DIRECTION('',(0.,-1.,0.));
#5832 = DIRECTION('',(1.,0.,0.));
#5833 = ADVANCED_FACE('',(#5834),#5853,.T.);
#5834 = FACE_BOUND('',#5835,.T.);
#5835 = EDGE_LOOP('',(#5836,#5845,#5851,#5852));
#5836 = ORIENTED_EDGE('',*,*,#5837,.F.);
#5837 = EDGE_CURVE('',#5838,#5719,#5840,.T.);
#5838 = VERTEX_POINT('',#5839);
#5839 = CARTESIAN_POINT('',(1.3,-3.55,2.4));
#5840 = CIRCLE('',#5841,0.2);
#5841 = AXIS2_PLACEMENT_3D('',#5842,#5843,#5844);
#5842 = CARTESIAN_POINT('',(1.5,-3.55,2.4));
#5843 = DIRECTION('',(0.,0.,-1.));
#5844 = DIRECTION('',(-1.,0.,0.));
#5845 = ORIENTED_EDGE('',*,*,#5846,.F.);
#5846 = EDGE_CURVE('',#2690,#5838,#5847,.T.);
#5847 = LINE('',#5848,#5849);
#5848 = CARTESIAN_POINT('',(1.3,-3.55,6.65));
#5849 = VECTOR('',#5850,1.);
#5850 = DIRECTION('',(0.,0.,-1.));
#5851 = ORIENTED_EDGE('',*,*,#2697,.F.);
#5852 = ORIENTED_EDGE('',*,*,#5718,.T.);
#5853 = CYLINDRICAL_SURFACE('',#5854,0.2);
#5854 = AXIS2_PLACEMENT_3D('',#5855,#5856,#5857);
#5855 = CARTESIAN_POINT('',(1.5,-3.55,21.57622));
#5856 = DIRECTION('',(0.,0.,-1.));
#5857 = DIRECTION('',(-1.,0.,0.));
#5858 = ADVANCED_FACE('',(#5859),#5870,.T.);
#5859 = FACE_BOUND('',#5860,.F.);
#5860 = EDGE_LOOP('',(#5861,#5862,#5868,#5869));
#5861 = ORIENTED_EDGE('',*,*,#2967,.T.);
#5862 = ORIENTED_EDGE('',*,*,#5863,.T.);
#5863 = EDGE_CURVE('',#2968,#5838,#5864,.T.);
#5864 = LINE('',#5865,#5866);
#5865 = CARTESIAN_POINT('',(1.3,-4.4,2.4));
#5866 = VECTOR('',#5867,1.);
#5867 = DIRECTION('',(0.,1.,0.));
#5868 = ORIENTED_EDGE('',*,*,#5846,.F.);
#5869 = ORIENTED_EDGE('',*,*,#2689,.T.);
#5870 = PLANE('',#5871);
#5871 = AXIS2_PLACEMENT_3D('',#5872,#5873,#5874);
#5872 = CARTESIAN_POINT('',(1.3,-3.35,2.4));
#5873 = DIRECTION('',(-1.,0.,0.));
#5874 = DIRECTION('',(0.,-1.,0.));
#5875 = ADVANCED_FACE('',(#5876),#5886,.T.);
#5876 = FACE_BOUND('',#5877,.F.);
#5877 = EDGE_LOOP('',(#5878,#5879));
#5878 = ORIENTED_EDGE('',*,*,#5771,.T.);
#5879 = ORIENTED_EDGE('',*,*,#5880,.F.);
#5880 = EDGE_CURVE('',#5772,#5764,#5881,.T.);
#5881 = CIRCLE('',#5882,0.2);
#5882 = AXIS2_PLACEMENT_3D('',#5883,#5884,#5885);
#5883 = CARTESIAN_POINT('',(-1.5,-3.35,2.4));
#5884 = DIRECTION('',(0.,0.,1.));
#5885 = DIRECTION('',(1.,0.,-0.));
#5886 = PLANE('',#5887);
#5887 = AXIS2_PLACEMENT_3D('',#5888,#5889,#5890);
#5888 = CARTESIAN_POINT('',(0.,0.,2.4));
#5889 = DIRECTION('',(0.,0.,1.));
#5890 = DIRECTION('',(1.,0.,-0.));
#5891 = ADVANCED_FACE('',(#5892),#5919,.T.);
#5892 = FACE_BOUND('',#5893,.F.);
#5893 = EDGE_LOOP('',(#5894,#5895,#5902,#5903,#5904,#5905,#5913));
#5894 = ORIENTED_EDGE('',*,*,#5817,.T.);
#5895 = ORIENTED_EDGE('',*,*,#5896,.F.);
#5896 = EDGE_CURVE('',#5727,#5810,#5897,.T.);
#5897 = CIRCLE('',#5898,0.2);
#5898 = AXIS2_PLACEMENT_3D('',#5899,#5900,#5901);
#5899 = CARTESIAN_POINT('',(1.5,-3.35,2.4));
#5900 = DIRECTION('',(0.,0.,1.));
#5901 = DIRECTION('',(1.,0.,-0.));
#5902 = ORIENTED_EDGE('',*,*,#5726,.T.);
#5903 = ORIENTED_EDGE('',*,*,#5837,.F.);
#5904 = ORIENTED_EDGE('',*,*,#5863,.F.);
#5905 = ORIENTED_EDGE('',*,*,#5906,.F.);
#5906 = EDGE_CURVE('',#5907,#2968,#5909,.T.);
#5907 = VERTEX_POINT('',#5908);
#5908 = CARTESIAN_POINT('',(-1.3,-4.4,2.4));
#5909 = LINE('',#5910,#5911);
#5910 = CARTESIAN_POINT('',(-1.3,-4.4,2.4));
#5911 = VECTOR('',#5912,1.);
#5912 = DIRECTION('',(1.,0.,0.));
#5913 = ORIENTED_EDGE('',*,*,#5914,.T.);
#5914 = EDGE_CURVE('',#5907,#5772,#5915,.T.);
#5915 = LINE('',#5916,#5917);
#5916 = CARTESIAN_POINT('',(-1.3,-4.4,2.4));
#5917 = VECTOR('',#5918,1.);
#5918 = DIRECTION('',(0.,1.,0.));
#5919 = PLANE('',#5920);
#5920 = AXIS2_PLACEMENT_3D('',#5921,#5922,#5923);
#5921 = CARTESIAN_POINT('',(0.,0.,2.4));
#5922 = DIRECTION('',(0.,0.,1.));
#5923 = DIRECTION('',(1.,0.,-0.));
#5924 = ADVANCED_FACE('',(#5925),#5994,.T.);
#5925 = FACE_BOUND('',#5926,.F.);
#5926 = EDGE_LOOP('',(#5927,#5928,#5929,#5937,#5946,#5954,#5963,#5971,
    #5980,#5988));
#5927 = ORIENTED_EDGE('',*,*,#2602,.T.);
#5928 = ORIENTED_EDGE('',*,*,#2623,.F.);
#5929 = ORIENTED_EDGE('',*,*,#5930,.T.);
#5930 = EDGE_CURVE('',#2624,#5931,#5933,.T.);
#5931 = VERTEX_POINT('',#5932);
#5932 = CARTESIAN_POINT('',(1.7,3.35,2.4));
#5933 = LINE('',#5934,#5935);
#5934 = CARTESIAN_POINT('',(1.9,3.35,2.4));
#5935 = VECTOR('',#5936,1.);
#5936 = DIRECTION('',(-1.,-1.110223024625E-14,0.));
#5937 = ORIENTED_EDGE('',*,*,#5938,.F.);
#5938 = EDGE_CURVE('',#5939,#5931,#5941,.T.);
#5939 = VERTEX_POINT('',#5940);
#5940 = CARTESIAN_POINT('',(1.3,3.35,2.4));
#5941 = CIRCLE('',#5942,0.2);
#5942 = AXIS2_PLACEMENT_3D('',#5943,#5944,#5945);
#5943 = CARTESIAN_POINT('',(1.5,3.35,2.4));
#5944 = DIRECTION('',(0.,0.,1.));
#5945 = DIRECTION('',(-1.,0.,0.));
#5946 = ORIENTED_EDGE('',*,*,#5947,.T.);
#5947 = EDGE_CURVE('',#5939,#5948,#5950,.T.);
#5948 = VERTEX_POINT('',#5949);
#5949 = CARTESIAN_POINT('',(-1.3,3.35,2.4));
#5950 = LINE('',#5951,#5952);
#5951 = CARTESIAN_POINT('',(1.3,3.35,2.4));
#5952 = VECTOR('',#5953,1.);
#5953 = DIRECTION('',(-1.,0.,0.));
#5954 = ORIENTED_EDGE('',*,*,#5955,.F.);
#5955 = EDGE_CURVE('',#5956,#5948,#5958,.T.);
#5956 = VERTEX_POINT('',#5957);
#5957 = CARTESIAN_POINT('',(-1.7,3.35,2.4));
#5958 = CIRCLE('',#5959,0.2);
#5959 = AXIS2_PLACEMENT_3D('',#5960,#5961,#5962);
#5960 = CARTESIAN_POINT('',(-1.5,3.35,2.4));
#5961 = DIRECTION('',(0.,0.,1.));
#5962 = DIRECTION('',(-1.,0.,0.));
#5963 = ORIENTED_EDGE('',*,*,#5964,.F.);
#5964 = EDGE_CURVE('',#5965,#5956,#5967,.T.);
#5965 = VERTEX_POINT('',#5966);
#5966 = CARTESIAN_POINT('',(-1.9,3.35,2.4));
#5967 = LINE('',#5968,#5969);
#5968 = CARTESIAN_POINT('',(-1.9,3.35,2.4));
#5969 = VECTOR('',#5970,1.);
#5970 = DIRECTION('',(1.,-1.110223024625E-14,0.));
#5971 = ORIENTED_EDGE('',*,*,#5972,.F.);
#5972 = EDGE_CURVE('',#5973,#5965,#5975,.T.);
#5973 = VERTEX_POINT('',#5974);
#5974 = CARTESIAN_POINT('',(-1.7,3.55,2.4));
#5975 = CIRCLE('',#5976,0.2);
#5976 = AXIS2_PLACEMENT_3D('',#5977,#5978,#5979);
#5977 = CARTESIAN_POINT('',(-1.9,3.55,2.4));
#5978 = DIRECTION('',(0.,0.,-1.));
#5979 = DIRECTION('',(1.,0.,0.));
#5980 = ORIENTED_EDGE('',*,*,#5981,.F.);
#5981 = EDGE_CURVE('',#5982,#5973,#5984,.T.);
#5982 = VERTEX_POINT('',#5983);
#5983 = CARTESIAN_POINT('',(-1.7,4.4,2.4));
#5984 = LINE('',#5985,#5986);
#5985 = CARTESIAN_POINT('',(-1.7,4.4,2.4));
#5986 = VECTOR('',#5987,1.);
#5987 = DIRECTION('',(0.,-1.,0.));
#5988 = ORIENTED_EDGE('',*,*,#5989,.F.);
#5989 = EDGE_CURVE('',#2565,#5982,#5990,.T.);
#5990 = LINE('',#5991,#5992);
#5991 = CARTESIAN_POINT('',(1.7,4.4,2.4));
#5992 = VECTOR('',#5993,1.);
#5993 = DIRECTION('',(-1.,0.,0.));
#5994 = PLANE('',#5995);
#5995 = AXIS2_PLACEMENT_3D('',#5996,#5997,#5998);
#5996 = CARTESIAN_POINT('',(0.,0.,2.4));
#5997 = DIRECTION('',(0.,0.,1.));
#5998 = DIRECTION('',(1.,0.,-0.));
#5999 = ADVANCED_FACE('',(#6000),#6052,.T.);
#6000 = FACE_BOUND('',#6001,.F.);
#6001 = EDGE_LOOP('',(#6002,#6012,#6020,#6028,#6037,#6045));
#6002 = ORIENTED_EDGE('',*,*,#6003,.T.);
#6003 = EDGE_CURVE('',#6004,#6006,#6008,.T.);
#6004 = VERTEX_POINT('',#6005);
#6005 = CARTESIAN_POINT('',(-2.8,-1.900000000206,2.4));
#6006 = VERTEX_POINT('',#6007);
#6007 = CARTESIAN_POINT('',(-3.2,-1.9,2.4));
#6008 = LINE('',#6009,#6010);
#6009 = CARTESIAN_POINT('',(-2.8,-1.900000000206,2.4));
#6010 = VECTOR('',#6011,1.);
#6011 = DIRECTION('',(-1.,5.145800452411E-10,0.));
#6012 = ORIENTED_EDGE('',*,*,#6013,.F.);
#6013 = EDGE_CURVE('',#6014,#6006,#6016,.T.);
#6014 = VERTEX_POINT('',#6015);
#6015 = CARTESIAN_POINT('',(-3.2,1.9,2.4));
#6016 = LINE('',#6017,#6018);
#6017 = CARTESIAN_POINT('',(-3.2,1.9,2.4));
#6018 = VECTOR('',#6019,1.);
#6019 = DIRECTION('',(0.,-1.,0.));
#6020 = ORIENTED_EDGE('',*,*,#6021,.T.);
#6021 = EDGE_CURVE('',#6014,#6022,#6024,.T.);
#6022 = VERTEX_POINT('',#6023);
#6023 = CARTESIAN_POINT('',(-2.8,1.900000000355,2.4));
#6024 = LINE('',#6025,#6026);
#6025 = CARTESIAN_POINT('',(-3.2,1.9,2.4));
#6026 = VECTOR('',#6027,1.);
#6027 = DIRECTION('',(1.,8.883033197904E-10,0.));
#6028 = ORIENTED_EDGE('',*,*,#6029,.F.);
#6029 = EDGE_CURVE('',#6030,#6022,#6032,.T.);
#6030 = VERTEX_POINT('',#6031);
#6031 = CARTESIAN_POINT('',(-2.6,1.953589838486,2.4));
#6032 = CIRCLE('',#6033,0.4);
#6033 = AXIS2_PLACEMENT_3D('',#6034,#6035,#6036);
#6034 = CARTESIAN_POINT('',(-2.8,2.3,2.4));
#6035 = DIRECTION('',(0.,0.,-1.));
#6036 = DIRECTION('',(0.5,-0.866025403784,0.));
#6037 = ORIENTED_EDGE('',*,*,#6038,.T.);
#6038 = EDGE_CURVE('',#6030,#6039,#6041,.T.);
#6039 = VERTEX_POINT('',#6040);
#6040 = CARTESIAN_POINT('',(-2.6,-1.953589838486,2.4));
#6041 = LINE('',#6042,#6043);
#6042 = CARTESIAN_POINT('',(-2.59999999999,1.953589838592,2.4));
#6043 = VECTOR('',#6044,1.);
#6044 = DIRECTION('',(1.989046272365E-13,-1.,0.));
#6045 = ORIENTED_EDGE('',*,*,#6046,.F.);
#6046 = EDGE_CURVE('',#6004,#6039,#6047,.T.);
#6047 = CIRCLE('',#6048,0.4);
#6048 = AXIS2_PLACEMENT_3D('',#6049,#6050,#6051);
#6049 = CARTESIAN_POINT('',(-2.8,-2.3,2.4));
#6050 = DIRECTION('',(0.,0.,-1.));
#6051 = DIRECTION('',(0.,1.,0.));
#6052 = PLANE('',#6053);
#6053 = AXIS2_PLACEMENT_3D('',#6054,#6055,#6056);
#6054 = CARTESIAN_POINT('',(0.,0.,2.4));
#6055 = DIRECTION('',(0.,0.,1.));
#6056 = DIRECTION('',(1.,0.,-0.));
#6057 = ADVANCED_FACE('',(#6058),#6110,.T.);
#6058 = FACE_BOUND('',#6059,.F.);
#6059 = EDGE_LOOP('',(#6060,#6070,#6079,#6087,#6096,#6104));
#6060 = ORIENTED_EDGE('',*,*,#6061,.T.);
#6061 = EDGE_CURVE('',#6062,#6064,#6066,.T.);
#6062 = VERTEX_POINT('',#6063);
#6063 = CARTESIAN_POINT('',(3.2,-1.9,2.4));
#6064 = VERTEX_POINT('',#6065);
#6065 = CARTESIAN_POINT('',(2.8,-1.900000000355,2.4));
#6066 = LINE('',#6067,#6068);
#6067 = CARTESIAN_POINT('',(3.2,-1.9,2.4));
#6068 = VECTOR('',#6069,1.);
#6069 = DIRECTION('',(-1.,-8.883033197904E-10,0.));
#6070 = ORIENTED_EDGE('',*,*,#6071,.F.);
#6071 = EDGE_CURVE('',#6072,#6064,#6074,.T.);
#6072 = VERTEX_POINT('',#6073);
#6073 = CARTESIAN_POINT('',(2.6,-1.953589838486,2.4));
#6074 = CIRCLE('',#6075,0.4);
#6075 = AXIS2_PLACEMENT_3D('',#6076,#6077,#6078);
#6076 = CARTESIAN_POINT('',(2.8,-2.3,2.4));
#6077 = DIRECTION('',(0.,0.,-1.));
#6078 = DIRECTION('',(-0.5,0.866025403784,0.));
#6079 = ORIENTED_EDGE('',*,*,#6080,.T.);
#6080 = EDGE_CURVE('',#6072,#6081,#6083,.T.);
#6081 = VERTEX_POINT('',#6082);
#6082 = CARTESIAN_POINT('',(2.6,1.953589838486,2.4));
#6083 = LINE('',#6084,#6085);
#6084 = CARTESIAN_POINT('',(2.59999999999,-1.953589838592,2.4));
#6085 = VECTOR('',#6086,1.);
#6086 = DIRECTION('',(-1.989046272365E-13,1.,0.));
#6087 = ORIENTED_EDGE('',*,*,#6088,.F.);
#6088 = EDGE_CURVE('',#6089,#6081,#6091,.T.);
#6089 = VERTEX_POINT('',#6090);
#6090 = CARTESIAN_POINT('',(2.8,1.900000000206,2.4));
#6091 = CIRCLE('',#6092,0.4);
#6092 = AXIS2_PLACEMENT_3D('',#6093,#6094,#6095);
#6093 = CARTESIAN_POINT('',(2.8,2.3,2.4));
#6094 = DIRECTION('',(0.,0.,-1.));
#6095 = DIRECTION('',(0.,-1.,0.));
#6096 = ORIENTED_EDGE('',*,*,#6097,.T.);
#6097 = EDGE_CURVE('',#6089,#6098,#6100,.T.);
#6098 = VERTEX_POINT('',#6099);
#6099 = CARTESIAN_POINT('',(3.2,1.9,2.4));
#6100 = LINE('',#6101,#6102);
#6101 = CARTESIAN_POINT('',(2.8,1.900000000206,2.4));
#6102 = VECTOR('',#6103,1.);
#6103 = DIRECTION('',(1.,-5.145811554641E-10,0.));
#6104 = ORIENTED_EDGE('',*,*,#6105,.F.);
#6105 = EDGE_CURVE('',#6062,#6098,#6106,.T.);
#6106 = LINE('',#6107,#6108);
#6107 = CARTESIAN_POINT('',(3.2,-1.9,2.4));
#6108 = VECTOR('',#6109,1.);
#6109 = DIRECTION('',(0.,1.,0.));
#6110 = PLANE('',#6111);
#6111 = AXIS2_PLACEMENT_3D('',#6112,#6113,#6114);
#6112 = CARTESIAN_POINT('',(0.,0.,2.4));
#6113 = DIRECTION('',(0.,0.,1.));
#6114 = DIRECTION('',(1.,0.,-0.));
#6115 = ADVANCED_FACE('',(#6116),#6123,.T.);
#6116 = FACE_BOUND('',#6117,.T.);
#6117 = EDGE_LOOP('',(#6118,#6119,#6120,#6121,#6122));
#6118 = ORIENTED_EDGE('',*,*,#5571,.F.);
#6119 = ORIENTED_EDGE('',*,*,#5763,.T.);
#6120 = ORIENTED_EDGE('',*,*,#5880,.F.);
#6121 = ORIENTED_EDGE('',*,*,#5823,.F.);
#6122 = ORIENTED_EDGE('',*,*,#5488,.T.);
#6123 = CYLINDRICAL_SURFACE('',#6124,0.2);
#6124 = AXIS2_PLACEMENT_3D('',#6125,#6126,#6127);
#6125 = CARTESIAN_POINT('',(-1.5,-3.35,2.4));
#6126 = DIRECTION('',(0.,0.,1.));
#6127 = DIRECTION('',(0.,-1.,0.));
#6128 = ADVANCED_FACE('',(#6129),#6136,.T.);
#6129 = FACE_BOUND('',#6130,.T.);
#6130 = EDGE_LOOP('',(#6131,#6132,#6133,#6134,#6135));
#6131 = ORIENTED_EDGE('',*,*,#5809,.T.);
#6132 = ORIENTED_EDGE('',*,*,#5896,.F.);
#6133 = ORIENTED_EDGE('',*,*,#5734,.F.);
#6134 = ORIENTED_EDGE('',*,*,#5687,.F.);
#6135 = ORIENTED_EDGE('',*,*,#2324,.T.);
#6136 = CYLINDRICAL_SURFACE('',#6137,0.2);
#6137 = AXIS2_PLACEMENT_3D('',#6138,#6139,#6140);
#6138 = CARTESIAN_POINT('',(1.5,-3.35,2.4));
#6139 = DIRECTION('',(0.,0.,1.));
#6140 = DIRECTION('',(0.,-1.,0.));
#6141 = ADVANCED_FACE('',(#6142),#6159,.T.);
#6142 = FACE_BOUND('',#6143,.T.);
#6143 = EDGE_LOOP('',(#6144,#6145,#6146,#6158));
#6144 = ORIENTED_EDGE('',*,*,#2975,.F.);
#6145 = ORIENTED_EDGE('',*,*,#5906,.F.);
#6146 = ORIENTED_EDGE('',*,*,#6147,.F.);
#6147 = EDGE_CURVE('',#3041,#5907,#6148,.T.);
#6148 = B_SPLINE_CURVE_WITH_KNOTS('',3,(#6149,#6150,#6151,#6152,#6153,
    #6154,#6155,#6156,#6157),.UNSPECIFIED.,.F.,.F.,(4,1,1,1,1,1,4),(0.,
    0.166666666667,0.333333333333,0.5,0.666666666667,0.833333333333,1.),
  .UNSPECIFIED.);
#6149 = CARTESIAN_POINT('',(-1.5,-4.6,2.2));
#6150 = CARTESIAN_POINT('',(-1.479649082989,-4.6,2.220350917011));
#6151 = CARTESIAN_POINT('',(-1.441004615147,-4.593785433995,
    2.258995384853));
#6152 = CARTESIAN_POINT('',(-1.391920235212,-4.571060730683,
    2.308079764788));
#6153 = CARTESIAN_POINT('',(-1.351194837993,-4.536982426467,
    2.348805162007));
#6154 = CARTESIAN_POINT('',(-1.321485714105,-4.494890904394,
    2.378514285895));
#6155 = CARTESIAN_POINT('',(-1.303584212445,-4.447306703926,
    2.396415787555));
#6156 = CARTESIAN_POINT('',(-1.3,-4.415524886837,2.4));
#6157 = CARTESIAN_POINT('',(-1.3,-4.4,2.4));
#6158 = ORIENTED_EDGE('',*,*,#3048,.T.);
#6159 = CYLINDRICAL_SURFACE('',#6160,0.2);
#6160 = AXIS2_PLACEMENT_3D('',#6161,#6162,#6163);
#6161 = CARTESIAN_POINT('',(-15.15024,-4.4,2.2));
#6162 = DIRECTION('',(1.,0.,0.));
#6163 = DIRECTION('',(0.,0.,1.));
#6164 = ADVANCED_FACE('',(#6165),#6189,.T.);
#6165 = FACE_BOUND('',#6166,.T.);
#6166 = EDGE_LOOP('',(#6167,#6181,#6182,#6183));
#6167 = ORIENTED_EDGE('',*,*,#6168,.T.);
#6168 = EDGE_CURVE('',#6169,#2930,#6171,.T.);
#6169 = VERTEX_POINT('',#6170);
#6170 = CARTESIAN_POINT('',(-1.3,-4.4,6.45));
#6171 = B_SPLINE_CURVE_WITH_KNOTS('',3,(#6172,#6173,#6174,#6175,#6176,
    #6177,#6178,#6179,#6180),.UNSPECIFIED.,.F.,.F.,(4,1,1,1,1,1,4),(0.,
    0.166666666667,0.333333333333,0.5,0.666666666667,0.833333333333,1.),
  .UNSPECIFIED.);
#6172 = CARTESIAN_POINT('',(-1.3,-4.4,6.45));
#6173 = CARTESIAN_POINT('',(-1.3,-4.420350917011,6.470350917011));
#6174 = CARTESIAN_POINT('',(-1.306214566005,-4.458995384853,
    6.508995384853));
#6175 = CARTESIAN_POINT('',(-1.328939269317,-4.508079764788,
    6.558079764788));
#6176 = CARTESIAN_POINT('',(-1.363017573533,-4.548805162007,
    6.598805162007));
#6177 = CARTESIAN_POINT('',(-1.405109095606,-4.578514285895,
    6.628514285895));
#6178 = CARTESIAN_POINT('',(-1.452693296074,-4.596415787555,
    6.646415787555));
#6179 = CARTESIAN_POINT('',(-1.484475113163,-4.6,6.65));
#6180 = CARTESIAN_POINT('',(-1.5,-4.6,6.65));
#6181 = ORIENTED_EDGE('',*,*,#3040,.T.);
#6182 = ORIENTED_EDGE('',*,*,#6147,.T.);
#6183 = ORIENTED_EDGE('',*,*,#6184,.F.);
#6184 = EDGE_CURVE('',#6169,#5907,#6185,.T.);
#6185 = LINE('',#6186,#6187);
#6186 = CARTESIAN_POINT('',(-1.3,-4.4,6.45));
#6187 = VECTOR('',#6188,1.);
#6188 = DIRECTION('',(0.,0.,-1.));
#6189 = CYLINDRICAL_SURFACE('',#6190,0.2);
#6190 = AXIS2_PLACEMENT_3D('',#6191,#6192,#6193);
#6191 = CARTESIAN_POINT('',(-1.5,-4.4,21.57622));
#6192 = DIRECTION('',(0.,0.,-1.));
#6193 = DIRECTION('',(1.,0.,0.));
#6194 = ADVANCED_FACE('',(#6195),#6206,.T.);
#6195 = FACE_BOUND('',#6196,.F.);
#6196 = EDGE_LOOP('',(#6197,#6198,#6204,#6205));
#6197 = ORIENTED_EDGE('',*,*,#6184,.F.);
#6198 = ORIENTED_EDGE('',*,*,#6199,.T.);
#6199 = EDGE_CURVE('',#6169,#5780,#6200,.T.);
#6200 = LINE('',#6201,#6202);
#6201 = CARTESIAN_POINT('',(-1.3,-4.4,6.45));
#6202 = VECTOR('',#6203,1.);
#6203 = DIRECTION('',(0.,1.,0.));
#6204 = ORIENTED_EDGE('',*,*,#5779,.F.);
#6205 = ORIENTED_EDGE('',*,*,#5914,.F.);
#6206 = PLANE('',#6207);
#6207 = AXIS2_PLACEMENT_3D('',#6208,#6209,#6210);
#6208 = CARTESIAN_POINT('',(-1.3,-4.6,2.4));
#6209 = DIRECTION('',(1.,0.,0.));
#6210 = DIRECTION('',(-0.,1.,0.));
#6211 = ADVANCED_FACE('',(#6212),#6218,.T.);
#6212 = FACE_BOUND('',#6213,.T.);
#6213 = EDGE_LOOP('',(#6214,#6215,#6216,#6217));
#6214 = ORIENTED_EDGE('',*,*,#2929,.F.);
#6215 = ORIENTED_EDGE('',*,*,#6168,.F.);
#6216 = ORIENTED_EDGE('',*,*,#6199,.T.);
#6217 = ORIENTED_EDGE('',*,*,#5787,.F.);
#6218 = CYLINDRICAL_SURFACE('',#6219,0.2);
#6219 = AXIS2_PLACEMENT_3D('',#6220,#6221,#6222);
#6220 = CARTESIAN_POINT('',(-1.5,-32.74336,6.45));
#6221 = DIRECTION('',(0.,1.,0.));
#6222 = DIRECTION('',(0.,-0.,1.));
#6223 = ADVANCED_FACE('',(#6224),#6245,.F.);
#6224 = FACE_BOUND('',#6225,.F.);
#6225 = EDGE_LOOP('',(#6226,#6232,#6238,#6244));
#6226 = ORIENTED_EDGE('',*,*,#6227,.T.);
#6227 = EDGE_CURVE('',#5939,#2263,#6228,.T.);
#6228 = LINE('',#6229,#6230);
#6229 = CARTESIAN_POINT('',(1.3,3.35,2.4));
#6230 = VECTOR('',#6231,1.);
#6231 = DIRECTION('',(0.,0.,-1.));
#6232 = ORIENTED_EDGE('',*,*,#6233,.T.);
#6233 = EDGE_CURVE('',#2263,#5416,#6234,.T.);
#6234 = LINE('',#6235,#6236);
#6235 = CARTESIAN_POINT('',(1.3,3.35,1.4));
#6236 = VECTOR('',#6237,1.);
#6237 = DIRECTION('',(-1.,0.,0.));
#6238 = ORIENTED_EDGE('',*,*,#6239,.T.);
#6239 = EDGE_CURVE('',#5416,#5948,#6240,.T.);
#6240 = LINE('',#6241,#6242);
#6241 = CARTESIAN_POINT('',(-1.3,3.35,1.4));
#6242 = VECTOR('',#6243,1.);
#6243 = DIRECTION('',(0.,0.,1.));
#6244 = ORIENTED_EDGE('',*,*,#5947,.F.);
#6245 = PLANE('',#6246);
#6246 = AXIS2_PLACEMENT_3D('',#6247,#6248,#6249);
#6247 = CARTESIAN_POINT('',(2.6,3.35,2.4));
#6248 = DIRECTION('',(0.,1.,0.));
#6249 = DIRECTION('',(-1.,0.,0.));
#6250 = ADVANCED_FACE('',(#6251),#6269,.F.);
#6251 = FACE_BOUND('',#6252,.F.);
#6252 = EDGE_LOOP('',(#6253,#6254,#6255,#6261,#6262,#6268));
#6253 = ORIENTED_EDGE('',*,*,#2632,.F.);
#6254 = ORIENTED_EDGE('',*,*,#2832,.T.);
#6255 = ORIENTED_EDGE('',*,*,#6256,.F.);
#6256 = EDGE_CURVE('',#1334,#2824,#6257,.T.);
#6257 = LINE('',#6258,#6259);
#6258 = CARTESIAN_POINT('',(2.4,3.35,-4.8));
#6259 = VECTOR('',#6260,1.);
#6260 = DIRECTION('',(0.,0.,1.));
#6261 = ORIENTED_EDGE('',*,*,#1333,.T.);
#6262 = ORIENTED_EDGE('',*,*,#6263,.F.);
#6263 = EDGE_CURVE('',#5931,#1325,#6264,.T.);
#6264 = LINE('',#6265,#6266);
#6265 = CARTESIAN_POINT('',(1.7,3.35,2.4));
#6266 = VECTOR('',#6267,1.);
#6267 = DIRECTION('',(0.,0.,-1.));
#6268 = ORIENTED_EDGE('',*,*,#5930,.F.);
#6269 = PLANE('',#6270);
#6270 = AXIS2_PLACEMENT_3D('',#6271,#6272,#6273);
#6271 = CARTESIAN_POINT('',(2.6,3.35,2.4));
#6272 = DIRECTION('',(0.,1.,0.));
#6273 = DIRECTION('',(-1.,0.,0.));
#6274 = ADVANCED_FACE('',(#6275),#6298,.F.);
#6275 = FACE_BOUND('',#6276,.F.);
#6276 = EDGE_LOOP('',(#6277,#6283,#6284,#6290,#6291,#6297));
#6277 = ORIENTED_EDGE('',*,*,#6278,.T.);
#6278 = EDGE_CURVE('',#2847,#5965,#6279,.T.);
#6279 = LINE('',#6280,#6281);
#6280 = CARTESIAN_POINT('',(-1.9,3.35,6.65));
#6281 = VECTOR('',#6282,1.);
#6282 = DIRECTION('',(0.,0.,-1.));
#6283 = ORIENTED_EDGE('',*,*,#5964,.T.);
#6284 = ORIENTED_EDGE('',*,*,#6285,.F.);
#6285 = EDGE_CURVE('',#5615,#5956,#6286,.T.);
#6286 = LINE('',#6287,#6288);
#6287 = CARTESIAN_POINT('',(-1.7,3.35,0.7));
#6288 = VECTOR('',#6289,1.);
#6289 = DIRECTION('',(0.,0.,1.));
#6290 = ORIENTED_EDGE('',*,*,#5614,.T.);
#6291 = ORIENTED_EDGE('',*,*,#6292,.T.);
#6292 = EDGE_CURVE('',#5606,#2855,#6293,.T.);
#6293 = LINE('',#6294,#6295);
#6294 = CARTESIAN_POINT('',(-2.4,3.35,0.7));
#6295 = VECTOR('',#6296,1.);
#6296 = DIRECTION('',(0.,0.,1.));
#6297 = ORIENTED_EDGE('',*,*,#2854,.T.);
#6298 = PLANE('',#6299);
#6299 = AXIS2_PLACEMENT_3D('',#6300,#6301,#6302);
#6300 = CARTESIAN_POINT('',(2.6,3.35,2.4));
#6301 = DIRECTION('',(0.,1.,0.));
#6302 = DIRECTION('',(-1.,0.,0.));
#6303 = ADVANCED_FACE('',(#6304),#6311,.T.);
#6304 = FACE_BOUND('',#6305,.T.);
#6305 = EDGE_LOOP('',(#6306,#6307,#6308,#6309,#6310));
#6306 = ORIENTED_EDGE('',*,*,#5938,.F.);
#6307 = ORIENTED_EDGE('',*,*,#6227,.T.);
#6308 = ORIENTED_EDGE('',*,*,#2270,.T.);
#6309 = ORIENTED_EDGE('',*,*,#1324,.F.);
#6310 = ORIENTED_EDGE('',*,*,#6263,.F.);
#6311 = CYLINDRICAL_SURFACE('',#6312,0.2);
#6312 = AXIS2_PLACEMENT_3D('',#6313,#6314,#6315);
#6313 = CARTESIAN_POINT('',(1.5,3.35,-4.8));
#6314 = DIRECTION('',(0.,0.,-1.));
#6315 = DIRECTION('',(0.,-1.,0.));
#6316 = ADVANCED_FACE('',(#6317),#6328,.T.);
#6317 = FACE_BOUND('',#6318,.F.);
#6318 = EDGE_LOOP('',(#6319,#6325,#6326,#6327));
#6319 = ORIENTED_EDGE('',*,*,#6320,.T.);
#6320 = EDGE_CURVE('',#2255,#5424,#6321,.T.);
#6321 = LINE('',#6322,#6323);
#6322 = CARTESIAN_POINT('',(1.3,3.62,1.4));
#6323 = VECTOR('',#6324,1.);
#6324 = DIRECTION('',(-1.,0.,0.));
#6325 = ORIENTED_EDGE('',*,*,#5423,.F.);
#6326 = ORIENTED_EDGE('',*,*,#6233,.F.);
#6327 = ORIENTED_EDGE('',*,*,#2262,.F.);
#6328 = PLANE('',#6329);
#6329 = AXIS2_PLACEMENT_3D('',#6330,#6331,#6332);
#6330 = CARTESIAN_POINT('',(0.,0.,1.4));
#6331 = DIRECTION('',(0.,0.,-1.));
#6332 = DIRECTION('',(0.,-1.,0.));
#6333 = ADVANCED_FACE('',(#6334),#6345,.T.);
#6334 = FACE_BOUND('',#6335,.F.);
#6335 = EDGE_LOOP('',(#6336,#6337,#6338,#6344));
#6336 = ORIENTED_EDGE('',*,*,#3109,.F.);
#6337 = ORIENTED_EDGE('',*,*,#2341,.F.);
#6338 = ORIENTED_EDGE('',*,*,#6339,.T.);
#6339 = EDGE_CURVE('',#2333,#5472,#6340,.T.);
#6340 = LINE('',#6341,#6342);
#6341 = CARTESIAN_POINT('',(1.3,-3.55,1.4));
#6342 = VECTOR('',#6343,1.);
#6343 = DIRECTION('',(-1.,0.,0.));
#6344 = ORIENTED_EDGE('',*,*,#5471,.F.);
#6345 = PLANE('',#6346);
#6346 = AXIS2_PLACEMENT_3D('',#6347,#6348,#6349);
#6347 = CARTESIAN_POINT('',(0.,0.,1.4));
#6348 = DIRECTION('',(0.,0.,-1.));
#6349 = DIRECTION('',(0.,-1.,0.));
#6350 = ADVANCED_FACE('',(#6351),#6362,.T.);
#6351 = FACE_BOUND('',#6352,.F.);
#6352 = EDGE_LOOP('',(#6353,#6354,#6360,#6361));
#6353 = ORIENTED_EDGE('',*,*,#2254,.T.);
#6354 = ORIENTED_EDGE('',*,*,#6355,.T.);
#6355 = EDGE_CURVE('',#2247,#5432,#6356,.T.);
#6356 = LINE('',#6357,#6358);
#6357 = CARTESIAN_POINT('',(1.3,3.62,1.18));
#6358 = VECTOR('',#6359,1.);
#6359 = DIRECTION('',(-1.,0.,0.));
#6360 = ORIENTED_EDGE('',*,*,#5431,.F.);
#6361 = ORIENTED_EDGE('',*,*,#6320,.F.);
#6362 = PLANE('',#6363);
#6363 = AXIS2_PLACEMENT_3D('',#6364,#6365,#6366);
#6364 = CARTESIAN_POINT('',(1.3,3.62,1.4));
#6365 = DIRECTION('',(0.,-1.,0.));
#6366 = DIRECTION('',(-1.,0.,0.));
#6367 = ADVANCED_FACE('',(#6368),#6374,.T.);
#6368 = FACE_BOUND('',#6369,.F.);
#6369 = EDGE_LOOP('',(#6370,#6371,#6372,#6373));
#6370 = ORIENTED_EDGE('',*,*,#2398,.F.);
#6371 = ORIENTED_EDGE('',*,*,#5439,.T.);
#6372 = ORIENTED_EDGE('',*,*,#6355,.F.);
#6373 = ORIENTED_EDGE('',*,*,#2246,.F.);
#6374 = PLANE('',#6375);
#6375 = AXIS2_PLACEMENT_3D('',#6376,#6377,#6378);
#6376 = CARTESIAN_POINT('',(0.,0.,1.18));
#6377 = DIRECTION('',(0.,0.,-1.));
#6378 = DIRECTION('',(0.,-1.,0.));
#6379 = ADVANCED_FACE('',(#6380),#6386,.T.);
#6380 = FACE_BOUND('',#6381,.T.);
#6381 = EDGE_LOOP('',(#6382,#6383,#6384,#6385));
#6382 = ORIENTED_EDGE('',*,*,#5479,.F.);
#6383 = ORIENTED_EDGE('',*,*,#5803,.F.);
#6384 = ORIENTED_EDGE('',*,*,#2332,.F.);
#6385 = ORIENTED_EDGE('',*,*,#6339,.T.);
#6386 = CYLINDRICAL_SURFACE('',#6387,0.2);
#6387 = AXIS2_PLACEMENT_3D('',#6388,#6389,#6390);
#6388 = CARTESIAN_POINT('',(15.15024,-3.55,1.6));
#6389 = DIRECTION('',(-1.,0.,0.));
#6390 = DIRECTION('',(0.,1.,0.));
#6391 = ADVANCED_FACE('',(#6392),#6399,.T.);
#6392 = FACE_BOUND('',#6393,.T.);
#6393 = EDGE_LOOP('',(#6394,#6395,#6396,#6397,#6398));
#6394 = ORIENTED_EDGE('',*,*,#5622,.F.);
#6395 = ORIENTED_EDGE('',*,*,#5415,.T.);
#6396 = ORIENTED_EDGE('',*,*,#6239,.T.);
#6397 = ORIENTED_EDGE('',*,*,#5955,.F.);
#6398 = ORIENTED_EDGE('',*,*,#6285,.F.);
#6399 = CYLINDRICAL_SURFACE('',#6400,0.2);
#6400 = AXIS2_PLACEMENT_3D('',#6401,#6402,#6403);
#6401 = CARTESIAN_POINT('',(-1.5,3.35,2.4));
#6402 = DIRECTION('',(0.,0.,1.));
#6403 = DIRECTION('',(0.,-1.,0.));
#6404 = ADVANCED_FACE('',(#6405),#6416,.F.);
#6405 = FACE_BOUND('',#6406,.F.);
#6406 = EDGE_LOOP('',(#6407,#6413,#6414,#6415));
#6407 = ORIENTED_EDGE('',*,*,#6408,.F.);
#6408 = EDGE_CURVE('',#1342,#2816,#6409,.T.);
#6409 = LINE('',#6410,#6411);
#6410 = CARTESIAN_POINT('',(2.6,3.15,-4.8));
#6411 = VECTOR('',#6412,1.);
#6412 = DIRECTION('',(0.,0.,1.));
#6413 = ORIENTED_EDGE('',*,*,#1341,.T.);
#6414 = ORIENTED_EDGE('',*,*,#6256,.T.);
#6415 = ORIENTED_EDGE('',*,*,#2823,.T.);
#6416 = CYLINDRICAL_SURFACE('',#6417,0.2);
#6417 = AXIS2_PLACEMENT_3D('',#6418,#6419,#6420);
#6418 = CARTESIAN_POINT('',(2.4,3.15,-19.72622));
#6419 = DIRECTION('',(0.,0.,1.));
#6420 = DIRECTION('',(1.,0.,-0.));
#6421 = ADVANCED_FACE('',(#6422),#6478,.F.);
#6422 = FACE_BOUND('',#6423,.F.);
#6423 = EDGE_LOOP('',(#6424,#6430,#6431,#6432,#6433,#6441,#6451,#6452,
    #6464,#6470,#6471,#6477));
#6424 = ORIENTED_EDGE('',*,*,#6425,.F.);
#6425 = EDGE_CURVE('',#1351,#5652,#6426,.T.);
#6426 = LINE('',#6427,#6428);
#6427 = CARTESIAN_POINT('',(2.6,-4.4,-4.8));
#6428 = VECTOR('',#6429,1.);
#6429 = DIRECTION('',(0.,0.,1.));
#6430 = ORIENTED_EDGE('',*,*,#1350,.T.);
#6431 = ORIENTED_EDGE('',*,*,#6408,.T.);
#6432 = ORIENTED_EDGE('',*,*,#2815,.T.);
#6433 = ORIENTED_EDGE('',*,*,#6434,.T.);
#6434 = EDGE_CURVE('',#2808,#6435,#6437,.T.);
#6435 = VERTEX_POINT('',#6436);
#6436 = CARTESIAN_POINT('',(2.6,2.3,2.6));
#6437 = LINE('',#6438,#6439);
#6438 = CARTESIAN_POINT('',(2.6,2.3,6.65));
#6439 = VECTOR('',#6440,1.);
#6440 = DIRECTION('',(0.,0.,-1.));
#6441 = ORIENTED_EDGE('',*,*,#6442,.T.);
#6442 = EDGE_CURVE('',#6435,#6081,#6443,.T.);
#6443 = B_SPLINE_CURVE_WITH_KNOTS('',3,(#6444,#6445,#6446,#6447,#6448,
    #6449,#6450),.UNSPECIFIED.,.F.,.F.,(4,1,1,1,4),(0.,0.25,0.5,0.75,1.)
  ,.QUASI_UNIFORM_KNOTS.);
#6444 = CARTESIAN_POINT('',(2.6,2.3,2.6));
#6445 = CARTESIAN_POINT('',(2.6,2.270087815493,2.570087815493));
#6446 = CARTESIAN_POINT('',(2.6,2.213306925429,2.513685220699));
#6447 = CARTESIAN_POINT('',(2.599999999999,2.125756625923,2.447614570385
    ));
#6448 = CARTESIAN_POINT('',(2.600000000005,2.036529397996,2.408068891383
    ));
#6449 = CARTESIAN_POINT('',(2.599999999989,1.980874389109,2.400000000033
    ));
#6450 = CARTESIAN_POINT('',(2.599999999989,1.9535898386,2.4));
#6451 = ORIENTED_EDGE('',*,*,#6080,.F.);
#6452 = ORIENTED_EDGE('',*,*,#6453,.T.);
#6453 = EDGE_CURVE('',#6072,#6454,#6456,.T.);
#6454 = VERTEX_POINT('',#6455);
#6455 = CARTESIAN_POINT('',(2.6,-2.3,2.6));
#6456 = B_SPLINE_CURVE_WITH_KNOTS('',3,(#6457,#6458,#6459,#6460,#6461,
    #6462,#6463),.UNSPECIFIED.,.F.,.F.,(4,1,1,1,4),(0.,0.25,0.5,0.75,1.)
  ,.QUASI_UNIFORM_KNOTS.);
#6457 = CARTESIAN_POINT('',(2.59999999999,-1.953589838592,2.4));
#6458 = CARTESIAN_POINT('',(2.59999999999,-1.980874516018,2.400000000031
    ));
#6459 = CARTESIAN_POINT('',(2.600000000005,-2.036529791301,
    2.408068985406));
#6460 = CARTESIAN_POINT('',(2.599999999999,-2.125757294854,
    2.447614905603));
#6461 = CARTESIAN_POINT('',(2.6,-2.213308230261,2.513686401043));
#6462 = CARTESIAN_POINT('',(2.6,-2.270088344841,2.570088344841));
#6463 = CARTESIAN_POINT('',(2.6,-2.3,2.6));
#6464 = ORIENTED_EDGE('',*,*,#6465,.F.);
#6465 = EDGE_CURVE('',#2724,#6454,#6466,.T.);
#6466 = LINE('',#6467,#6468);
#6467 = CARTESIAN_POINT('',(2.6,-2.3,6.65));
#6468 = VECTOR('',#6469,1.);
#6469 = DIRECTION('',(0.,0.,-1.));
#6470 = ORIENTED_EDGE('',*,*,#2723,.T.);
#6471 = ORIENTED_EDGE('',*,*,#6472,.T.);
#6472 = EDGE_CURVE('',#2715,#5663,#6473,.T.);
#6473 = LINE('',#6474,#6475);
#6474 = CARTESIAN_POINT('',(2.6,-3.15,6.65));
#6475 = VECTOR('',#6476,1.);
#6476 = DIRECTION('',(0.,0.,-1.));
#6477 = ORIENTED_EDGE('',*,*,#5662,.F.);
#6478 = PLANE('',#6479);
#6479 = AXIS2_PLACEMENT_3D('',#6480,#6481,#6482);
#6480 = CARTESIAN_POINT('',(2.6,-3.35,2.4));
#6481 = DIRECTION('',(1.,0.,0.));
#6482 = DIRECTION('',(-0.,1.,0.));
#6483 = ADVANCED_FACE('',(#6484),#6495,.F.);
#6484 = FACE_BOUND('',#6485,.F.);
#6485 = EDGE_LOOP('',(#6486,#6487,#6493,#6494));
#6486 = ORIENTED_EDGE('',*,*,#5651,.T.);
#6487 = ORIENTED_EDGE('',*,*,#6488,.F.);
#6488 = EDGE_CURVE('',#1359,#5654,#6489,.T.);
#6489 = LINE('',#6490,#6491);
#6490 = CARTESIAN_POINT('',(2.4,-4.6,-4.8));
#6491 = VECTOR('',#6492,1.);
#6492 = DIRECTION('',(0.,0.,1.));
#6493 = ORIENTED_EDGE('',*,*,#1358,.T.);
#6494 = ORIENTED_EDGE('',*,*,#6425,.T.);
#6495 = CYLINDRICAL_SURFACE('',#6496,0.2);
#6496 = AXIS2_PLACEMENT_3D('',#6497,#6498,#6499);
#6497 = CARTESIAN_POINT('',(2.4,-4.4,-20.1259463262));
#6498 = DIRECTION('',(0.,0.,1.));
#6499 = DIRECTION('',(0.,-1.,0.));
#6500 = ADVANCED_FACE('',(#6501),#6517,.F.);
#6501 = FACE_BOUND('',#6502,.F.);
#6502 = EDGE_LOOP('',(#6503,#6509,#6510,#6516));
#6503 = ORIENTED_EDGE('',*,*,#6504,.F.);
#6504 = EDGE_CURVE('',#1402,#5547,#6505,.T.);
#6505 = LINE('',#6506,#6507);
#6506 = CARTESIAN_POINT('',(-2.4,-4.6,-4.8));
#6507 = VECTOR('',#6508,1.);
#6508 = DIRECTION('',(0.,0.,1.));
#6509 = ORIENTED_EDGE('',*,*,#1401,.F.);
#6510 = ORIENTED_EDGE('',*,*,#6511,.F.);
#6511 = EDGE_CURVE('',#5556,#1393,#6512,.T.);
#6512 = LINE('',#6513,#6514);
#6513 = CARTESIAN_POINT('',(-1.7,-4.6,0.7));
#6514 = VECTOR('',#6515,1.);
#6515 = DIRECTION('',(0.,0.,-1.));
#6516 = ORIENTED_EDGE('',*,*,#5555,.T.);
#6517 = PLANE('',#6518);
#6518 = AXIS2_PLACEMENT_3D('',#6519,#6520,#6521);
#6519 = CARTESIAN_POINT('',(2.6,-4.6,-4.8));
#6520 = DIRECTION('',(0.,-1.,0.));
#6521 = DIRECTION('',(-1.,0.,0.));
#6522 = ADVANCED_FACE('',(#6523),#6534,.F.);
#6523 = FACE_BOUND('',#6524,.F.);
#6524 = EDGE_LOOP('',(#6525,#6526,#6527,#6533));
#6525 = ORIENTED_EDGE('',*,*,#6488,.T.);
#6526 = ORIENTED_EDGE('',*,*,#5704,.T.);
#6527 = ORIENTED_EDGE('',*,*,#6528,.T.);
#6528 = EDGE_CURVE('',#5696,#1368,#6529,.T.);
#6529 = LINE('',#6530,#6531);
#6530 = CARTESIAN_POINT('',(1.7,-4.6,0.7));
#6531 = VECTOR('',#6532,1.);
#6532 = DIRECTION('',(0.,0.,-1.));
#6533 = ORIENTED_EDGE('',*,*,#1367,.F.);
#6534 = PLANE('',#6535);
#6535 = AXIS2_PLACEMENT_3D('',#6536,#6537,#6538);
#6536 = CARTESIAN_POINT('',(2.6,-4.6,-4.8));
#6537 = DIRECTION('',(0.,-1.,0.));
#6538 = DIRECTION('',(-1.,0.,0.));
#6539 = ADVANCED_FACE('',(#6540),#6551,.F.);
#6540 = FACE_BOUND('',#6541,.F.);
#6541 = EDGE_LOOP('',(#6542,#6543,#6549,#6550));
#6542 = ORIENTED_EDGE('',*,*,#5546,.T.);
#6543 = ORIENTED_EDGE('',*,*,#6544,.F.);
#6544 = EDGE_CURVE('',#1275,#5539,#6545,.T.);
#6545 = LINE('',#6546,#6547);
#6546 = CARTESIAN_POINT('',(-2.6,-4.4,-4.8));
#6547 = VECTOR('',#6548,1.);
#6548 = DIRECTION('',(0.,0.,1.));
#6549 = ORIENTED_EDGE('',*,*,#1409,.T.);
#6550 = ORIENTED_EDGE('',*,*,#6504,.T.);
#6551 = CYLINDRICAL_SURFACE('',#6552,0.2);
#6552 = AXIS2_PLACEMENT_3D('',#6553,#6554,#6555);
#6553 = CARTESIAN_POINT('',(-2.4,-4.4,-20.1259463262));
#6554 = DIRECTION('',(0.,0.,1.));
#6555 = DIRECTION('',(-1.,0.,0.));
#6556 = ADVANCED_FACE('',(#6557),#6620,.F.);
#6557 = FACE_BOUND('',#6558,.F.);
#6558 = EDGE_LOOP('',(#6559,#6560,#6561,#6567,#6568,#6576,#6586,#6587,
    #6599,#6605,#6606,#6612,#6613,#6619));
#6559 = ORIENTED_EDGE('',*,*,#6544,.T.);
#6560 = ORIENTED_EDGE('',*,*,#5538,.F.);
#6561 = ORIENTED_EDGE('',*,*,#6562,.F.);
#6562 = EDGE_CURVE('',#2903,#5530,#6563,.T.);
#6563 = LINE('',#6564,#6565);
#6564 = CARTESIAN_POINT('',(-2.6,-3.15,6.65));
#6565 = VECTOR('',#6566,1.);
#6566 = DIRECTION('',(0.,0.,-1.));
#6567 = ORIENTED_EDGE('',*,*,#2902,.T.);
#6568 = ORIENTED_EDGE('',*,*,#6569,.T.);
#6569 = EDGE_CURVE('',#2905,#6570,#6572,.T.);
#6570 = VERTEX_POINT('',#6571);
#6571 = CARTESIAN_POINT('',(-2.6,-2.3,2.6));
#6572 = LINE('',#6573,#6574);
#6573 = CARTESIAN_POINT('',(-2.6,-2.3,6.65));
#6574 = VECTOR('',#6575,1.);
#6575 = DIRECTION('',(0.,0.,-1.));
#6576 = ORIENTED_EDGE('',*,*,#6577,.T.);
#6577 = EDGE_CURVE('',#6570,#6039,#6578,.T.);
#6578 = B_SPLINE_CURVE_WITH_KNOTS('',3,(#6579,#6580,#6581,#6582,#6583,
    #6584,#6585),.UNSPECIFIED.,.F.,.F.,(4,1,1,1,4),(0.,0.25,0.5,0.75,1.)
  ,.QUASI_UNIFORM_KNOTS.);
#6579 = CARTESIAN_POINT('',(-2.6,-2.3,2.6));
#6580 = CARTESIAN_POINT('',(-2.6,-2.270087815493,2.570087815493));
#6581 = CARTESIAN_POINT('',(-2.6,-2.213306925429,2.513685220699));
#6582 = CARTESIAN_POINT('',(-2.599999999999,-2.125756625923,
    2.447614570385));
#6583 = CARTESIAN_POINT('',(-2.600000000005,-2.036529397996,
    2.408068891383));
#6584 = CARTESIAN_POINT('',(-2.599999999989,-1.980874389109,
    2.400000000033));
#6585 = CARTESIAN_POINT('',(-2.599999999989,-1.9535898386,2.4));
#6586 = ORIENTED_EDGE('',*,*,#6038,.F.);
#6587 = ORIENTED_EDGE('',*,*,#6588,.T.);
#6588 = EDGE_CURVE('',#6030,#6589,#6591,.T.);
#6589 = VERTEX_POINT('',#6590);
#6590 = CARTESIAN_POINT('',(-2.6,2.3,2.6));
#6591 = B_SPLINE_CURVE_WITH_KNOTS('',3,(#6592,#6593,#6594,#6595,#6596,
    #6597,#6598),.UNSPECIFIED.,.F.,.F.,(4,1,1,1,4),(0.,0.25,0.5,0.75,1.)
  ,.QUASI_UNIFORM_KNOTS.);
#6592 = CARTESIAN_POINT('',(-2.59999999999,1.953589838592,2.4));
#6593 = CARTESIAN_POINT('',(-2.59999999999,1.980874516018,2.400000000031
    ));
#6594 = CARTESIAN_POINT('',(-2.600000000005,2.036529791301,
    2.408068985406));
#6595 = CARTESIAN_POINT('',(-2.599999999999,2.125757294854,
    2.447614905603));
#6596 = CARTESIAN_POINT('',(-2.6,2.213308230261,2.513686401043));
#6597 = CARTESIAN_POINT('',(-2.6,2.270088344841,2.570088344841));
#6598 = CARTESIAN_POINT('',(-2.6,2.3,2.6));
#6599 = ORIENTED_EDGE('',*,*,#6600,.F.);
#6600 = EDGE_CURVE('',#2872,#6589,#6601,.T.);
#6601 = LINE('',#6602,#6603);
#6602 = CARTESIAN_POINT('',(-2.6,2.3,6.65));
#6603 = VECTOR('',#6604,1.);
#6604 = DIRECTION('',(0.,0.,-1.));
#6605 = ORIENTED_EDGE('',*,*,#2871,.T.);
#6606 = ORIENTED_EDGE('',*,*,#6607,.F.);
#6607 = EDGE_CURVE('',#5598,#2863,#6608,.T.);
#6608 = LINE('',#6609,#6610);
#6609 = CARTESIAN_POINT('',(-2.6,3.15,0.7));
#6610 = VECTOR('',#6611,1.);
#6611 = DIRECTION('',(0.,0.,1.));
#6612 = ORIENTED_EDGE('',*,*,#5597,.F.);
#6613 = ORIENTED_EDGE('',*,*,#6614,.F.);
#6614 = EDGE_CURVE('',#1273,#5587,#6615,.T.);
#6615 = LINE('',#6616,#6617);
#6616 = CARTESIAN_POINT('',(-2.6,4.4,-4.8));
#6617 = VECTOR('',#6618,1.);
#6618 = DIRECTION('',(0.,0.,1.));
#6619 = ORIENTED_EDGE('',*,*,#1272,.T.);
#6620 = PLANE('',#6621);
#6621 = AXIS2_PLACEMENT_3D('',#6622,#6623,#6624);
#6622 = CARTESIAN_POINT('',(-2.6,3.35,2.4));
#6623 = DIRECTION('',(-1.,0.,0.));
#6624 = DIRECTION('',(0.,-1.,0.));
#6625 = ADVANCED_FACE('',(#6626),#6632,.F.);
#6626 = FACE_BOUND('',#6627,.F.);
#6627 = EDGE_LOOP('',(#6628,#6629,#6630,#6631));
#6628 = ORIENTED_EDGE('',*,*,#5756,.F.);
#6629 = ORIENTED_EDGE('',*,*,#2912,.T.);
#6630 = ORIENTED_EDGE('',*,*,#6562,.T.);
#6631 = ORIENTED_EDGE('',*,*,#5529,.T.);
#6632 = CYLINDRICAL_SURFACE('',#6633,0.2);
#6633 = AXIS2_PLACEMENT_3D('',#6634,#6635,#6636);
#6634 = CARTESIAN_POINT('',(-2.4,-3.15,21.80242387169));
#6635 = DIRECTION('',(0.,0.,-1.));
#6636 = DIRECTION('',(0.,-1.,0.));
#6637 = ADVANCED_FACE('',(#6638),#6670,.T.);
#6638 = FACE_BOUND('',#6639,.T.);
#6639 = EDGE_LOOP('',(#6640,#6654,#6655,#6664));
#6640 = ORIENTED_EDGE('',*,*,#6641,.T.);
#6641 = EDGE_CURVE('',#6642,#2905,#6644,.T.);
#6642 = VERTEX_POINT('',#6643);
#6643 = CARTESIAN_POINT('',(-2.8,-2.1,6.45));
#6644 = B_SPLINE_CURVE_WITH_KNOTS('',3,(#6645,#6646,#6647,#6648,#6649,
    #6650,#6651,#6652,#6653),.UNSPECIFIED.,.F.,.F.,(4,1,1,1,1,1,4),(0.,
    0.166666666667,0.333333333333,0.5,0.666666666667,0.833333333333,1.),
  .UNSPECIFIED.);
#6645 = CARTESIAN_POINT('',(-2.8,-2.1,6.45));
#6646 = CARTESIAN_POINT('',(-2.779649082989,-2.1,6.470350917011));
#6647 = CARTESIAN_POINT('',(-2.741004615147,-2.106214566005,
    6.508995384853));
#6648 = CARTESIAN_POINT('',(-2.691920235212,-2.128939269317,
    6.558079764788));
#6649 = CARTESIAN_POINT('',(-2.651194837993,-2.163017573533,
    6.598805162007));
#6650 = CARTESIAN_POINT('',(-2.621485714105,-2.205109095606,
    6.628514285895));
#6651 = CARTESIAN_POINT('',(-2.603584212445,-2.252693296074,
    6.646415787555));
#6652 = CARTESIAN_POINT('',(-2.6,-2.284475113163,6.65));
#6653 = CARTESIAN_POINT('',(-2.6,-2.3,6.65));
#6654 = ORIENTED_EDGE('',*,*,#6569,.T.);
#6655 = ORIENTED_EDGE('',*,*,#6656,.F.);
#6656 = EDGE_CURVE('',#6657,#6570,#6659,.T.);
#6657 = VERTEX_POINT('',#6658);
#6658 = CARTESIAN_POINT('',(-2.8,-2.1,2.6));
#6659 = CIRCLE('',#6660,0.2);
#6660 = AXIS2_PLACEMENT_3D('',#6661,#6662,#6663);
#6661 = CARTESIAN_POINT('',(-2.8,-2.3,2.6));
#6662 = DIRECTION('',(0.,0.,-1.));
#6663 = DIRECTION('',(0.,1.,0.));
#6664 = ORIENTED_EDGE('',*,*,#6665,.F.);
#6665 = EDGE_CURVE('',#6642,#6657,#6666,.T.);
#6666 = LINE('',#6667,#6668);
#6667 = CARTESIAN_POINT('',(-2.8,-2.1,6.45));
#6668 = VECTOR('',#6669,1.);
#6669 = DIRECTION('',(0.,0.,-1.));
#6670 = CYLINDRICAL_SURFACE('',#6671,0.2);
#6671 = AXIS2_PLACEMENT_3D('',#6672,#6673,#6674);
#6672 = CARTESIAN_POINT('',(-2.8,-2.3,21.57622));
#6673 = DIRECTION('',(0.,0.,-1.));
#6674 = DIRECTION('',(0.,1.,0.));
#6675 = ADVANCED_FACE('',(#6676),#6701,.T.);
#6676 = FACE_BOUND('',#6677,.F.);
#6677 = EDGE_LOOP('',(#6678,#6686,#6687,#6695));
#6678 = ORIENTED_EDGE('',*,*,#6679,.F.);
#6679 = EDGE_CURVE('',#6657,#6680,#6682,.T.);
#6680 = VERTEX_POINT('',#6681);
#6681 = CARTESIAN_POINT('',(-3.2,-2.1,2.6));
#6682 = LINE('',#6683,#6684);
#6683 = CARTESIAN_POINT('',(-2.8,-2.1,2.6));
#6684 = VECTOR('',#6685,1.);
#6685 = DIRECTION('',(-1.,0.,0.));
#6686 = ORIENTED_EDGE('',*,*,#6665,.F.);
#6687 = ORIENTED_EDGE('',*,*,#6688,.T.);
#6688 = EDGE_CURVE('',#6642,#6689,#6691,.T.);
#6689 = VERTEX_POINT('',#6690);
#6690 = CARTESIAN_POINT('',(-3.2,-2.1,6.45));
#6691 = LINE('',#6692,#6693);
#6692 = CARTESIAN_POINT('',(-2.8,-2.1,6.45));
#6693 = VECTOR('',#6694,1.);
#6694 = DIRECTION('',(-1.,0.,0.));
#6695 = ORIENTED_EDGE('',*,*,#6696,.T.);
#6696 = EDGE_CURVE('',#6689,#6680,#6697,.T.);
#6697 = LINE('',#6698,#6699);
#6698 = CARTESIAN_POINT('',(-3.2,-2.1,6.45));
#6699 = VECTOR('',#6700,1.);
#6700 = DIRECTION('',(0.,0.,-1.));
#6701 = PLANE('',#6702);
#6702 = AXIS2_PLACEMENT_3D('',#6703,#6704,#6705);
#6703 = CARTESIAN_POINT('',(-2.6,-2.1,2.4));
#6704 = DIRECTION('',(0.,1.,0.));
#6705 = DIRECTION('',(-1.,0.,0.));
#6706 = ADVANCED_FACE('',(#6707),#6725,.F.);
#6707 = FACE_BOUND('',#6708,.F.);
#6708 = EDGE_LOOP('',(#6709,#6710,#6717,#6718));
#6709 = ORIENTED_EDGE('',*,*,#6679,.T.);
#6710 = ORIENTED_EDGE('',*,*,#6711,.T.);
#6711 = EDGE_CURVE('',#6680,#6006,#6712,.T.);
#6712 = CIRCLE('',#6713,0.2);
#6713 = AXIS2_PLACEMENT_3D('',#6714,#6715,#6716);
#6714 = CARTESIAN_POINT('',(-3.2,-1.9,2.6));
#6715 = DIRECTION('',(1.,0.,0.));
#6716 = DIRECTION('',(0.,-1.,0.));
#6717 = ORIENTED_EDGE('',*,*,#6003,.F.);
#6718 = ORIENTED_EDGE('',*,*,#6719,.T.);
#6719 = EDGE_CURVE('',#6004,#6657,#6720,.T.);
#6720 = CIRCLE('',#6721,0.2);
#6721 = AXIS2_PLACEMENT_3D('',#6722,#6723,#6724);
#6722 = CARTESIAN_POINT('',(-2.8,-1.9,2.6));
#6723 = DIRECTION('',(-1.,0.,0.));
#6724 = DIRECTION('',(0.,0.,-1.));
#6725 = CYLINDRICAL_SURFACE('',#6726,0.2);
#6726 = AXIS2_PLACEMENT_3D('',#6727,#6728,#6729);
#6727 = CARTESIAN_POINT('',(15.15024,-1.9,2.6));
#6728 = DIRECTION('',(-1.,0.,0.));
#6729 = DIRECTION('',(0.,0.,-1.));
#6730 = ADVANCED_FACE('',(#6731),#6749,.T.);
#6731 = FACE_BOUND('',#6732,.T.);
#6732 = EDGE_LOOP('',(#6733,#6740,#6741,#6748));
#6733 = ORIENTED_EDGE('',*,*,#6734,.T.);
#6734 = EDGE_CURVE('',#723,#6680,#6735,.T.);
#6735 = CIRCLE('',#6736,0.2);
#6736 = AXIS2_PLACEMENT_3D('',#6737,#6738,#6739);
#6737 = CARTESIAN_POINT('',(-3.2,-2.3,2.6));
#6738 = DIRECTION('',(0.,0.,-1.));
#6739 = DIRECTION('',(-1.,0.,0.));
#6740 = ORIENTED_EDGE('',*,*,#6711,.T.);
#6741 = ORIENTED_EDGE('',*,*,#6742,.T.);
#6742 = EDGE_CURVE('',#6006,#731,#6743,.T.);
#6743 = CIRCLE('',#6744,0.2);
#6744 = AXIS2_PLACEMENT_3D('',#6745,#6746,#6747);
#6745 = CARTESIAN_POINT('',(-3.2,-1.9,2.2));
#6746 = DIRECTION('',(0.,-1.,0.));
#6747 = DIRECTION('',(0.,0.,1.));
#6748 = ORIENTED_EDGE('',*,*,#730,.F.);
#6749 = TOROIDAL_SURFACE('',#6750,0.4,0.2);
#6750 = AXIS2_PLACEMENT_3D('',#6751,#6752,#6753);
#6751 = CARTESIAN_POINT('',(-3.2,-1.9,2.6));
#6752 = DIRECTION('',(-1.,0.,0.));
#6753 = DIRECTION('',(0.,0.,-1.));
#6754 = ADVANCED_FACE('',(#6755),#6767,.T.);
#6755 = FACE_BOUND('',#6756,.T.);
#6756 = EDGE_LOOP('',(#6757,#6758,#6759,#6766));
#6757 = ORIENTED_EDGE('',*,*,#6742,.F.);
#6758 = ORIENTED_EDGE('',*,*,#6013,.F.);
#6759 = ORIENTED_EDGE('',*,*,#6760,.F.);
#6760 = EDGE_CURVE('',#740,#6014,#6761,.T.);
#6761 = CIRCLE('',#6762,0.2);
#6762 = AXIS2_PLACEMENT_3D('',#6763,#6764,#6765);
#6763 = CARTESIAN_POINT('',(-3.2,1.9,2.2));
#6764 = DIRECTION('',(0.,1.,0.));
#6765 = DIRECTION('',(-1.,0.,0.));
#6766 = ORIENTED_EDGE('',*,*,#739,.T.);
#6767 = CYLINDRICAL_SURFACE('',#6768,0.2);
#6768 = AXIS2_PLACEMENT_3D('',#6769,#6770,#6771);
#6769 = CARTESIAN_POINT('',(-3.2,30.74336,2.2));
#6770 = DIRECTION('',(0.,-1.,0.));
#6771 = DIRECTION('',(0.,0.,1.));
#6772 = ADVANCED_FACE('',(#6773),#6793,.T.);
#6773 = FACE_BOUND('',#6774,.T.);
#6774 = EDGE_LOOP('',(#6775,#6776,#6785,#6792));
#6775 = ORIENTED_EDGE('',*,*,#6760,.T.);
#6776 = ORIENTED_EDGE('',*,*,#6777,.T.);
#6777 = EDGE_CURVE('',#6014,#6778,#6780,.T.);
#6778 = VERTEX_POINT('',#6779);
#6779 = CARTESIAN_POINT('',(-3.2,2.1,2.6));
#6780 = CIRCLE('',#6781,0.2);
#6781 = AXIS2_PLACEMENT_3D('',#6782,#6783,#6784);
#6782 = CARTESIAN_POINT('',(-3.2,1.9,2.6));
#6783 = DIRECTION('',(1.,0.,0.));
#6784 = DIRECTION('',(0.,0.,-1.));
#6785 = ORIENTED_EDGE('',*,*,#6786,.T.);
#6786 = EDGE_CURVE('',#6778,#748,#6787,.T.);
#6787 = CIRCLE('',#6788,0.2);
#6788 = AXIS2_PLACEMENT_3D('',#6789,#6790,#6791);
#6789 = CARTESIAN_POINT('',(-3.2,2.3,2.6));
#6790 = DIRECTION('',(0.,0.,-1.));
#6791 = DIRECTION('',(0.,-1.,0.));
#6792 = ORIENTED_EDGE('',*,*,#747,.F.);
#6793 = TOROIDAL_SURFACE('',#6794,0.4,0.2);
#6794 = AXIS2_PLACEMENT_3D('',#6795,#6796,#6797);
#6795 = CARTESIAN_POINT('',(-3.2,1.9,2.6));
#6796 = DIRECTION('',(1.,0.,0.));
#6797 = DIRECTION('',(-0.,1.,0.));
#6798 = ADVANCED_FACE('',(#6799),#6823,.T.);
#6799 = FACE_BOUND('',#6800,.T.);
#6800 = EDGE_LOOP('',(#6801,#6815,#6816,#6817));
#6801 = ORIENTED_EDGE('',*,*,#6802,.T.);
#6802 = EDGE_CURVE('',#6803,#757,#6805,.T.);
#6803 = VERTEX_POINT('',#6804);
#6804 = CARTESIAN_POINT('',(-3.2,2.1,6.45));
#6805 = B_SPLINE_CURVE_WITH_KNOTS('',3,(#6806,#6807,#6808,#6809,#6810,
    #6811,#6812,#6813,#6814),.UNSPECIFIED.,.F.,.F.,(4,1,1,1,1,1,4),(0.,
    0.166666666667,0.333333333333,0.5,0.666666666667,0.833333333333,1.),
  .UNSPECIFIED.);
#6806 = CARTESIAN_POINT('',(-3.2,2.1,6.45));
#6807 = CARTESIAN_POINT('',(-3.220350917011,2.1,6.470350917011));
#6808 = CARTESIAN_POINT('',(-3.258995384853,2.106214566005,
    6.508995384853));
#6809 = CARTESIAN_POINT('',(-3.308079764788,2.128939269317,
    6.558079764788));
#6810 = CARTESIAN_POINT('',(-3.348805162007,2.163017573533,
    6.598805162007));
#6811 = CARTESIAN_POINT('',(-3.378514285895,2.205109095606,
    6.628514285895));
#6812 = CARTESIAN_POINT('',(-3.396415787555,2.252693296074,
    6.646415787555));
#6813 = CARTESIAN_POINT('',(-3.4,2.284475113163,6.65));
#6814 = CARTESIAN_POINT('',(-3.4,2.3,6.65));
#6815 = ORIENTED_EDGE('',*,*,#756,.T.);
#6816 = ORIENTED_EDGE('',*,*,#6786,.F.);
#6817 = ORIENTED_EDGE('',*,*,#6818,.F.);
#6818 = EDGE_CURVE('',#6803,#6778,#6819,.T.);
#6819 = LINE('',#6820,#6821);
#6820 = CARTESIAN_POINT('',(-3.2,2.1,6.45));
#6821 = VECTOR('',#6822,1.);
#6822 = DIRECTION('',(0.,0.,-1.));
#6823 = CYLINDRICAL_SURFACE('',#6824,0.2);
#6824 = AXIS2_PLACEMENT_3D('',#6825,#6826,#6827);
#6825 = CARTESIAN_POINT('',(-3.2,2.3,21.57622));
#6826 = DIRECTION('',(0.,0.,-1.));
#6827 = DIRECTION('',(0.,-1.,0.));
#6828 = ADVANCED_FACE('',(#6829),#6854,.T.);
#6829 = FACE_BOUND('',#6830,.F.);
#6830 = EDGE_LOOP('',(#6831,#6841,#6847,#6848));
#6831 = ORIENTED_EDGE('',*,*,#6832,.T.);
#6832 = EDGE_CURVE('',#6833,#6835,#6837,.T.);
#6833 = VERTEX_POINT('',#6834);
#6834 = CARTESIAN_POINT('',(-2.8,2.1,6.45));
#6835 = VERTEX_POINT('',#6836);
#6836 = CARTESIAN_POINT('',(-2.8,2.1,2.6));
#6837 = LINE('',#6838,#6839);
#6838 = CARTESIAN_POINT('',(-2.8,2.1,6.45));
#6839 = VECTOR('',#6840,1.);
#6840 = DIRECTION('',(0.,0.,-1.));
#6841 = ORIENTED_EDGE('',*,*,#6842,.F.);
#6842 = EDGE_CURVE('',#6778,#6835,#6843,.T.);
#6843 = LINE('',#6844,#6845);
#6844 = CARTESIAN_POINT('',(-3.2,2.1,2.6));
#6845 = VECTOR('',#6846,1.);
#6846 = DIRECTION('',(1.,0.,0.));
#6847 = ORIENTED_EDGE('',*,*,#6818,.F.);
#6848 = ORIENTED_EDGE('',*,*,#6849,.T.);
#6849 = EDGE_CURVE('',#6803,#6833,#6850,.T.);
#6850 = LINE('',#6851,#6852);
#6851 = CARTESIAN_POINT('',(-3.2,2.1,6.45));
#6852 = VECTOR('',#6853,1.);
#6853 = DIRECTION('',(1.,0.,0.));
#6854 = PLANE('',#6855);
#6855 = AXIS2_PLACEMENT_3D('',#6856,#6857,#6858);
#6856 = CARTESIAN_POINT('',(-3.4,2.1,2.4));
#6857 = DIRECTION('',(0.,-1.,0.));
#6858 = DIRECTION('',(1.,0.,0.));
#6859 = ADVANCED_FACE('',(#6860),#6883,.T.);
#6860 = FACE_BOUND('',#6861,.T.);
#6861 = EDGE_LOOP('',(#6862,#6874,#6875,#6882));
#6862 = ORIENTED_EDGE('',*,*,#6863,.F.);
#6863 = EDGE_CURVE('',#6833,#2872,#6864,.T.);
#6864 = B_SPLINE_CURVE_WITH_KNOTS('',3,(#6865,#6866,#6867,#6868,#6869,
    #6870,#6871,#6872,#6873),.UNSPECIFIED.,.F.,.F.,(4,1,1,1,1,1,4),(0.,
    0.166666666667,0.333333333333,0.5,0.666666666667,0.833333333333,1.),
  .UNSPECIFIED.);
#6865 = CARTESIAN_POINT('',(-2.8,2.1,6.45));
#6866 = CARTESIAN_POINT('',(-2.779649082989,2.1,6.470350917011));
#6867 = CARTESIAN_POINT('',(-2.741004615147,2.106214566005,
    6.508995384853));
#6868 = CARTESIAN_POINT('',(-2.691920235212,2.128939269317,
    6.558079764788));
#6869 = CARTESIAN_POINT('',(-2.651194837993,2.163017573533,
    6.598805162007));
#6870 = CARTESIAN_POINT('',(-2.621485714105,2.205109095606,
    6.628514285895));
#6871 = CARTESIAN_POINT('',(-2.603584212445,2.252693296074,
    6.646415787555));
#6872 = CARTESIAN_POINT('',(-2.6,2.284475113163,6.65));
#6873 = CARTESIAN_POINT('',(-2.6,2.3,6.65));
#6874 = ORIENTED_EDGE('',*,*,#6832,.T.);
#6875 = ORIENTED_EDGE('',*,*,#6876,.F.);
#6876 = EDGE_CURVE('',#6589,#6835,#6877,.T.);
#6877 = CIRCLE('',#6878,0.2);
#6878 = AXIS2_PLACEMENT_3D('',#6879,#6880,#6881);
#6879 = CARTESIAN_POINT('',(-2.8,2.3,2.6));
#6880 = DIRECTION('',(0.,0.,-1.));
#6881 = DIRECTION('',(1.,0.,0.));
#6882 = ORIENTED_EDGE('',*,*,#6600,.F.);
#6883 = CYLINDRICAL_SURFACE('',#6884,0.2);
#6884 = AXIS2_PLACEMENT_3D('',#6885,#6886,#6887);
#6885 = CARTESIAN_POINT('',(-2.8,2.3,21.57622));
#6886 = DIRECTION('',(0.,0.,-1.));
#6887 = DIRECTION('',(1.,0.,0.));
#6888 = ADVANCED_FACE('',(#6889),#6901,.F.);
#6889 = FACE_BOUND('',#6890,.F.);
#6890 = EDGE_LOOP('',(#6891,#6892,#6899,#6900));
#6891 = ORIENTED_EDGE('',*,*,#6029,.T.);
#6892 = ORIENTED_EDGE('',*,*,#6893,.F.);
#6893 = EDGE_CURVE('',#6835,#6022,#6894,.T.);
#6894 = CIRCLE('',#6895,0.2);
#6895 = AXIS2_PLACEMENT_3D('',#6896,#6897,#6898);
#6896 = CARTESIAN_POINT('',(-2.8,1.9,2.6));
#6897 = DIRECTION('',(-1.,0.,0.));
#6898 = DIRECTION('',(0.,1.,-1.33226762955E-14));
#6899 = ORIENTED_EDGE('',*,*,#6876,.F.);
#6900 = ORIENTED_EDGE('',*,*,#6588,.F.);
#6901 = TOROIDAL_SURFACE('',#6902,0.4,0.2);
#6902 = AXIS2_PLACEMENT_3D('',#6903,#6904,#6905);
#6903 = CARTESIAN_POINT('',(-2.8,2.3,2.6));
#6904 = DIRECTION('',(0.,0.,-1.));
#6905 = DIRECTION('',(-0.706446506969,0.707766439436,0.));
#6906 = ADVANCED_FACE('',(#6907),#6913,.F.);
#6907 = FACE_BOUND('',#6908,.F.);
#6908 = EDGE_LOOP('',(#6909,#6910,#6911,#6912));
#6909 = ORIENTED_EDGE('',*,*,#6021,.F.);
#6910 = ORIENTED_EDGE('',*,*,#6777,.T.);
#6911 = ORIENTED_EDGE('',*,*,#6842,.T.);
#6912 = ORIENTED_EDGE('',*,*,#6893,.T.);
#6913 = CYLINDRICAL_SURFACE('',#6914,0.2);
#6914 = AXIS2_PLACEMENT_3D('',#6915,#6916,#6917);
#6915 = CARTESIAN_POINT('',(-15.15024,1.9,2.6));
#6916 = DIRECTION('',(1.,0.,0.));
#6917 = DIRECTION('',(0.,0.,-1.));
#6918 = ADVANCED_FACE('',(#6919),#6925,.T.);
#6919 = FACE_BOUND('',#6920,.T.);
#6920 = EDGE_LOOP('',(#6921,#6922,#6923,#6924));
#6921 = ORIENTED_EDGE('',*,*,#6863,.T.);
#6922 = ORIENTED_EDGE('',*,*,#2879,.F.);
#6923 = ORIENTED_EDGE('',*,*,#6802,.F.);
#6924 = ORIENTED_EDGE('',*,*,#6849,.T.);
#6925 = CYLINDRICAL_SURFACE('',#6926,0.2);
#6926 = AXIS2_PLACEMENT_3D('',#6927,#6928,#6929);
#6927 = CARTESIAN_POINT('',(-15.15024,2.3,6.45));
#6928 = DIRECTION('',(1.,0.,0.));
#6929 = DIRECTION('',(0.,0.,1.));
#6930 = ADVANCED_FACE('',(#6931),#6948,.T.);
#6931 = FACE_BOUND('',#6932,.T.);
#6932 = EDGE_LOOP('',(#6933,#6945,#6946,#6947));
#6933 = ORIENTED_EDGE('',*,*,#6934,.F.);
#6934 = EDGE_CURVE('',#6689,#715,#6935,.T.);
#6935 = B_SPLINE_CURVE_WITH_KNOTS('',3,(#6936,#6937,#6938,#6939,#6940,
    #6941,#6942,#6943,#6944),.UNSPECIFIED.,.F.,.F.,(4,1,1,1,1,1,4),(0.,
    0.166666666667,0.333333333333,0.5,0.666666666667,0.833333333333,1.),
  .UNSPECIFIED.);
#6936 = CARTESIAN_POINT('',(-3.2,-2.1,6.45));
#6937 = CARTESIAN_POINT('',(-3.220350917011,-2.1,6.470350917011));
#6938 = CARTESIAN_POINT('',(-3.258995384853,-2.106214566005,
    6.508995384853));
#6939 = CARTESIAN_POINT('',(-3.308079764788,-2.128939269317,
    6.558079764788));
#6940 = CARTESIAN_POINT('',(-3.348805162007,-2.163017573533,
    6.598805162007));
#6941 = CARTESIAN_POINT('',(-3.378514285895,-2.205109095606,
    6.628514285895));
#6942 = CARTESIAN_POINT('',(-3.396415787555,-2.252693296074,
    6.646415787555));
#6943 = CARTESIAN_POINT('',(-3.4,-2.284475113163,6.65));
#6944 = CARTESIAN_POINT('',(-3.4,-2.3,6.65));
#6945 = ORIENTED_EDGE('',*,*,#6696,.T.);
#6946 = ORIENTED_EDGE('',*,*,#6734,.F.);
#6947 = ORIENTED_EDGE('',*,*,#722,.F.);
#6948 = CYLINDRICAL_SURFACE('',#6949,0.2);
#6949 = AXIS2_PLACEMENT_3D('',#6950,#6951,#6952);
#6950 = CARTESIAN_POINT('',(-3.2,-2.3,21.57622));
#6951 = DIRECTION('',(0.,0.,-1.));
#6952 = DIRECTION('',(-1.,0.,0.));
#6953 = ADVANCED_FACE('',(#6954),#6960,.T.);
#6954 = FACE_BOUND('',#6955,.T.);
#6955 = EDGE_LOOP('',(#6956,#6957,#6958,#6959));
#6956 = ORIENTED_EDGE('',*,*,#6934,.T.);
#6957 = ORIENTED_EDGE('',*,*,#2953,.F.);
#6958 = ORIENTED_EDGE('',*,*,#6641,.F.);
#6959 = ORIENTED_EDGE('',*,*,#6688,.T.);
#6960 = CYLINDRICAL_SURFACE('',#6961,0.2);
#6961 = AXIS2_PLACEMENT_3D('',#6962,#6963,#6964);
#6962 = CARTESIAN_POINT('',(15.15024,-2.3,6.45));
#6963 = DIRECTION('',(-1.,0.,0.));
#6964 = DIRECTION('',(0.,0.,1.));
#6965 = ADVANCED_FACE('',(#6966),#6972,.F.);
#6966 = FACE_BOUND('',#6967,.F.);
#6967 = EDGE_LOOP('',(#6968,#6969,#6970,#6971));
#6968 = ORIENTED_EDGE('',*,*,#6046,.T.);
#6969 = ORIENTED_EDGE('',*,*,#6577,.F.);
#6970 = ORIENTED_EDGE('',*,*,#6656,.F.);
#6971 = ORIENTED_EDGE('',*,*,#6719,.F.);
#6972 = TOROIDAL_SURFACE('',#6973,0.4,0.2);
#6973 = AXIS2_PLACEMENT_3D('',#6974,#6975,#6976);
#6974 = CARTESIAN_POINT('',(-2.8,-2.3,2.6));
#6975 = DIRECTION('',(0.,0.,-1.));
#6976 = DIRECTION('',(-0.181241503783,0.983438618983,0.));
#6977 = ADVANCED_FACE('',(#6978),#6984,.F.);
#6978 = FACE_BOUND('',#6979,.F.);
#6979 = EDGE_LOOP('',(#6980,#6981,#6982,#6983));
#6980 = ORIENTED_EDGE('',*,*,#6292,.F.);
#6981 = ORIENTED_EDGE('',*,*,#5605,.T.);
#6982 = ORIENTED_EDGE('',*,*,#6607,.T.);
#6983 = ORIENTED_EDGE('',*,*,#2862,.T.);
#6984 = CYLINDRICAL_SURFACE('',#6985,0.2);
#6985 = AXIS2_PLACEMENT_3D('',#6986,#6987,#6988);
#6986 = CARTESIAN_POINT('',(-2.4,3.15,-19.72622));
#6987 = DIRECTION('',(0.,0.,1.));
#6988 = DIRECTION('',(0.,1.,0.));
#6989 = ADVANCED_FACE('',(#6990),#7001,.F.);
#6990 = FACE_BOUND('',#6991,.F.);
#6991 = EDGE_LOOP('',(#6992,#6993,#6999,#7000));
#6992 = ORIENTED_EDGE('',*,*,#5586,.T.);
#6993 = ORIENTED_EDGE('',*,*,#6994,.F.);
#6994 = EDGE_CURVE('',#1283,#5589,#6995,.T.);
#6995 = LINE('',#6996,#6997);
#6996 = CARTESIAN_POINT('',(-2.4,4.6,-4.8));
#6997 = VECTOR('',#6998,1.);
#6998 = DIRECTION('',(0.,0.,1.));
#6999 = ORIENTED_EDGE('',*,*,#1282,.T.);
#7000 = ORIENTED_EDGE('',*,*,#6614,.T.);
#7001 = CYLINDRICAL_SURFACE('',#7002,0.2);
#7002 = AXIS2_PLACEMENT_3D('',#7003,#7004,#7005);
#7003 = CARTESIAN_POINT('',(-2.4,4.4,-20.1259463262));
#7004 = DIRECTION('',(0.,0.,1.));
#7005 = DIRECTION('',(0.,1.,0.));
#7006 = ADVANCED_FACE('',(#7007),#7023,.F.);
#7007 = FACE_BOUND('',#7008,.F.);
#7008 = EDGE_LOOP('',(#7009,#7015,#7016,#7017));
#7009 = ORIENTED_EDGE('',*,*,#7010,.F.);
#7010 = EDGE_CURVE('',#2278,#2480,#7011,.T.);
#7011 = LINE('',#7012,#7013);
#7012 = CARTESIAN_POINT('',(1.3,4.6,-3.9));
#7013 = VECTOR('',#7014,1.);
#7014 = DIRECTION('',(-1.,0.,0.));
#7015 = ORIENTED_EDGE('',*,*,#2277,.F.);
#7016 = ORIENTED_EDGE('',*,*,#1308,.F.);
#7017 = ORIENTED_EDGE('',*,*,#7018,.F.);
#7018 = EDGE_CURVE('',#2480,#1300,#7019,.T.);
#7019 = LINE('',#7020,#7021);
#7020 = CARTESIAN_POINT('',(-1.3,4.6,-3.9));
#7021 = VECTOR('',#7022,1.);
#7022 = DIRECTION('',(0.,0.,-1.));
#7023 = PLANE('',#7024);
#7024 = AXIS2_PLACEMENT_3D('',#7025,#7026,#7027);
#7025 = CARTESIAN_POINT('',(-2.6,4.6,-4.8));
#7026 = DIRECTION('',(0.,1.,0.));
#7027 = DIRECTION('',(1.,0.,0.));
#7028 = ADVANCED_FACE('',(#7029),#7041,.F.);
#7029 = FACE_BOUND('',#7030,.F.);
#7030 = EDGE_LOOP('',(#7031,#7032,#7033,#7034,#7040));
#7031 = ORIENTED_EDGE('',*,*,#6994,.T.);
#7032 = ORIENTED_EDGE('',*,*,#5637,.T.);
#7033 = ORIENTED_EDGE('',*,*,#3481,.T.);
#7034 = ORIENTED_EDGE('',*,*,#7035,.T.);
#7035 = EDGE_CURVE('',#2472,#1292,#7036,.T.);
#7036 = LINE('',#7037,#7038);
#7037 = CARTESIAN_POINT('',(-1.7,4.6,-3.9));
#7038 = VECTOR('',#7039,1.);
#7039 = DIRECTION('',(0.,0.,-1.));
#7040 = ORIENTED_EDGE('',*,*,#1291,.F.);
#7041 = PLANE('',#7042);
#7042 = AXIS2_PLACEMENT_3D('',#7043,#7044,#7045);
#7043 = CARTESIAN_POINT('',(-2.6,4.6,-4.8));
#7044 = DIRECTION('',(0.,1.,0.));
#7045 = DIRECTION('',(1.,0.,0.));
#7046 = ADVANCED_FACE('',(#7047),#7055,.T.);
#7047 = FACE_BOUND('',#7048,.F.);
#7048 = EDGE_LOOP('',(#7049,#7050,#7051,#7052,#7053,#7054));
#7049 = ORIENTED_EDGE('',*,*,#3830,.F.);
#7050 = ORIENTED_EDGE('',*,*,#3907,.F.);
#7051 = ORIENTED_EDGE('',*,*,#2503,.F.);
#7052 = ORIENTED_EDGE('',*,*,#7010,.T.);
#7053 = ORIENTED_EDGE('',*,*,#2479,.F.);
#7054 = ORIENTED_EDGE('',*,*,#3475,.F.);
#7055 = PLANE('',#7056);
#7056 = AXIS2_PLACEMENT_3D('',#7057,#7058,#7059);
#7057 = CARTESIAN_POINT('',(0.,0.,-3.9));
#7058 = DIRECTION('',(0.,0.,1.));
#7059 = DIRECTION('',(0.,-1.,0.));
#7060 = ADVANCED_FACE('',(#7061),#7069,.T.);
#7061 = FACE_BOUND('',#7062,.T.);
#7062 = EDGE_LOOP('',(#7063,#7064,#7065,#7066,#7067,#7068));
#7063 = ORIENTED_EDGE('',*,*,#7035,.T.);
#7064 = ORIENTED_EDGE('',*,*,#1299,.F.);
#7065 = ORIENTED_EDGE('',*,*,#7018,.F.);
#7066 = ORIENTED_EDGE('',*,*,#2487,.F.);
#7067 = ORIENTED_EDGE('',*,*,#5630,.F.);
#7068 = ORIENTED_EDGE('',*,*,#2471,.T.);
#7069 = CYLINDRICAL_SURFACE('',#7070,0.2);
#7070 = AXIS2_PLACEMENT_3D('',#7071,#7072,#7073);
#7071 = CARTESIAN_POINT('',(-1.5,4.6,0.7));
#7072 = DIRECTION('',(0.,0.,-1.));
#7073 = DIRECTION('',(0.,-1.,0.));
#7074 = ADVANCED_FACE('',(#7075),#7087,.T.);
#7075 = FACE_BOUND('',#7076,.T.);
#7076 = EDGE_LOOP('',(#7077,#7078,#7079,#7080,#7081));
#7077 = ORIENTED_EDGE('',*,*,#1392,.F.);
#7078 = ORIENTED_EDGE('',*,*,#6511,.F.);
#7079 = ORIENTED_EDGE('',*,*,#5563,.F.);
#7080 = ORIENTED_EDGE('',*,*,#5504,.T.);
#7081 = ORIENTED_EDGE('',*,*,#7082,.F.);
#7082 = EDGE_CURVE('',#1385,#2214,#7083,.T.);
#7083 = LINE('',#7084,#7085);
#7084 = CARTESIAN_POINT('',(-1.3,-4.6,-4.8));
#7085 = VECTOR('',#7086,1.);
#7086 = DIRECTION('',(0.,0.,1.));
#7087 = CYLINDRICAL_SURFACE('',#7088,0.2);
#7088 = AXIS2_PLACEMENT_3D('',#7089,#7090,#7091);
#7089 = CARTESIAN_POINT('',(-1.5,-4.6,0.7));
#7090 = DIRECTION('',(0.,0.,-1.));
#7091 = DIRECTION('',(0.,-1.,0.));
#7092 = ADVANCED_FACE('',(#7093),#7104,.T.);
#7093 = FACE_BOUND('',#7094,.F.);
#7094 = EDGE_LOOP('',(#7095,#7101,#7102,#7103));
#7095 = ORIENTED_EDGE('',*,*,#7096,.T.);
#7096 = EDGE_CURVE('',#1376,#2135,#7097,.T.);
#7097 = LINE('',#7098,#7099);
#7098 = CARTESIAN_POINT('',(1.3,-4.6,-4.8));
#7099 = VECTOR('',#7100,1.);
#7100 = DIRECTION('',(0.,0.,1.));
#7101 = ORIENTED_EDGE('',*,*,#2221,.F.);
#7102 = ORIENTED_EDGE('',*,*,#7082,.F.);
#7103 = ORIENTED_EDGE('',*,*,#1384,.T.);
#7104 = PLANE('',#7105);
#7105 = AXIS2_PLACEMENT_3D('',#7106,#7107,#7108);
#7106 = CARTESIAN_POINT('',(-1.8,-4.6,-4.8));
#7107 = DIRECTION('',(0.,1.,0.));
#7108 = DIRECTION('',(1.,0.,0.));
#7109 = ADVANCED_FACE('',(#7110),#7117,.T.);
#7110 = FACE_BOUND('',#7111,.T.);
#7111 = EDGE_LOOP('',(#7112,#7113,#7114,#7115,#7116));
#7112 = ORIENTED_EDGE('',*,*,#2308,.F.);
#7113 = ORIENTED_EDGE('',*,*,#5695,.F.);
#7114 = ORIENTED_EDGE('',*,*,#6528,.T.);
#7115 = ORIENTED_EDGE('',*,*,#1375,.F.);
#7116 = ORIENTED_EDGE('',*,*,#7096,.T.);
#7117 = CYLINDRICAL_SURFACE('',#7118,0.2);
#7118 = AXIS2_PLACEMENT_3D('',#7119,#7120,#7121);
#7119 = CARTESIAN_POINT('',(1.5,-4.6,0.7));
#7120 = DIRECTION('',(0.,0.,-1.));
#7121 = DIRECTION('',(0.,-1.,0.));
#7122 = ADVANCED_FACE('',(#7123),#7155,.T.);
#7123 = FACE_BOUND('',#7124,.T.);
#7124 = EDGE_LOOP('',(#7125,#7139,#7140,#7149));
#7125 = ORIENTED_EDGE('',*,*,#7126,.T.);
#7126 = EDGE_CURVE('',#7127,#2808,#7129,.T.);
#7127 = VERTEX_POINT('',#7128);
#7128 = CARTESIAN_POINT('',(2.8,2.1,6.45));
#7129 = B_SPLINE_CURVE_WITH_KNOTS('',3,(#7130,#7131,#7132,#7133,#7134,
    #7135,#7136,#7137,#7138),.UNSPECIFIED.,.F.,.F.,(4,1,1,1,1,1,4),(0.,
    0.166666666667,0.333333333333,0.5,0.666666666667,0.833333333333,1.),
  .UNSPECIFIED.);
#7130 = CARTESIAN_POINT('',(2.8,2.1,6.45));
#7131 = CARTESIAN_POINT('',(2.779649082989,2.1,6.470350917011));
#7132 = CARTESIAN_POINT('',(2.741004615147,2.106214566005,6.508995384853
    ));
#7133 = CARTESIAN_POINT('',(2.691920235212,2.128939269317,6.558079764788
    ));
#7134 = CARTESIAN_POINT('',(2.651194837993,2.163017573533,6.598805162007
    ));
#7135 = CARTESIAN_POINT('',(2.621485714105,2.205109095606,6.628514285895
    ));
#7136 = CARTESIAN_POINT('',(2.603584212445,2.252693296074,6.646415787555
    ));
#7137 = CARTESIAN_POINT('',(2.6,2.284475113163,6.65));
#7138 = CARTESIAN_POINT('',(2.6,2.3,6.65));
#7139 = ORIENTED_EDGE('',*,*,#6434,.T.);
#7140 = ORIENTED_EDGE('',*,*,#7141,.F.);
#7141 = EDGE_CURVE('',#7142,#6435,#7144,.T.);
#7142 = VERTEX_POINT('',#7143);
#7143 = CARTESIAN_POINT('',(2.8,2.1,2.6));
#7144 = CIRCLE('',#7145,0.2);
#7145 = AXIS2_PLACEMENT_3D('',#7146,#7147,#7148);
#7146 = CARTESIAN_POINT('',(2.8,2.3,2.6));
#7147 = DIRECTION('',(0.,0.,-1.));
#7148 = DIRECTION('',(0.,-1.,0.));
#7149 = ORIENTED_EDGE('',*,*,#7150,.F.);
#7150 = EDGE_CURVE('',#7127,#7142,#7151,.T.);
#7151 = LINE('',#7152,#7153);
#7152 = CARTESIAN_POINT('',(2.8,2.1,6.45));
#7153 = VECTOR('',#7154,1.);
#7154 = DIRECTION('',(0.,0.,-1.));
#7155 = CYLINDRICAL_SURFACE('',#7156,0.2);
#7156 = AXIS2_PLACEMENT_3D('',#7157,#7158,#7159);
#7157 = CARTESIAN_POINT('',(2.8,2.3,21.57622));
#7158 = DIRECTION('',(0.,0.,-1.));
#7159 = DIRECTION('',(0.,-1.,0.));
#7160 = ADVANCED_FACE('',(#7161),#7186,.T.);
#7161 = FACE_BOUND('',#7162,.F.);
#7162 = EDGE_LOOP('',(#7163,#7164,#7172,#7180));
#7163 = ORIENTED_EDGE('',*,*,#7150,.F.);
#7164 = ORIENTED_EDGE('',*,*,#7165,.T.);
#7165 = EDGE_CURVE('',#7127,#7166,#7168,.T.);
#7166 = VERTEX_POINT('',#7167);
#7167 = CARTESIAN_POINT('',(3.2,2.1,6.45));
#7168 = LINE('',#7169,#7170);
#7169 = CARTESIAN_POINT('',(2.8,2.1,6.45));
#7170 = VECTOR('',#7171,1.);
#7171 = DIRECTION('',(1.,0.,0.));
#7172 = ORIENTED_EDGE('',*,*,#7173,.T.);
#7173 = EDGE_CURVE('',#7166,#7174,#7176,.T.);
#7174 = VERTEX_POINT('',#7175);
#7175 = CARTESIAN_POINT('',(3.2,2.1,2.6));
#7176 = LINE('',#7177,#7178);
#7177 = CARTESIAN_POINT('',(3.2,2.1,6.45));
#7178 = VECTOR('',#7179,1.);
#7179 = DIRECTION('',(0.,0.,-1.));
#7180 = ORIENTED_EDGE('',*,*,#7181,.F.);
#7181 = EDGE_CURVE('',#7142,#7174,#7182,.T.);
#7182 = LINE('',#7183,#7184);
#7183 = CARTESIAN_POINT('',(2.8,2.1,2.6));
#7184 = VECTOR('',#7185,1.);
#7185 = DIRECTION('',(1.,0.,0.));
#7186 = PLANE('',#7187);
#7187 = AXIS2_PLACEMENT_3D('',#7188,#7189,#7190);
#7188 = CARTESIAN_POINT('',(2.6,2.1,2.4));
#7189 = DIRECTION('',(0.,-1.,0.));
#7190 = DIRECTION('',(1.,0.,0.));
#7191 = ADVANCED_FACE('',(#7192),#7209,.T.);
#7192 = FACE_BOUND('',#7193,.T.);
#7193 = EDGE_LOOP('',(#7194,#7206,#7207,#7208));
#7194 = ORIENTED_EDGE('',*,*,#7195,.T.);
#7195 = EDGE_CURVE('',#7166,#2800,#7196,.T.);
#7196 = B_SPLINE_CURVE_WITH_KNOTS('',3,(#7197,#7198,#7199,#7200,#7201,
    #7202,#7203,#7204,#7205),.UNSPECIFIED.,.F.,.F.,(4,1,1,1,1,1,4),(0.,
    0.166666666667,0.333333333333,0.5,0.666666666667,0.833333333333,1.),
  .UNSPECIFIED.);
#7197 = CARTESIAN_POINT('',(3.2,2.1,6.45));
#7198 = CARTESIAN_POINT('',(3.220350917011,2.1,6.470350917011));
#7199 = CARTESIAN_POINT('',(3.258995384852,2.106214566005,6.508995384853
    ));
#7200 = CARTESIAN_POINT('',(3.308079764788,2.128939269317,6.558079764788
    ));
#7201 = CARTESIAN_POINT('',(3.348805162007,2.163017573533,6.598805162007
    ));
#7202 = CARTESIAN_POINT('',(3.378514285895,2.205109095606,6.628514285895
    ));
#7203 = CARTESIAN_POINT('',(3.396415787555,2.252693296074,6.646415787555
    ));
#7204 = CARTESIAN_POINT('',(3.4,2.284475113163,6.65));
#7205 = CARTESIAN_POINT('',(3.4,2.3,6.65));
#7206 = ORIENTED_EDGE('',*,*,#2807,.F.);
#7207 = ORIENTED_EDGE('',*,*,#7126,.F.);
#7208 = ORIENTED_EDGE('',*,*,#7165,.T.);
#7209 = CYLINDRICAL_SURFACE('',#7210,0.2);
#7210 = AXIS2_PLACEMENT_3D('',#7211,#7212,#7213);
#7211 = CARTESIAN_POINT('',(-15.15024,2.3,6.45));
#7212 = DIRECTION('',(1.,0.,0.));
#7213 = DIRECTION('',(0.,0.,1.));
#7214 = ADVANCED_FACE('',(#7215),#7227,.T.);
#7215 = FACE_BOUND('',#7216,.T.);
#7216 = EDGE_LOOP('',(#7217,#7218,#7219,#7226));
#7217 = ORIENTED_EDGE('',*,*,#7195,.F.);
#7218 = ORIENTED_EDGE('',*,*,#7173,.T.);
#7219 = ORIENTED_EDGE('',*,*,#7220,.F.);
#7220 = EDGE_CURVE('',#4088,#7174,#7221,.T.);
#7221 = CIRCLE('',#7222,0.2);
#7222 = AXIS2_PLACEMENT_3D('',#7223,#7224,#7225);
#7223 = CARTESIAN_POINT('',(3.2,2.3,2.6));
#7224 = DIRECTION('',(0.,0.,-1.));
#7225 = DIRECTION('',(1.,0.,0.));
#7226 = ORIENTED_EDGE('',*,*,#4087,.F.);
#7227 = CYLINDRICAL_SURFACE('',#7228,0.2);
#7228 = AXIS2_PLACEMENT_3D('',#7229,#7230,#7231);
#7229 = CARTESIAN_POINT('',(3.2,2.3,21.57622));
#7230 = DIRECTION('',(0.,0.,-1.));
#7231 = DIRECTION('',(1.,0.,0.));
#7232 = ADVANCED_FACE('',(#7233),#7251,.T.);
#7233 = FACE_BOUND('',#7234,.T.);
#7234 = EDGE_LOOP('',(#7235,#7236,#7243,#7250));
#7235 = ORIENTED_EDGE('',*,*,#7220,.T.);
#7236 = ORIENTED_EDGE('',*,*,#7237,.T.);
#7237 = EDGE_CURVE('',#7174,#6098,#7238,.T.);
#7238 = CIRCLE('',#7239,0.2);
#7239 = AXIS2_PLACEMENT_3D('',#7240,#7241,#7242);
#7240 = CARTESIAN_POINT('',(3.2,1.9,2.6));
#7241 = DIRECTION('',(-1.,0.,0.));
#7242 = DIRECTION('',(0.,1.,0.));
#7243 = ORIENTED_EDGE('',*,*,#7244,.T.);
#7244 = EDGE_CURVE('',#6098,#4096,#7245,.T.);
#7245 = CIRCLE('',#7246,0.2);
#7246 = AXIS2_PLACEMENT_3D('',#7247,#7248,#7249);
#7247 = CARTESIAN_POINT('',(3.2,1.9,2.2));
#7248 = DIRECTION('',(0.,1.,0.));
#7249 = DIRECTION('',(0.,-0.,1.));
#7250 = ORIENTED_EDGE('',*,*,#4095,.F.);
#7251 = TOROIDAL_SURFACE('',#7252,0.4,0.2);
#7252 = AXIS2_PLACEMENT_3D('',#7253,#7254,#7255);
#7253 = CARTESIAN_POINT('',(3.2,1.9,2.6));
#7254 = DIRECTION('',(1.,0.,0.));
#7255 = DIRECTION('',(0.,0.,-1.));
#7256 = ADVANCED_FACE('',(#7257),#7269,.T.);
#7257 = FACE_BOUND('',#7258,.T.);
#7258 = EDGE_LOOP('',(#7259,#7260,#7261,#7268));
#7259 = ORIENTED_EDGE('',*,*,#7244,.F.);
#7260 = ORIENTED_EDGE('',*,*,#6105,.F.);
#7261 = ORIENTED_EDGE('',*,*,#7262,.F.);
#7262 = EDGE_CURVE('',#4105,#6062,#7263,.T.);
#7263 = CIRCLE('',#7264,0.2);
#7264 = AXIS2_PLACEMENT_3D('',#7265,#7266,#7267);
#7265 = CARTESIAN_POINT('',(3.2,-1.9,2.2));
#7266 = DIRECTION('',(0.,-1.,0.));
#7267 = DIRECTION('',(1.,0.,0.));
#7268 = ORIENTED_EDGE('',*,*,#4104,.T.);
#7269 = CYLINDRICAL_SURFACE('',#7270,0.2);
#7270 = AXIS2_PLACEMENT_3D('',#7271,#7272,#7273);
#7271 = CARTESIAN_POINT('',(3.2,-32.74336,2.2));
#7272 = DIRECTION('',(0.,1.,0.));
#7273 = DIRECTION('',(0.,-0.,1.));
#7274 = ADVANCED_FACE('',(#7275),#7295,.T.);
#7275 = FACE_BOUND('',#7276,.T.);
#7276 = EDGE_LOOP('',(#7277,#7278,#7287,#7294));
#7277 = ORIENTED_EDGE('',*,*,#7262,.T.);
#7278 = ORIENTED_EDGE('',*,*,#7279,.T.);
#7279 = EDGE_CURVE('',#6062,#7280,#7282,.T.);
#7280 = VERTEX_POINT('',#7281);
#7281 = CARTESIAN_POINT('',(3.2,-2.1,2.6));
#7282 = CIRCLE('',#7283,0.2);
#7283 = AXIS2_PLACEMENT_3D('',#7284,#7285,#7286);
#7284 = CARTESIAN_POINT('',(3.2,-1.9,2.6));
#7285 = DIRECTION('',(-1.,0.,0.));
#7286 = DIRECTION('',(0.,0.,-1.));
#7287 = ORIENTED_EDGE('',*,*,#7288,.T.);
#7288 = EDGE_CURVE('',#7280,#4113,#7289,.T.);
#7289 = CIRCLE('',#7290,0.2);
#7290 = AXIS2_PLACEMENT_3D('',#7291,#7292,#7293);
#7291 = CARTESIAN_POINT('',(3.2,-2.3,2.6));
#7292 = DIRECTION('',(0.,0.,-1.));
#7293 = DIRECTION('',(0.,1.,0.));
#7294 = ORIENTED_EDGE('',*,*,#4112,.F.);
#7295 = TOROIDAL_SURFACE('',#7296,0.4,0.2);
#7296 = AXIS2_PLACEMENT_3D('',#7297,#7298,#7299);
#7297 = CARTESIAN_POINT('',(3.2,-1.9,2.6));
#7298 = DIRECTION('',(-1.,0.,0.));
#7299 = DIRECTION('',(0.,-1.,0.));
#7300 = ADVANCED_FACE('',(#7301),#7312,.T.);
#7301 = FACE_BOUND('',#7302,.T.);
#7302 = EDGE_LOOP('',(#7303,#7304,#7305,#7311));
#7303 = ORIENTED_EDGE('',*,*,#4121,.T.);
#7304 = ORIENTED_EDGE('',*,*,#7288,.F.);
#7305 = ORIENTED_EDGE('',*,*,#7306,.F.);
#7306 = EDGE_CURVE('',#2741,#7280,#7307,.T.);
#7307 = LINE('',#7308,#7309);
#7308 = CARTESIAN_POINT('',(3.2,-2.1,6.65));
#7309 = VECTOR('',#7310,1.);
#7310 = DIRECTION('',(0.,0.,-1.));
#7311 = ORIENTED_EDGE('',*,*,#2748,.F.);
#7312 = CYLINDRICAL_SURFACE('',#7313,0.2);
#7313 = AXIS2_PLACEMENT_3D('',#7314,#7315,#7316);
#7314 = CARTESIAN_POINT('',(3.2,-2.3,21.57622));
#7315 = DIRECTION('',(0.,0.,-1.));
#7316 = DIRECTION('',(0.,1.,0.));
#7317 = ADVANCED_FACE('',(#7318),#7336,.T.);
#7318 = FACE_BOUND('',#7319,.F.);
#7319 = EDGE_LOOP('',(#7320,#7321,#7322,#7330));
#7320 = ORIENTED_EDGE('',*,*,#7306,.F.);
#7321 = ORIENTED_EDGE('',*,*,#2740,.T.);
#7322 = ORIENTED_EDGE('',*,*,#7323,.T.);
#7323 = EDGE_CURVE('',#2732,#7324,#7326,.T.);
#7324 = VERTEX_POINT('',#7325);
#7325 = CARTESIAN_POINT('',(2.8,-2.1,2.6));
#7326 = LINE('',#7327,#7328);
#7327 = CARTESIAN_POINT('',(2.8,-2.1,6.65));
#7328 = VECTOR('',#7329,1.);
#7329 = DIRECTION('',(0.,0.,-1.));
#7330 = ORIENTED_EDGE('',*,*,#7331,.F.);
#7331 = EDGE_CURVE('',#7280,#7324,#7332,.T.);
#7332 = LINE('',#7333,#7334);
#7333 = CARTESIAN_POINT('',(3.2,-2.1,2.6));
#7334 = VECTOR('',#7335,1.);
#7335 = DIRECTION('',(-1.,0.,0.));
#7336 = PLANE('',#7337);
#7337 = AXIS2_PLACEMENT_3D('',#7338,#7339,#7340);
#7338 = CARTESIAN_POINT('',(3.4,-2.1,2.4));
#7339 = DIRECTION('',(0.,1.,0.));
#7340 = DIRECTION('',(-1.,0.,0.));
#7341 = ADVANCED_FACE('',(#7342),#7354,.T.);
#7342 = FACE_BOUND('',#7343,.T.);
#7343 = EDGE_LOOP('',(#7344,#7345,#7352,#7353));
#7344 = ORIENTED_EDGE('',*,*,#7323,.T.);
#7345 = ORIENTED_EDGE('',*,*,#7346,.F.);
#7346 = EDGE_CURVE('',#6454,#7324,#7347,.T.);
#7347 = CIRCLE('',#7348,0.2);
#7348 = AXIS2_PLACEMENT_3D('',#7349,#7350,#7351);
#7349 = CARTESIAN_POINT('',(2.8,-2.3,2.6));
#7350 = DIRECTION('',(0.,0.,-1.));
#7351 = DIRECTION('',(-1.,0.,0.));
#7352 = ORIENTED_EDGE('',*,*,#6465,.F.);
#7353 = ORIENTED_EDGE('',*,*,#2731,.F.);
#7354 = CYLINDRICAL_SURFACE('',#7355,0.2);
#7355 = AXIS2_PLACEMENT_3D('',#7356,#7357,#7358);
#7356 = CARTESIAN_POINT('',(2.8,-2.3,21.57622));
#7357 = DIRECTION('',(0.,0.,-1.));
#7358 = DIRECTION('',(-1.,0.,0.));
#7359 = ADVANCED_FACE('',(#7360),#7372,.F.);
#7360 = FACE_BOUND('',#7361,.F.);
#7361 = EDGE_LOOP('',(#7362,#7363,#7370,#7371));
#7362 = ORIENTED_EDGE('',*,*,#6071,.T.);
#7363 = ORIENTED_EDGE('',*,*,#7364,.F.);
#7364 = EDGE_CURVE('',#7324,#6064,#7365,.T.);
#7365 = CIRCLE('',#7366,0.2);
#7366 = AXIS2_PLACEMENT_3D('',#7367,#7368,#7369);
#7367 = CARTESIAN_POINT('',(2.8,-1.9,2.6));
#7368 = DIRECTION('',(1.,0.,0.));
#7369 = DIRECTION('',(0.,-1.,-1.554312234475E-14));
#7370 = ORIENTED_EDGE('',*,*,#7346,.F.);
#7371 = ORIENTED_EDGE('',*,*,#6453,.F.);
#7372 = TOROIDAL_SURFACE('',#7373,0.4,0.2);
#7373 = AXIS2_PLACEMENT_3D('',#7374,#7375,#7376);
#7374 = CARTESIAN_POINT('',(2.8,-2.3,2.6));
#7375 = DIRECTION('',(0.,0.,-1.));
#7376 = DIRECTION('',(0.706446506969,-0.707766439436,0.));
#7377 = ADVANCED_FACE('',(#7378),#7384,.F.);
#7378 = FACE_BOUND('',#7379,.F.);
#7379 = EDGE_LOOP('',(#7380,#7381,#7382,#7383));
#7380 = ORIENTED_EDGE('',*,*,#6061,.F.);
#7381 = ORIENTED_EDGE('',*,*,#7279,.T.);
#7382 = ORIENTED_EDGE('',*,*,#7331,.T.);
#7383 = ORIENTED_EDGE('',*,*,#7364,.T.);
#7384 = CYLINDRICAL_SURFACE('',#7385,0.2);
#7385 = AXIS2_PLACEMENT_3D('',#7386,#7387,#7388);
#7386 = CARTESIAN_POINT('',(15.15024,-1.9,2.6));
#7387 = DIRECTION('',(-1.,0.,0.));
#7388 = DIRECTION('',(0.,0.,-1.));
#7389 = ADVANCED_FACE('',(#7390),#7402,.F.);
#7390 = FACE_BOUND('',#7391,.F.);
#7391 = EDGE_LOOP('',(#7392,#7393,#7394,#7395));
#7392 = ORIENTED_EDGE('',*,*,#7181,.T.);
#7393 = ORIENTED_EDGE('',*,*,#7237,.T.);
#7394 = ORIENTED_EDGE('',*,*,#6097,.F.);
#7395 = ORIENTED_EDGE('',*,*,#7396,.T.);
#7396 = EDGE_CURVE('',#6089,#7142,#7397,.T.);
#7397 = CIRCLE('',#7398,0.2);
#7398 = AXIS2_PLACEMENT_3D('',#7399,#7400,#7401);
#7399 = CARTESIAN_POINT('',(2.8,1.9,2.6));
#7400 = DIRECTION('',(1.,0.,0.));
#7401 = DIRECTION('',(0.,0.,-1.));
#7402 = CYLINDRICAL_SURFACE('',#7403,0.2);
#7403 = AXIS2_PLACEMENT_3D('',#7404,#7405,#7406);
#7404 = CARTESIAN_POINT('',(-15.15024,1.9,2.6));
#7405 = DIRECTION('',(1.,0.,0.));
#7406 = DIRECTION('',(0.,0.,-1.));
#7407 = ADVANCED_FACE('',(#7408),#7414,.F.);
#7408 = FACE_BOUND('',#7409,.F.);
#7409 = EDGE_LOOP('',(#7410,#7411,#7412,#7413));
#7410 = ORIENTED_EDGE('',*,*,#6088,.T.);
#7411 = ORIENTED_EDGE('',*,*,#6442,.F.);
#7412 = ORIENTED_EDGE('',*,*,#7141,.F.);
#7413 = ORIENTED_EDGE('',*,*,#7396,.F.);
#7414 = TOROIDAL_SURFACE('',#7415,0.4,0.2);
#7415 = AXIS2_PLACEMENT_3D('',#7416,#7417,#7418);
#7416 = CARTESIAN_POINT('',(2.8,2.3,2.6));
#7417 = DIRECTION('',(0.,0.,-1.));
#7418 = DIRECTION('',(0.181241503783,-0.983438618983,0.));
#7419 = ADVANCED_FACE('',(#7420),#7426,.F.);
#7420 = FACE_BOUND('',#7421,.F.);
#7421 = EDGE_LOOP('',(#7422,#7423,#7424,#7425));
#7422 = ORIENTED_EDGE('',*,*,#6472,.F.);
#7423 = ORIENTED_EDGE('',*,*,#2714,.T.);
#7424 = ORIENTED_EDGE('',*,*,#5741,.T.);
#7425 = ORIENTED_EDGE('',*,*,#5670,.T.);
#7426 = CYLINDRICAL_SURFACE('',#7427,0.2);
#7427 = AXIS2_PLACEMENT_3D('',#7428,#7429,#7430);
#7428 = CARTESIAN_POINT('',(2.4,-3.15,21.57622));
#7429 = DIRECTION('',(0.,0.,-1.));
#7430 = DIRECTION('',(1.,0.,0.));
#7431 = ADVANCED_FACE('',(#7432),#7456,.T.);
#7432 = FACE_BOUND('',#7433,.T.);
#7433 = EDGE_LOOP('',(#7434,#7435,#7443,#7455));
#7434 = ORIENTED_EDGE('',*,*,#5972,.F.);
#7435 = ORIENTED_EDGE('',*,*,#7436,.F.);
#7436 = EDGE_CURVE('',#7437,#5973,#7439,.T.);
#7437 = VERTEX_POINT('',#7438);
#7438 = CARTESIAN_POINT('',(-1.7,3.55,6.45));
#7439 = LINE('',#7440,#7441);
#7440 = CARTESIAN_POINT('',(-1.7,3.55,6.45));
#7441 = VECTOR('',#7442,1.);
#7442 = DIRECTION('',(0.,0.,-1.));
#7443 = ORIENTED_EDGE('',*,*,#7444,.T.);
#7444 = EDGE_CURVE('',#7437,#2847,#7445,.T.);
#7445 = B_SPLINE_CURVE_WITH_KNOTS('',3,(#7446,#7447,#7448,#7449,#7450,
    #7451,#7452,#7453,#7454),.UNSPECIFIED.,.F.,.F.,(4,1,1,1,1,1,4),(0.,
    0.166666666667,0.333333333333,0.5,0.666666666667,0.833333333333,1.),
  .UNSPECIFIED.);
#7446 = CARTESIAN_POINT('',(-1.7,3.55,6.45));
#7447 = CARTESIAN_POINT('',(-1.7,3.529649082989,6.470350917011));
#7448 = CARTESIAN_POINT('',(-1.706214566005,3.491004615147,
    6.508995384853));
#7449 = CARTESIAN_POINT('',(-1.728939269317,3.441920235212,
    6.558079764788));
#7450 = CARTESIAN_POINT('',(-1.763017573533,3.401194837993,
    6.598805162007));
#7451 = CARTESIAN_POINT('',(-1.805109095606,3.371485714105,
    6.628514285895));
#7452 = CARTESIAN_POINT('',(-1.852693296074,3.353584212445,
    6.646415787555));
#7453 = CARTESIAN_POINT('',(-1.884475113163,3.35,6.65));
#7454 = CARTESIAN_POINT('',(-1.9,3.35,6.65));
#7455 = ORIENTED_EDGE('',*,*,#6278,.T.);
#7456 = CYLINDRICAL_SURFACE('',#7457,0.2);
#7457 = AXIS2_PLACEMENT_3D('',#7458,#7459,#7460);
#7458 = CARTESIAN_POINT('',(-1.9,3.55,21.57622));
#7459 = DIRECTION('',(0.,0.,-1.));
#7460 = DIRECTION('',(1.,0.,0.));
#7461 = ADVANCED_FACE('',(#7462),#7486,.T.);
#7462 = FACE_BOUND('',#7463,.T.);
#7463 = EDGE_LOOP('',(#7464,#7478,#7479,#7480));
#7464 = ORIENTED_EDGE('',*,*,#7465,.T.);
#7465 = EDGE_CURVE('',#7466,#2432,#7468,.T.);
#7466 = VERTEX_POINT('',#7467);
#7467 = CARTESIAN_POINT('',(-1.7,4.4,6.45));
#7468 = B_SPLINE_CURVE_WITH_KNOTS('',3,(#7469,#7470,#7471,#7472,#7473,
    #7474,#7475,#7476,#7477),.UNSPECIFIED.,.F.,.F.,(4,1,1,1,1,1,4),(0.,
    0.166666666667,0.333333333333,0.5,0.666666666667,0.833333333333,1.),
  .UNSPECIFIED.);
#7469 = CARTESIAN_POINT('',(-1.7,4.4,6.45));
#7470 = CARTESIAN_POINT('',(-1.7,4.420350917011,6.470350917011));
#7471 = CARTESIAN_POINT('',(-1.706214566005,4.458995384853,
    6.508995384853));
#7472 = CARTESIAN_POINT('',(-1.728939269317,4.508079764788,
    6.558079764788));
#7473 = CARTESIAN_POINT('',(-1.763017573533,4.548805162007,
    6.598805162007));
#7474 = CARTESIAN_POINT('',(-1.805109095606,4.578514285895,
    6.628514285895));
#7475 = CARTESIAN_POINT('',(-1.852693296074,4.596415787555,
    6.646415787555));
#7476 = CARTESIAN_POINT('',(-1.884475113163,4.6,6.65));
#7477 = CARTESIAN_POINT('',(-1.9,4.6,6.65));
#7478 = ORIENTED_EDGE('',*,*,#2846,.F.);
#7479 = ORIENTED_EDGE('',*,*,#7444,.F.);
#7480 = ORIENTED_EDGE('',*,*,#7481,.T.);
#7481 = EDGE_CURVE('',#7437,#7466,#7482,.T.);
#7482 = LINE('',#7483,#7484);
#7483 = CARTESIAN_POINT('',(-1.7,3.55,6.45));
#7484 = VECTOR('',#7485,1.);
#7485 = DIRECTION('',(0.,1.,0.));
#7486 = CYLINDRICAL_SURFACE('',#7487,0.2);
#7487 = AXIS2_PLACEMENT_3D('',#7488,#7489,#7490);
#7488 = CARTESIAN_POINT('',(-1.9,-32.74336,6.45));
#7489 = DIRECTION('',(0.,1.,0.));
#7490 = DIRECTION('',(0.,-0.,1.));
#7491 = ADVANCED_FACE('',(#7492),#7503,.T.);
#7492 = FACE_BOUND('',#7493,.F.);
#7493 = EDGE_LOOP('',(#7494,#7500,#7501,#7502));
#7494 = ORIENTED_EDGE('',*,*,#7495,.T.);
#7495 = EDGE_CURVE('',#7466,#5982,#7496,.T.);
#7496 = LINE('',#7497,#7498);
#7497 = CARTESIAN_POINT('',(-1.7,4.4,6.45));
#7498 = VECTOR('',#7499,1.);
#7499 = DIRECTION('',(0.,0.,-1.));
#7500 = ORIENTED_EDGE('',*,*,#5981,.T.);
#7501 = ORIENTED_EDGE('',*,*,#7436,.F.);
#7502 = ORIENTED_EDGE('',*,*,#7481,.T.);
#7503 = PLANE('',#7504);
#7504 = AXIS2_PLACEMENT_3D('',#7505,#7506,#7507);
#7505 = CARTESIAN_POINT('',(-1.7,3.35,2.4));
#7506 = DIRECTION('',(1.,0.,0.));
#7507 = DIRECTION('',(-0.,1.,0.));
#7508 = ADVANCED_FACE('',(#7509),#7526,.T.);
#7509 = FACE_BOUND('',#7510,.T.);
#7510 = EDGE_LOOP('',(#7511,#7512,#7513,#7525));
#7511 = ORIENTED_EDGE('',*,*,#7465,.F.);
#7512 = ORIENTED_EDGE('',*,*,#7495,.T.);
#7513 = ORIENTED_EDGE('',*,*,#7514,.T.);
#7514 = EDGE_CURVE('',#5982,#2424,#7515,.T.);
#7515 = B_SPLINE_CURVE_WITH_KNOTS('',3,(#7516,#7517,#7518,#7519,#7520,
    #7521,#7522,#7523,#7524),.UNSPECIFIED.,.F.,.F.,(4,1,1,1,1,1,4),(0.,
    0.166666666667,0.333333333333,0.5,0.666666666667,0.833333333333,1.),
  .UNSPECIFIED.);
#7516 = CARTESIAN_POINT('',(-1.7,4.4,2.4));
#7517 = CARTESIAN_POINT('',(-1.7,4.415524886837,2.4));
#7518 = CARTESIAN_POINT('',(-1.703584212445,4.447306703926,
    2.396415787555));
#7519 = CARTESIAN_POINT('',(-1.721485714105,4.494890904394,
    2.378514285895));
#7520 = CARTESIAN_POINT('',(-1.751194837993,4.536982426467,
    2.348805162007));
#7521 = CARTESIAN_POINT('',(-1.791920235212,4.571060730683,
    2.308079764788));
#7522 = CARTESIAN_POINT('',(-1.841004615147,4.593785433995,
    2.258995384853));
#7523 = CARTESIAN_POINT('',(-1.879649082989,4.6,2.220350917011));
#7524 = CARTESIAN_POINT('',(-1.9,4.6,2.2));
#7525 = ORIENTED_EDGE('',*,*,#2431,.F.);
#7526 = CYLINDRICAL_SURFACE('',#7527,0.2);
#7527 = AXIS2_PLACEMENT_3D('',#7528,#7529,#7530);
#7528 = CARTESIAN_POINT('',(-1.9,4.4,21.57622));
#7529 = DIRECTION('',(0.,0.,-1.));
#7530 = DIRECTION('',(0.,1.,0.));
#7531 = ADVANCED_FACE('',(#7532),#7538,.T.);
#7532 = FACE_BOUND('',#7533,.T.);
#7533 = EDGE_LOOP('',(#7534,#7535,#7536,#7537));
#7534 = ORIENTED_EDGE('',*,*,#7514,.F.);
#7535 = ORIENTED_EDGE('',*,*,#5989,.F.);
#7536 = ORIENTED_EDGE('',*,*,#2564,.F.);
#7537 = ORIENTED_EDGE('',*,*,#2423,.T.);
#7538 = CYLINDRICAL_SURFACE('',#7539,0.2);
#7539 = AXIS2_PLACEMENT_3D('',#7540,#7541,#7542);
#7540 = CARTESIAN_POINT('',(15.15024,4.4,2.2));
#7541 = DIRECTION('',(-1.,0.,0.));
#7542 = DIRECTION('',(0.,0.,1.));
#7543 = ADVANCED_FACE('',(#7544),#7563,.T.);
#7544 = FACE_BOUND('',#7545,.T.);
#7545 = EDGE_LOOP('',(#7546,#7547,#7548,#7557));
#7546 = ORIENTED_EDGE('',*,*,#2204,.F.);
#7547 = ORIENTED_EDGE('',*,*,#5455,.T.);
#7548 = ORIENTED_EDGE('',*,*,#7549,.F.);
#7549 = EDGE_CURVE('',#7550,#5456,#7552,.T.);
#7550 = VERTEX_POINT('',#7551);
#7551 = CARTESIAN_POINT('',(-1.5,-5.6,1.4));
#7552 = CIRCLE('',#7553,0.2);
#7553 = AXIS2_PLACEMENT_3D('',#7554,#7555,#7556);
#7554 = CARTESIAN_POINT('',(-1.5,-5.4,1.4));
#7555 = DIRECTION('',(0.,0.,1.));
#7556 = DIRECTION('',(0.,-1.,0.));
#7557 = ORIENTED_EDGE('',*,*,#7558,.F.);
#7558 = EDGE_CURVE('',#2197,#7550,#7559,.T.);
#7559 = LINE('',#7560,#7561);
#7560 = CARTESIAN_POINT('',(-1.5,-5.6,-4.1));
#7561 = VECTOR('',#7562,1.);
#7562 = DIRECTION('',(0.,0.,1.));
#7563 = CYLINDRICAL_SURFACE('',#7564,0.2);
#7564 = AXIS2_PLACEMENT_3D('',#7565,#7566,#7567);
#7565 = CARTESIAN_POINT('',(-1.5,-5.4,-20.1259463262));
#7566 = DIRECTION('',(0.,0.,1.));
#7567 = DIRECTION('',(0.,-1.,0.));
#7568 = ADVANCED_FACE('',(#7569),#7587,.F.);
#7569 = FACE_BOUND('',#7570,.F.);
#7570 = EDGE_LOOP('',(#7571,#7572,#7573,#7581));
#7571 = ORIENTED_EDGE('',*,*,#7558,.F.);
#7572 = ORIENTED_EDGE('',*,*,#2196,.T.);
#7573 = ORIENTED_EDGE('',*,*,#7574,.F.);
#7574 = EDGE_CURVE('',#7575,#2188,#7577,.T.);
#7575 = VERTEX_POINT('',#7576);
#7576 = CARTESIAN_POINT('',(-1.6,-5.6,1.4));
#7577 = LINE('',#7578,#7579);
#7578 = CARTESIAN_POINT('',(-1.6,-5.6,1.4));
#7579 = VECTOR('',#7580,1.);
#7580 = DIRECTION('',(0.,0.,-1.));
#7581 = ORIENTED_EDGE('',*,*,#7582,.T.);
#7582 = EDGE_CURVE('',#7575,#7550,#7583,.T.);
#7583 = LINE('',#7584,#7585);
#7584 = CARTESIAN_POINT('',(-1.6,-5.6,1.4));
#7585 = VECTOR('',#7586,1.);
#7586 = DIRECTION('',(1.,0.,0.));
#7587 = PLANE('',#7588);
#7588 = AXIS2_PLACEMENT_3D('',#7589,#7590,#7591);
#7589 = CARTESIAN_POINT('',(-1.3,-5.6,2.4));
#7590 = DIRECTION('',(0.,1.,0.));
#7591 = DIRECTION('',(-1.,0.,0.));
#7592 = ADVANCED_FACE('',(#7593),#7605,.F.);
#7593 = FACE_BOUND('',#7594,.F.);
#7594 = EDGE_LOOP('',(#7595,#7596,#7597,#7604));
#7595 = ORIENTED_EDGE('',*,*,#2187,.T.);
#7596 = ORIENTED_EDGE('',*,*,#351,.F.);
#7597 = ORIENTED_EDGE('',*,*,#7598,.T.);
#7598 = EDGE_CURVE('',#344,#7575,#7599,.T.);
#7599 = CIRCLE('',#7600,0.2);
#7600 = AXIS2_PLACEMENT_3D('',#7601,#7602,#7603);
#7601 = CARTESIAN_POINT('',(-1.6,-5.8,1.4));
#7602 = DIRECTION('',(0.,0.,-1.));
#7603 = DIRECTION('',(-1.,0.,0.));
#7604 = ORIENTED_EDGE('',*,*,#7574,.T.);
#7605 = CYLINDRICAL_SURFACE('',#7606,0.2);
#7606 = AXIS2_PLACEMENT_3D('',#7607,#7608,#7609);
#7607 = CARTESIAN_POINT('',(-1.6,-5.8,21.57622));
#7608 = DIRECTION('',(0.,0.,-1.));
#7609 = DIRECTION('',(-1.,0.,0.));
#7610 = ADVANCED_FACE('',(#7611),#7629,.T.);
#7611 = FACE_BOUND('',#7612,.T.);
#7612 = EDGE_LOOP('',(#7613,#7620,#7621,#7628));
#7613 = ORIENTED_EDGE('',*,*,#7614,.T.);
#7614 = EDGE_CURVE('',#3325,#344,#7615,.T.);
#7615 = CIRCLE('',#7616,0.2);
#7616 = AXIS2_PLACEMENT_3D('',#7617,#7618,#7619);
#7617 = CARTESIAN_POINT('',(-2.,-5.8,1.4));
#7618 = DIRECTION('',(0.,1.,0.));
#7619 = DIRECTION('',(0.,-0.,1.));
#7620 = ORIENTED_EDGE('',*,*,#7598,.T.);
#7621 = ORIENTED_EDGE('',*,*,#7622,.T.);
#7622 = EDGE_CURVE('',#7575,#3315,#7623,.T.);
#7623 = CIRCLE('',#7624,0.2);
#7624 = AXIS2_PLACEMENT_3D('',#7625,#7626,#7627);
#7625 = CARTESIAN_POINT('',(-1.6,-5.4,1.4));
#7626 = DIRECTION('',(-1.,0.,0.));
#7627 = DIRECTION('',(0.,-1.,0.));
#7628 = ORIENTED_EDGE('',*,*,#3324,.F.);
#7629 = TOROIDAL_SURFACE('',#7630,0.4,0.2);
#7630 = AXIS2_PLACEMENT_3D('',#7631,#7632,#7633);
#7631 = CARTESIAN_POINT('',(-1.6,-5.8,1.4));
#7632 = DIRECTION('',(0.,0.,-1.));
#7633 = DIRECTION('',(-1.,0.,0.));
#7634 = ADVANCED_FACE('',(#7635),#7647,.T.);
#7635 = FACE_BOUND('',#7636,.T.);
#7636 = EDGE_LOOP('',(#7637,#7638,#7639,#7640));
#7637 = ORIENTED_EDGE('',*,*,#3314,.F.);
#7638 = ORIENTED_EDGE('',*,*,#7622,.F.);
#7639 = ORIENTED_EDGE('',*,*,#7582,.T.);
#7640 = ORIENTED_EDGE('',*,*,#7641,.T.);
#7641 = EDGE_CURVE('',#7550,#3317,#7642,.T.);
#7642 = CIRCLE('',#7643,0.2);
#7643 = AXIS2_PLACEMENT_3D('',#7644,#7645,#7646);
#7644 = CARTESIAN_POINT('',(-1.5,-5.4,1.4));
#7645 = DIRECTION('',(-1.,0.,0.));
#7646 = DIRECTION('',(0.,-1.,0.));
#7647 = CYLINDRICAL_SURFACE('',#7648,0.2);
#7648 = AXIS2_PLACEMENT_3D('',#7649,#7650,#7651);
#7649 = CARTESIAN_POINT('',(-15.15024,-5.4,1.4));
#7650 = DIRECTION('',(1.,0.,0.));
#7651 = DIRECTION('',(0.,0.,1.));
#7652 = ADVANCED_FACE('',(#7653),#7664,.T.);
#7653 = FACE_BOUND('',#7654,.T.);
#7654 = EDGE_LOOP('',(#7655,#7656,#7657));
#7655 = ORIENTED_EDGE('',*,*,#7641,.F.);
#7656 = ORIENTED_EDGE('',*,*,#7549,.T.);
#7657 = ORIENTED_EDGE('',*,*,#7658,.T.);
#7658 = EDGE_CURVE('',#5456,#3317,#7659,.T.);
#7659 = CIRCLE('',#7660,0.2);
#7660 = AXIS2_PLACEMENT_3D('',#7661,#7662,#7663);
#7661 = CARTESIAN_POINT('',(-1.5,-5.4,1.4));
#7662 = DIRECTION('',(0.,-1.,0.));
#7663 = DIRECTION('',(1.,0.,0.));
#7664 = SPHERICAL_SURFACE('',#7665,0.2);
#7665 = AXIS2_PLACEMENT_3D('',#7666,#7667,#7668);
#7666 = CARTESIAN_POINT('',(-1.5,-5.4,1.4));
#7667 = DIRECTION('',(-0.707106781187,-0.707106781187,0.));
#7668 = DIRECTION('',(-0.707106781187,0.707106781187,0.));
#7669 = ADVANCED_FACE('',(#7670),#7676,.T.);
#7670 = FACE_BOUND('',#7671,.T.);
#7671 = EDGE_LOOP('',(#7672,#7673,#7674,#7675));
#7672 = ORIENTED_EDGE('',*,*,#5463,.T.);
#7673 = ORIENTED_EDGE('',*,*,#5381,.F.);
#7674 = ORIENTED_EDGE('',*,*,#3365,.F.);
#7675 = ORIENTED_EDGE('',*,*,#7658,.F.);
#7676 = CYLINDRICAL_SURFACE('',#7677,0.2);
#7677 = AXIS2_PLACEMENT_3D('',#7678,#7679,#7680);
#7678 = CARTESIAN_POINT('',(-1.5,-32.74336,1.4));
#7679 = DIRECTION('',(0.,1.,0.));
#7680 = DIRECTION('',(0.,-0.,1.));
#7681 = ADVANCED_FACE('',(#7682),#7698,.T.);
#7682 = FACE_BOUND('',#7683,.T.);
#7683 = EDGE_LOOP('',(#7684,#7695,#7696,#7697));
#7684 = ORIENTED_EDGE('',*,*,#7685,.F.);
#7685 = EDGE_CURVE('',#336,#3334,#7686,.T.);
#7686 = B_SPLINE_CURVE_WITH_KNOTS('',3,(#7687,#7688,#7689,#7690,#7691,
    #7692,#7693,#7694),.UNSPECIFIED.,.F.,.F.,(4,1,1,1,1,4),(0.,0.2,0.4,
    0.6,0.8,1.),.QUASI_UNIFORM_KNOTS.);
#7687 = CARTESIAN_POINT('',(-1.8,-7.317157287525,1.4));
#7688 = CARTESIAN_POINT('',(-1.8,-7.326331238459,1.422147876764));
#7689 = CARTESIAN_POINT('',(-1.80736886775,-7.344336369632,
    1.465616108635));
#7690 = CARTESIAN_POINT('',(-1.837903359812,-7.368055952699,
    1.522880247768));
#7691 = CARTESIAN_POINT('',(-1.884125643529,-7.386326109334,
    1.566988307703));
#7692 = CARTESIAN_POINT('',(-1.939987174161,-7.397524436138,
    1.59402346015));
#7693 = CARTESIAN_POINT('',(-1.980146064833,-7.4,1.6));
#7694 = CARTESIAN_POINT('',(-2.,-7.4,1.6));
#7695 = ORIENTED_EDGE('',*,*,#343,.T.);
#7696 = ORIENTED_EDGE('',*,*,#7614,.F.);
#7697 = ORIENTED_EDGE('',*,*,#3333,.F.);
#7698 = CYLINDRICAL_SURFACE('',#7699,0.2);
#7699 = AXIS2_PLACEMENT_3D('',#7700,#7701,#7702);
#7700 = CARTESIAN_POINT('',(-2.,-32.74336,1.4));
#7701 = DIRECTION('',(0.,1.,0.));
#7702 = DIRECTION('',(0.,-0.,1.));
#7703 = ADVANCED_FACE('',(#7704),#7725,.T.);
#7704 = FACE_BOUND('',#7705,.T.);
#7705 = EDGE_LOOP('',(#7706,#7717,#7718,#7719));
#7706 = ORIENTED_EDGE('',*,*,#7707,.T.);
#7707 = EDGE_CURVE('',#5225,#328,#7708,.T.);
#7708 = B_SPLINE_CURVE_WITH_KNOTS('',3,(#7709,#7710,#7711,#7712,#7713,
    #7714,#7715,#7716),.UNSPECIFIED.,.F.,.F.,(4,1,1,1,1,4),(0.,0.2,0.4,
    0.6,0.8,1.),.QUASI_UNIFORM_KNOTS.);
#7709 = CARTESIAN_POINT('',(-2.,-7.8,1.2));
#7710 = CARTESIAN_POINT('',(-1.980146064833,-7.8,1.2));
#7711 = CARTESIAN_POINT('',(-1.939987174161,-7.79402346015,
    1.197524436138));
#7712 = CARTESIAN_POINT('',(-1.884125643529,-7.766988307703,
    1.186326109334));
#7713 = CARTESIAN_POINT('',(-1.837903359812,-7.722880247768,
    1.168055952699));
#7714 = CARTESIAN_POINT('',(-1.80736886775,-7.665616108635,
    1.144336369632));
#7715 = CARTESIAN_POINT('',(-1.8,-7.622147876764,1.126331238459));
#7716 = CARTESIAN_POINT('',(-1.8,-7.6,1.117157287525));
#7717 = ORIENTED_EDGE('',*,*,#335,.F.);
#7718 = ORIENTED_EDGE('',*,*,#7685,.T.);
#7719 = ORIENTED_EDGE('',*,*,#7720,.T.);
#7720 = EDGE_CURVE('',#3334,#5225,#7721,.T.);
#7721 = LINE('',#7722,#7723);
#7722 = CARTESIAN_POINT('',(-2.,-7.4,1.6));
#7723 = VECTOR('',#7724,1.);
#7724 = DIRECTION('',(0.,-0.707106781187,-0.707106781187));
#7725 = CYLINDRICAL_SURFACE('',#7726,0.2);
#7726 = AXIS2_PLACEMENT_3D('',#7727,#7728,#7729);
#7727 = CARTESIAN_POINT('',(-2.,12.85906271247,21.57622));
#7728 = DIRECTION('',(0.,-0.707106781187,-0.707106781187));
#7729 = DIRECTION('',(1.,0.,0.));
#7730 = ADVANCED_FACE('',(#7731),#7737,.T.);
#7731 = FACE_BOUND('',#7732,.F.);
#7732 = EDGE_LOOP('',(#7733,#7734,#7735,#7736));
#7733 = ORIENTED_EDGE('',*,*,#5282,.T.);
#7734 = ORIENTED_EDGE('',*,*,#3341,.T.);
#7735 = ORIENTED_EDGE('',*,*,#7720,.T.);
#7736 = ORIENTED_EDGE('',*,*,#5224,.F.);
#7737 = PLANE('',#7738);
#7738 = AXIS2_PLACEMENT_3D('',#7739,#7740,#7741);
#7739 = CARTESIAN_POINT('',(-2.6,-7.6,1.4));
#7740 = DIRECTION('',(0.,-0.707106781187,0.707106781187));
#7741 = DIRECTION('',(0.,-0.707106781187,-0.707106781187));
#7742 = ADVANCED_FACE('',(#7743),#7749,.T.);
#7743 = FACE_BOUND('',#7744,.T.);
#7744 = EDGE_LOOP('',(#7745,#7746,#7747,#7748));
#7745 = ORIENTED_EDGE('',*,*,#327,.T.);
#7746 = ORIENTED_EDGE('',*,*,#7707,.F.);
#7747 = ORIENTED_EDGE('',*,*,#5232,.F.);
#7748 = ORIENTED_EDGE('',*,*,#78,.F.);
#7749 = CYLINDRICAL_SURFACE('',#7750,0.2);
#7750 = AXIS2_PLACEMENT_3D('',#7751,#7752,#7753);
#7751 = CARTESIAN_POINT('',(-2.,-7.6,-19.72622));
#7752 = DIRECTION('',(0.,0.,1.));
#7753 = DIRECTION('',(0.,-1.,0.));
#7754 = ADVANCED_FACE('',(#7755),#7767,.T.);
#7755 = FACE_BOUND('',#7756,.T.);
#7756 = EDGE_LOOP('',(#7757,#7758,#7759,#7766));
#7757 = ORIENTED_EDGE('',*,*,#5150,.F.);
#7758 = ORIENTED_EDGE('',*,*,#4145,.T.);
#7759 = ORIENTED_EDGE('',*,*,#7760,.F.);
#7760 = EDGE_CURVE('',#3162,#4137,#7761,.T.);
#7761 = CIRCLE('',#7762,0.2);
#7762 = AXIS2_PLACEMENT_3D('',#7763,#7764,#7765);
#7763 = CARTESIAN_POINT('',(3.2,-4.8,1.4));
#7764 = DIRECTION('',(0.,1.,0.));
#7765 = DIRECTION('',(0.,-0.,1.));
#7766 = ORIENTED_EDGE('',*,*,#3275,.F.);
#7767 = CYLINDRICAL_SURFACE('',#7768,0.2);
#7768 = AXIS2_PLACEMENT_3D('',#7769,#7770,#7771);
#7769 = CARTESIAN_POINT('',(3.2,-32.74336,1.4));
#7770 = DIRECTION('',(0.,1.,0.));
#7771 = DIRECTION('',(0.,-0.,1.));
#7772 = ADVANCED_FACE('',(#7773),#7785,.T.);
#7773 = FACE_BOUND('',#7774,.T.);
#7774 = EDGE_LOOP('',(#7775,#7782,#7783,#7784));
#7775 = ORIENTED_EDGE('',*,*,#7776,.T.);
#7776 = EDGE_CURVE('',#4129,#3057,#7777,.T.);
#7777 = CIRCLE('',#7778,0.2);
#7778 = AXIS2_PLACEMENT_3D('',#7779,#7780,#7781);
#7779 = CARTESIAN_POINT('',(3.2,-4.4,1.8));
#7780 = DIRECTION('',(0.,0.,-1.));
#7781 = DIRECTION('',(1.,0.,0.));
#7782 = ORIENTED_EDGE('',*,*,#3171,.T.);
#7783 = ORIENTED_EDGE('',*,*,#7760,.T.);
#7784 = ORIENTED_EDGE('',*,*,#4136,.F.);
#7785 = TOROIDAL_SURFACE('',#7786,0.4,0.2);
#7786 = AXIS2_PLACEMENT_3D('',#7787,#7788,#7789);
#7787 = CARTESIAN_POINT('',(3.2,-4.8,1.8));
#7788 = DIRECTION('',(1.,0.,0.));
#7789 = DIRECTION('',(0.,0.,-1.));
#7790 = ADVANCED_FACE('',(#7791),#7797,.T.);
#7791 = FACE_BOUND('',#7792,.T.);
#7792 = EDGE_LOOP('',(#7793,#7794,#7795,#7796));
#7793 = ORIENTED_EDGE('',*,*,#3056,.T.);
#7794 = ORIENTED_EDGE('',*,*,#7776,.F.);
#7795 = ORIENTED_EDGE('',*,*,#4128,.F.);
#7796 = ORIENTED_EDGE('',*,*,#2765,.F.);
#7797 = CYLINDRICAL_SURFACE('',#7798,0.2);
#7798 = AXIS2_PLACEMENT_3D('',#7799,#7800,#7801);
#7799 = CARTESIAN_POINT('',(3.2,-4.4,21.57622));
#7800 = DIRECTION('',(0.,0.,-1.));
#7801 = DIRECTION('',(1.,0.,0.));
#7802 = ADVANCED_FACE('',(#7803),#7809,.T.);
#7803 = FACE_BOUND('',#7804,.T.);
#7804 = EDGE_LOOP('',(#7805,#7806,#7807,#7808));
#7805 = ORIENTED_EDGE('',*,*,#3268,.F.);
#7806 = ORIENTED_EDGE('',*,*,#3134,.F.);
#7807 = ORIENTED_EDGE('',*,*,#2367,.T.);
#7808 = ORIENTED_EDGE('',*,*,#5016,.T.);
#7809 = CYLINDRICAL_SURFACE('',#7810,0.2);
#7810 = AXIS2_PLACEMENT_3D('',#7811,#7812,#7813);
#7811 = CARTESIAN_POINT('',(1.5,30.74336,1.4));
#7812 = DIRECTION('',(0.,-1.,0.));
#7813 = DIRECTION('',(0.,0.,1.));
#7814 = ADVANCED_FACE('',(#7815),#7821,.F.);
#7815 = FACE_BOUND('',#7816,.F.);
#7816 = EDGE_LOOP('',(#7817,#7818,#7819,#7820));
#7817 = ORIENTED_EDGE('',*,*,#101,.F.);
#7818 = ORIENTED_EDGE('',*,*,#4168,.T.);
#7819 = ORIENTED_EDGE('',*,*,#542,.T.);
#7820 = ORIENTED_EDGE('',*,*,#4905,.T.);
#7821 = CYLINDRICAL_SURFACE('',#7822,0.2);
#7822 = AXIS2_PLACEMENT_3D('',#7823,#7824,#7825);
#7823 = CARTESIAN_POINT('',(15.15024,-7.,-0.2));
#7824 = DIRECTION('',(-1.,0.,0.));
#7825 = DIRECTION('',(0.,0.,1.));
#7826 = ADVANCED_FACE('',(#7827),#7839,.T.);
#7827 = FACE_BOUND('',#7828,.T.);
#7828 = EDGE_LOOP('',(#7829,#7830,#7837,#7838));
#7829 = ORIENTED_EDGE('',*,*,#4080,.F.);
#7830 = ORIENTED_EDGE('',*,*,#7831,.F.);
#7831 = EDGE_CURVE('',#2520,#4072,#7832,.T.);
#7832 = CIRCLE('',#7833,0.2);
#7833 = AXIS2_PLACEMENT_3D('',#7834,#7835,#7836);
#7834 = CARTESIAN_POINT('',(3.2,4.4,1.8));
#7835 = DIRECTION('',(0.,0.,-1.));
#7836 = DIRECTION('',(0.,1.,0.));
#7837 = ORIENTED_EDGE('',*,*,#2527,.T.);
#7838 = ORIENTED_EDGE('',*,*,#2790,.F.);
#7839 = CYLINDRICAL_SURFACE('',#7840,0.2);
#7840 = AXIS2_PLACEMENT_3D('',#7841,#7842,#7843);
#7841 = CARTESIAN_POINT('',(3.2,4.4,-19.72622));
#7842 = DIRECTION('',(0.,0.,1.));
#7843 = DIRECTION('',(1.,0.,-0.));
#7844 = ADVANCED_FACE('',(#7845),#7863,.T.);
#7845 = FACE_BOUND('',#7846,.T.);
#7846 = EDGE_LOOP('',(#7847,#7854,#7861,#7862));
#7847 = ORIENTED_EDGE('',*,*,#7848,.T.);
#7848 = EDGE_CURVE('',#4064,#3205,#7849,.T.);
#7849 = CIRCLE('',#7850,0.2);
#7850 = AXIS2_PLACEMENT_3D('',#7851,#7852,#7853);
#7851 = CARTESIAN_POINT('',(3.2,4.8,1.4));
#7852 = DIRECTION('',(0.,-1.,0.));
#7853 = DIRECTION('',(1.,0.,0.));
#7854 = ORIENTED_EDGE('',*,*,#7855,.T.);
#7855 = EDGE_CURVE('',#3205,#2520,#7856,.T.);
#7856 = CIRCLE('',#7857,0.2);
#7857 = AXIS2_PLACEMENT_3D('',#7858,#7859,#7860);
#7858 = CARTESIAN_POINT('',(3.2,4.8,1.8));
#7859 = DIRECTION('',(-1.,0.,0.));
#7860 = DIRECTION('',(0.,0.,-1.));
#7861 = ORIENTED_EDGE('',*,*,#7831,.T.);
#7862 = ORIENTED_EDGE('',*,*,#4071,.F.);
#7863 = TOROIDAL_SURFACE('',#7864,0.4,0.2);
#7864 = AXIS2_PLACEMENT_3D('',#7865,#7866,#7867);
#7865 = CARTESIAN_POINT('',(3.2,4.8,1.8));
#7866 = DIRECTION('',(-1.,0.,0.));
#7867 = DIRECTION('',(0.,0.,-1.));
#7868 = ADVANCED_FACE('',(#7869),#7875,.F.);
#7869 = FACE_BOUND('',#7870,.F.);
#7870 = EDGE_LOOP('',(#7871,#7872,#7873,#7874));
#7871 = ORIENTED_EDGE('',*,*,#3212,.F.);
#7872 = ORIENTED_EDGE('',*,*,#7855,.T.);
#7873 = ORIENTED_EDGE('',*,*,#2519,.T.);
#7874 = ORIENTED_EDGE('',*,*,#3899,.T.);
#7875 = CYLINDRICAL_SURFACE('',#7876,0.2);
#7876 = AXIS2_PLACEMENT_3D('',#7877,#7878,#7879);
#7877 = CARTESIAN_POINT('',(15.15024,4.8,1.8));
#7878 = DIRECTION('',(-1.,0.,0.));
#7879 = DIRECTION('',(0.,0.,-1.));
#7880 = ADVANCED_FACE('',(#7881),#7897,.T.);
#7881 = FACE_BOUND('',#7882,.T.);
#7882 = EDGE_LOOP('',(#7883,#7894,#7895,#7896));
#7883 = ORIENTED_EDGE('',*,*,#7884,.F.);
#7884 = EDGE_CURVE('',#3197,#4056,#7885,.T.);
#7885 = B_SPLINE_CURVE_WITH_KNOTS('',3,(#7886,#7887,#7888,#7889,#7890,
    #7891,#7892,#7893),.UNSPECIFIED.,.F.,.F.,(4,1,1,1,1,4),(0.,0.2,0.4,
    0.6,0.8,1.),.QUASI_UNIFORM_KNOTS.);
#7886 = CARTESIAN_POINT('',(3.2,7.4,1.6));
#7887 = CARTESIAN_POINT('',(3.219853935167,7.4,1.6));
#7888 = CARTESIAN_POINT('',(3.260012825839,7.397524436138,1.59402346015)
  );
#7889 = CARTESIAN_POINT('',(3.315874356471,7.386326109334,1.566988307703
    ));
#7890 = CARTESIAN_POINT('',(3.362096640188,7.368055952699,1.522880247768
    ));
#7891 = CARTESIAN_POINT('',(3.39263113225,7.344336369632,1.465616108635)
  );
#7892 = CARTESIAN_POINT('',(3.4,7.326331238459,1.422147876764));
#7893 = CARTESIAN_POINT('',(3.4,7.317157287525,1.4));
#7894 = ORIENTED_EDGE('',*,*,#3204,.F.);
#7895 = ORIENTED_EDGE('',*,*,#7848,.F.);
#7896 = ORIENTED_EDGE('',*,*,#4063,.T.);
#7897 = CYLINDRICAL_SURFACE('',#7898,0.2);
#7898 = AXIS2_PLACEMENT_3D('',#7899,#7900,#7901);
#7899 = CARTESIAN_POINT('',(3.2,-32.74336,1.4));
#7900 = DIRECTION('',(0.,1.,0.));
#7901 = DIRECTION('',(0.,-0.,1.));
#7902 = ADVANCED_FACE('',(#7903),#7926,.T.);
#7903 = FACE_BOUND('',#7904,.T.);
#7904 = EDGE_LOOP('',(#7905,#7918,#7924,#7925));
#7905 = ORIENTED_EDGE('',*,*,#7906,.F.);
#7906 = EDGE_CURVE('',#7907,#4048,#7909,.T.);
#7907 = VERTEX_POINT('',#7908);
#7908 = CARTESIAN_POINT('',(3.2,7.8,1.2));
#7909 = B_SPLINE_CURVE_WITH_KNOTS('',3,(#7910,#7911,#7912,#7913,#7914,
    #7915,#7916,#7917),.UNSPECIFIED.,.F.,.F.,(4,1,1,1,1,4),(0.,0.2,0.4,
    0.6,0.8,1.),.QUASI_UNIFORM_KNOTS.);
#7910 = CARTESIAN_POINT('',(3.2,7.8,1.2));
#7911 = CARTESIAN_POINT('',(3.219853935167,7.8,1.2));
#7912 = CARTESIAN_POINT('',(3.260012825839,7.79402346015,1.197524436138)
  );
#7913 = CARTESIAN_POINT('',(3.315874356471,7.766988307703,1.186326109334
    ));
#7914 = CARTESIAN_POINT('',(3.362096640188,7.722880247768,1.168055952699
    ));
#7915 = CARTESIAN_POINT('',(3.39263113225,7.665616108635,1.144336369632)
  );
#7916 = CARTESIAN_POINT('',(3.4,7.622147876764,1.126331238459));
#7917 = CARTESIAN_POINT('',(3.4,7.6,1.117157287525));
#7918 = ORIENTED_EDGE('',*,*,#7919,.T.);
#7919 = EDGE_CURVE('',#7907,#3197,#7920,.T.);
#7920 = LINE('',#7921,#7922);
#7921 = CARTESIAN_POINT('',(3.2,7.8,1.2));
#7922 = VECTOR('',#7923,1.);
#7923 = DIRECTION('',(0.,-0.707106781187,0.707106781187));
#7924 = ORIENTED_EDGE('',*,*,#7884,.T.);
#7925 = ORIENTED_EDGE('',*,*,#4055,.F.);
#7926 = CYLINDRICAL_SURFACE('',#7927,0.2);
#7927 = AXIS2_PLACEMENT_3D('',#7928,#7929,#7930);
#7928 = CARTESIAN_POINT('',(3.2,28.44337728753,-19.72622));
#7929 = DIRECTION('',(0.,-0.707106781187,0.707106781187));
#7930 = DIRECTION('',(1.,0.,0.));
#7931 = ADVANCED_FACE('',(#7932),#7950,.T.);
#7932 = FACE_BOUND('',#7933,.F.);
#7933 = EDGE_LOOP('',(#7934,#7942,#7948,#7949));
#7934 = ORIENTED_EDGE('',*,*,#7935,.T.);
#7935 = EDGE_CURVE('',#3187,#7936,#7938,.T.);
#7936 = VERTEX_POINT('',#7937);
#7937 = CARTESIAN_POINT('',(-3.2,7.8,1.2));
#7938 = LINE('',#7939,#7940);
#7939 = CARTESIAN_POINT('',(-3.2,7.4,1.6));
#7940 = VECTOR('',#7941,1.);
#7941 = DIRECTION('',(0.,0.707106781187,-0.707106781187));
#7942 = ORIENTED_EDGE('',*,*,#7943,.F.);
#7943 = EDGE_CURVE('',#7907,#7936,#7944,.T.);
#7944 = LINE('',#7945,#7946);
#7945 = CARTESIAN_POINT('',(3.2,7.8,1.2));
#7946 = VECTOR('',#7947,1.);
#7947 = DIRECTION('',(-1.,0.,0.));
#7948 = ORIENTED_EDGE('',*,*,#7919,.T.);
#7949 = ORIENTED_EDGE('',*,*,#3196,.T.);
#7950 = PLANE('',#7951);
#7951 = AXIS2_PLACEMENT_3D('',#7952,#7953,#7954);
#7952 = CARTESIAN_POINT('',(0.,7.6,1.4));
#7953 = DIRECTION('',(0.,0.707106781187,0.707106781187));
#7954 = DIRECTION('',(0.,0.707106781187,-0.707106781187));
#7955 = ADVANCED_FACE('',(#7956),#7972,.T.);
#7956 = FACE_BOUND('',#7957,.T.);
#7957 = EDGE_LOOP('',(#7958,#7969,#7970,#7971));
#7958 = ORIENTED_EDGE('',*,*,#7959,.T.);
#7959 = EDGE_CURVE('',#7936,#798,#7960,.T.);
#7960 = B_SPLINE_CURVE_WITH_KNOTS('',3,(#7961,#7962,#7963,#7964,#7965,
    #7966,#7967,#7968),.UNSPECIFIED.,.F.,.F.,(4,1,1,1,1,4),(0.,0.2,0.4,
    0.6,0.8,1.),.QUASI_UNIFORM_KNOTS.);
#7961 = CARTESIAN_POINT('',(-3.2,7.8,1.2));
#7962 = CARTESIAN_POINT('',(-3.219853935167,7.8,1.2));
#7963 = CARTESIAN_POINT('',(-3.260012825839,7.79402346015,1.197524436138
    ));
#7964 = CARTESIAN_POINT('',(-3.315874356471,7.766988307703,
    1.186326109334));
#7965 = CARTESIAN_POINT('',(-3.362096640188,7.722880247768,
    1.168055952699));
#7966 = CARTESIAN_POINT('',(-3.39263113225,7.665616108635,1.144336369632
    ));
#7967 = CARTESIAN_POINT('',(-3.4,7.622147876764,1.126331238459));
#7968 = CARTESIAN_POINT('',(-3.4,7.6,1.117157287525));
#7969 = ORIENTED_EDGE('',*,*,#797,.F.);
#7970 = ORIENTED_EDGE('',*,*,#3379,.T.);
#7971 = ORIENTED_EDGE('',*,*,#7935,.T.);
#7972 = CYLINDRICAL_SURFACE('',#7973,0.2);
#7973 = AXIS2_PLACEMENT_3D('',#7974,#7975,#7976);
#7974 = CARTESIAN_POINT('',(-3.2,-12.85906271247,21.57622));
#7975 = DIRECTION('',(0.,0.707106781187,-0.707106781187));
#7976 = DIRECTION('',(-1.,0.,0.));
#7977 = ADVANCED_FACE('',(#7978),#7989,.T.);
#7978 = FACE_BOUND('',#7979,.T.);
#7979 = EDGE_LOOP('',(#7980,#7981,#7982,#7988));
#7980 = ORIENTED_EDGE('',*,*,#805,.F.);
#7981 = ORIENTED_EDGE('',*,*,#7959,.F.);
#7982 = ORIENTED_EDGE('',*,*,#7983,.T.);
#7983 = EDGE_CURVE('',#7936,#162,#7984,.T.);
#7984 = LINE('',#7985,#7986);
#7985 = CARTESIAN_POINT('',(-3.2,7.8,1.2));
#7986 = VECTOR('',#7987,1.);
#7987 = DIRECTION('',(0.,0.,-1.));
#7988 = ORIENTED_EDGE('',*,*,#159,.F.);
#7989 = CYLINDRICAL_SURFACE('',#7990,0.2);
#7990 = AXIS2_PLACEMENT_3D('',#7991,#7992,#7993);
#7991 = CARTESIAN_POINT('',(-3.2,7.6,21.57622));
#7992 = DIRECTION('',(0.,0.,-1.));
#7993 = DIRECTION('',(-1.,0.,0.));
#7994 = ADVANCED_FACE('',(#7995),#8006,.T.);
#7995 = FACE_BOUND('',#7996,.F.);
#7996 = EDGE_LOOP('',(#7997,#7998,#7999,#8005));
#7997 = ORIENTED_EDGE('',*,*,#7983,.T.);
#7998 = ORIENTED_EDGE('',*,*,#253,.F.);
#7999 = ORIENTED_EDGE('',*,*,#8000,.F.);
#8000 = EDGE_CURVE('',#7907,#245,#8001,.T.);
#8001 = LINE('',#8002,#8003);
#8002 = CARTESIAN_POINT('',(3.2,7.8,1.2));
#8003 = VECTOR('',#8004,1.);
#8004 = DIRECTION('',(0.,0.,-1.));
#8005 = ORIENTED_EDGE('',*,*,#7943,.T.);
#8006 = PLANE('',#8007);
#8007 = AXIS2_PLACEMENT_3D('',#8008,#8009,#8010);
#8008 = CARTESIAN_POINT('',(3.4,7.8,0.));
#8009 = DIRECTION('',(0.,1.,0.));
#8010 = DIRECTION('',(-1.,0.,0.));
#8011 = ADVANCED_FACE('',(#8012),#8018,.T.);
#8012 = FACE_BOUND('',#8013,.T.);
#8013 = EDGE_LOOP('',(#8014,#8015,#8016,#8017));
#8014 = ORIENTED_EDGE('',*,*,#8000,.F.);
#8015 = ORIENTED_EDGE('',*,*,#7906,.T.);
#8016 = ORIENTED_EDGE('',*,*,#4047,.T.);
#8017 = ORIENTED_EDGE('',*,*,#244,.F.);
#8018 = CYLINDRICAL_SURFACE('',#8019,0.2);
#8019 = AXIS2_PLACEMENT_3D('',#8020,#8021,#8022);
#8020 = CARTESIAN_POINT('',(3.2,7.6,21.57622));
#8021 = DIRECTION('',(0.,0.,-1.));
#8022 = DIRECTION('',(0.,1.,0.));
#8023 = ADVANCED_FACE('',(#8024),#8030,.F.);
#8024 = FACE_BOUND('',#8025,.F.);
#8025 = EDGE_LOOP('',(#8026,#8027,#8028,#8029));
#8026 = ORIENTED_EDGE('',*,*,#203,.T.);
#8027 = ORIENTED_EDGE('',*,*,#3490,.F.);
#8028 = ORIENTED_EDGE('',*,*,#3228,.F.);
#8029 = ORIENTED_EDGE('',*,*,#3892,.T.);
#8030 = PLANE('',#8031);
#8031 = AXIS2_PLACEMENT_3D('',#8032,#8033,#8034);
#8032 = CARTESIAN_POINT('',(1.7,7.,1.6));
#8033 = DIRECTION('',(0.,1.,0.));
#8034 = DIRECTION('',(-1.,0.,0.));
#8035 = ADVANCED_FACE('',(#8036),#8042,.T.);
#8036 = FACE_BOUND('',#8037,.T.);
#8037 = EDGE_LOOP('',(#8038,#8039,#8040,#8041));
#8038 = ORIENTED_EDGE('',*,*,#2447,.T.);
#8039 = ORIENTED_EDGE('',*,*,#3407,.F.);
#8040 = ORIENTED_EDGE('',*,*,#772,.F.);
#8041 = ORIENTED_EDGE('',*,*,#2886,.F.);
#8042 = CYLINDRICAL_SURFACE('',#8043,0.2);
#8043 = AXIS2_PLACEMENT_3D('',#8044,#8045,#8046);
#8044 = CARTESIAN_POINT('',(-3.2,4.4,21.57622));
#8045 = DIRECTION('',(0.,0.,-1.));
#8046 = DIRECTION('',(-1.,0.,0.));
#8047 = ADVANCED_FACE('',(#8048),#8054,.F.);
#8048 = FACE_BOUND('',#8049,.F.);
#8049 = EDGE_LOOP('',(#8050,#8051,#8052,#8053));
#8050 = ORIENTED_EDGE('',*,*,#2177,.F.);
#8051 = ORIENTED_EDGE('',*,*,#1634,.F.);
#8052 = ORIENTED_EDGE('',*,*,#1664,.T.);
#8053 = ORIENTED_EDGE('',*,*,#1711,.T.);
#8054 = CYLINDRICAL_SURFACE('',#8055,0.2);
#8055 = AXIS2_PLACEMENT_3D('',#8056,#8057,#8058);
#8056 = CARTESIAN_POINT('',(15.15024,-8.6,-3.9));
#8057 = DIRECTION('',(-1.,0.,0.));
#8058 = DIRECTION('',(0.,0.,-1.));
#8059 = ADVANCED_FACE('',(#8060),#8095,.T.);
#8060 = FACE_BOUND('',#8061,.F.);
#8061 = EDGE_LOOP('',(#8062,#8071,#8079,#8087,#8093,#8094));
#8062 = ORIENTED_EDGE('',*,*,#8063,.F.);
#8063 = EDGE_CURVE('',#8064,#1196,#8066,.T.);
#8064 = VERTEX_POINT('',#8065);
#8065 = CARTESIAN_POINT('',(3.4,-9.8,-4.6));
#8066 = CIRCLE('',#8067,0.2);
#8067 = AXIS2_PLACEMENT_3D('',#8068,#8069,#8070);
#8068 = CARTESIAN_POINT('',(3.4,-9.6,-4.6));
#8069 = DIRECTION('',(1.,0.,0.));
#8070 = DIRECTION('',(0.,-1.,0.));
#8071 = ORIENTED_EDGE('',*,*,#8072,.T.);
#8072 = EDGE_CURVE('',#8064,#8073,#8075,.T.);
#8073 = VERTEX_POINT('',#8074);
#8074 = CARTESIAN_POINT('',(3.4,-9.8,-3.33));
#8075 = LINE('',#8076,#8077);
#8076 = CARTESIAN_POINT('',(3.4,-9.8,-4.6));
#8077 = VECTOR('',#8078,1.);
#8078 = DIRECTION('',(0.,0.,1.));
#8079 = ORIENTED_EDGE('',*,*,#8080,.F.);
#8080 = EDGE_CURVE('',#8081,#8073,#8083,.T.);
#8081 = VERTEX_POINT('',#8082);
#8082 = CARTESIAN_POINT('',(3.4,-9.57,-3.1));
#8083 = LINE('',#8084,#8085);
#8084 = CARTESIAN_POINT('',(3.4,-9.57,-3.1));
#8085 = VECTOR('',#8086,1.);
#8086 = DIRECTION('',(0.,-0.707106781187,-0.707106781187));
#8087 = ORIENTED_EDGE('',*,*,#8088,.F.);
#8088 = EDGE_CURVE('',#1673,#8081,#8089,.T.);
#8089 = LINE('',#8090,#8091);
#8090 = CARTESIAN_POINT('',(3.4,-8.8,-3.4));
#8091 = VECTOR('',#8092,1.);
#8092 = DIRECTION('',(0.,-0.931777391985,0.363030152722));
#8093 = ORIENTED_EDGE('',*,*,#1672,.F.);
#8094 = ORIENTED_EDGE('',*,*,#1203,.T.);
#8095 = PLANE('',#8096);
#8096 = AXIS2_PLACEMENT_3D('',#8097,#8098,#8099);
#8097 = CARTESIAN_POINT('',(3.4,-8.8,-4.8));
#8098 = DIRECTION('',(1.,0.,0.));
#8099 = DIRECTION('',(0.,0.,1.));
#8100 = ADVANCED_FACE('',(#8101),#8120,.T.);
#8101 = FACE_BOUND('',#8102,.T.);
#8102 = EDGE_LOOP('',(#8103,#8111,#8118,#8119));
#8103 = ORIENTED_EDGE('',*,*,#8104,.F.);
#8104 = EDGE_CURVE('',#8105,#8064,#8107,.T.);
#8105 = VERTEX_POINT('',#8106);
#8106 = CARTESIAN_POINT('',(-3.4,-9.8,-4.6));
#8107 = LINE('',#8108,#8109);
#8108 = CARTESIAN_POINT('',(-3.4,-9.8,-4.6));
#8109 = VECTOR('',#8110,1.);
#8110 = DIRECTION('',(1.,0.,0.));
#8111 = ORIENTED_EDGE('',*,*,#8112,.F.);
#8112 = EDGE_CURVE('',#1188,#8105,#8113,.T.);
#8113 = CIRCLE('',#8114,0.2);
#8114 = AXIS2_PLACEMENT_3D('',#8115,#8116,#8117);
#8115 = CARTESIAN_POINT('',(-3.4,-9.6,-4.6));
#8116 = DIRECTION('',(-1.,0.,0.));
#8117 = DIRECTION('',(0.,0.,-1.));
#8118 = ORIENTED_EDGE('',*,*,#1195,.T.);
#8119 = ORIENTED_EDGE('',*,*,#8063,.F.);
#8120 = CYLINDRICAL_SURFACE('',#8121,0.2);
#8121 = AXIS2_PLACEMENT_3D('',#8122,#8123,#8124);
#8122 = CARTESIAN_POINT('',(-15.15024,-9.6,-4.6));
#8123 = DIRECTION('',(1.,0.,0.));
#8124 = DIRECTION('',(0.,-1.,0.));
#8125 = ADVANCED_FACE('',(#8126),#8153,.T.);
#8126 = FACE_BOUND('',#8127,.F.);
#8127 = EDGE_LOOP('',(#8128,#8129,#8130,#8131,#8139,#8147));
#8128 = ORIENTED_EDGE('',*,*,#8112,.F.);
#8129 = ORIENTED_EDGE('',*,*,#1187,.F.);
#8130 = ORIENTED_EDGE('',*,*,#1688,.F.);
#8131 = ORIENTED_EDGE('',*,*,#8132,.F.);
#8132 = EDGE_CURVE('',#8133,#1681,#8135,.T.);
#8133 = VERTEX_POINT('',#8134);
#8134 = CARTESIAN_POINT('',(-3.4,-9.57,-3.1));
#8135 = LINE('',#8136,#8137);
#8136 = CARTESIAN_POINT('',(-3.4,-9.57,-3.1));
#8137 = VECTOR('',#8138,1.);
#8138 = DIRECTION('',(0.,0.931777391985,-0.363030152722));
#8139 = ORIENTED_EDGE('',*,*,#8140,.F.);
#8140 = EDGE_CURVE('',#8141,#8133,#8143,.T.);
#8141 = VERTEX_POINT('',#8142);
#8142 = CARTESIAN_POINT('',(-3.4,-9.8,-3.33));
#8143 = LINE('',#8144,#8145);
#8144 = CARTESIAN_POINT('',(-3.4,-9.8,-3.33));
#8145 = VECTOR('',#8146,1.);
#8146 = DIRECTION('',(0.,0.707106781187,0.707106781187));
#8147 = ORIENTED_EDGE('',*,*,#8148,.T.);
#8148 = EDGE_CURVE('',#8141,#8105,#8149,.T.);
#8149 = LINE('',#8150,#8151);
#8150 = CARTESIAN_POINT('',(-3.4,-9.8,-3.33));
#8151 = VECTOR('',#8152,1.);
#8152 = DIRECTION('',(0.,0.,-1.));
#8153 = PLANE('',#8154);
#8154 = AXIS2_PLACEMENT_3D('',#8155,#8156,#8157);
#8155 = CARTESIAN_POINT('',(-3.4,-8.8,-3.1));
#8156 = DIRECTION('',(-1.,0.,0.));
#8157 = DIRECTION('',(0.,0.,-1.));
#8158 = ADVANCED_FACE('',(#8159),#8170,.T.);
#8159 = FACE_BOUND('',#8160,.F.);
#8160 = EDGE_LOOP('',(#8161,#8162,#8168,#8169));
#8161 = ORIENTED_EDGE('',*,*,#8088,.T.);
#8162 = ORIENTED_EDGE('',*,*,#8163,.F.);
#8163 = EDGE_CURVE('',#8133,#8081,#8164,.T.);
#8164 = LINE('',#8165,#8166);
#8165 = CARTESIAN_POINT('',(-3.4,-9.57,-3.1));
#8166 = VECTOR('',#8167,1.);
#8167 = DIRECTION('',(1.,0.,0.));
#8168 = ORIENTED_EDGE('',*,*,#8132,.T.);
#8169 = ORIENTED_EDGE('',*,*,#1680,.T.);
#8170 = PLANE('',#8171);
#8171 = AXIS2_PLACEMENT_3D('',#8172,#8173,#8174);
#8172 = CARTESIAN_POINT('',(0.,-9.185,-3.25));
#8173 = DIRECTION('',(0.,0.363030152722,0.931777391985));
#8174 = DIRECTION('',(0.,-0.931777391985,0.363030152722));
#8175 = ADVANCED_FACE('',(#8176),#8187,.T.);
#8176 = FACE_BOUND('',#8177,.F.);
#8177 = EDGE_LOOP('',(#8178,#8179,#8180,#8186));
#8178 = ORIENTED_EDGE('',*,*,#8163,.T.);
#8179 = ORIENTED_EDGE('',*,*,#8080,.T.);
#8180 = ORIENTED_EDGE('',*,*,#8181,.T.);
#8181 = EDGE_CURVE('',#8073,#8141,#8182,.T.);
#8182 = LINE('',#8183,#8184);
#8183 = CARTESIAN_POINT('',(3.4,-9.8,-3.33));
#8184 = VECTOR('',#8185,1.);
#8185 = DIRECTION('',(-1.,0.,0.));
#8186 = ORIENTED_EDGE('',*,*,#8140,.T.);
#8187 = PLANE('',#8188);
#8188 = AXIS2_PLACEMENT_3D('',#8189,#8190,#8191);
#8189 = CARTESIAN_POINT('',(0.,-9.685,-3.215));
#8190 = DIRECTION('',(0.,-0.707106781187,0.707106781187));
#8191 = DIRECTION('',(0.,0.707106781187,0.707106781187));
#8192 = ADVANCED_FACE('',(#8193),#8199,.T.);
#8193 = FACE_BOUND('',#8194,.F.);
#8194 = EDGE_LOOP('',(#8195,#8196,#8197,#8198));
#8195 = ORIENTED_EDGE('',*,*,#8104,.F.);
#8196 = ORIENTED_EDGE('',*,*,#8148,.F.);
#8197 = ORIENTED_EDGE('',*,*,#8181,.F.);
#8198 = ORIENTED_EDGE('',*,*,#8072,.F.);
#8199 = PLANE('',#8200);
#8200 = AXIS2_PLACEMENT_3D('',#8201,#8202,#8203);
#8201 = CARTESIAN_POINT('',(0.,-9.8,-4.1));
#8202 = DIRECTION('',(0.,-1.,0.));
#8203 = DIRECTION('',(1.,0.,0.));
#8204 = ( GEOMETRIC_REPRESENTATION_CONTEXT(3) 
GLOBAL_UNCERTAINTY_ASSIGNED_CONTEXT((#8208)) 
GLOBAL_UNIT_ASSIGNED_CONTEXT((#8205,#8206,#8207)) REPRESENTATION_CONTEXT
('Context #1','3D Context with UNIT and UNCERTAINTY') );
#8205 = ( LENGTH_UNIT() NAMED_UNIT(*) SI_UNIT(.MILLI.,.METRE.) );
#8206 = ( NAMED_UNIT(*) PLANE_ANGLE_UNIT() SI_UNIT($,.RADIAN.) );
#8207 = ( NAMED_UNIT(*) SI_UNIT($,.STERADIAN.) SOLID_ANGLE_UNIT() );
#8208 = UNCERTAINTY_MEASURE_WITH_UNIT(LENGTH_MEASURE(1.E-05),#8205,
  'distance_accuracy_value','confusion accuracy');
#8209 = CONTEXT_DEPENDENT_SHAPE_REPRESENTATION(#8210,#8212);
#8210 = ( REPRESENTATION_RELATIONSHIP('','',#36,#10) 
REPRESENTATION_RELATIONSHIP_WITH_TRANSFORMATION(#8211) 
SHAPE_REPRESENTATION_RELATIONSHIP() );
#8211 = ITEM_DEFINED_TRANSFORMATION('','',#11,#15);
#8212 = PRODUCT_DEFINITION_SHAPE('Placement','Placement of an item',
  #8213);
#8213 = NEXT_ASSEMBLY_USAGE_OCCURRENCE('3','Cherry_Stabilizer','',#5,#31
  ,$);
#8214 = PRODUCT_RELATED_PRODUCT_CATEGORY('part',$,(#33));
#8215 = SHAPE_DEFINITION_REPRESENTATION(#8216,#8222);
#8216 = PRODUCT_DEFINITION_SHAPE('','',#8217);
#8217 = PRODUCT_DEFINITION('design','',#8218,#8221);
#8218 = PRODUCT_DEFINITION_FORMATION('','',#8219);
#8219 = PRODUCT('Cherry_Stabilizer001','Cherry_Stabilizer001','',(#8220)
  );
#8220 = PRODUCT_CONTEXT('',#2,'mechanical');
#8221 = PRODUCT_DEFINITION_CONTEXT('part definition',#2,'design');
#8222 = ADVANCED_BREP_SHAPE_REPRESENTATION('',(#11,#8223),#11069);
#8223 = MANIFOLD_SOLID_BREP('',#8224);
#8224 = CLOSED_SHELL('',(#8225,#8371,#8407,#8439,#8463,#8496,#8593,#8756
    ,#8778,#8795,#8812,#8829,#8846,#8901,#8981,#9012,#9067,#9084,#9101,
    #9168,#9200,#9246,#9336,#9372,#9404,#9451,#9484,#9572,#9635,#9666,
    #9697,#9721,#9745,#9776,#9807,#9824,#9848,#9872,#9903,#9920,#9949,
    #9975,#9986,#10011,#10036,#10067,#10092,#10116,#10138,#10268,#10280,
    #10299,#10318,#10349,#10366,#10383,#10395,#10407,#10424,#10441,
    #10462,#10474,#10486,#10503,#10520,#10537,#10554,#10571,#10588,
    #10605,#10622,#10634,#10658,#10682,#10713,#10744,#10761,#10785,
    #10809,#10838,#10850,#10874,#10891,#10923,#10940,#10952,#10963,
    #10980,#10998,#11016,#11028,#11040,#11057));
#8225 = ADVANCED_FACE('',(#8226),#8366,.T.);
#8226 = FACE_BOUND('',#8227,.F.);
#8227 = EDGE_LOOP('',(#8228,#8238,#8246,#8255,#8263,#8272,#8280,#8288,
    #8296,#8304,#8312,#8320,#8328,#8336,#8344,#8352,#8360));
#8228 = ORIENTED_EDGE('',*,*,#8229,.F.);
#8229 = EDGE_CURVE('',#8230,#8232,#8234,.T.);
#8230 = VERTEX_POINT('',#8231);
#8231 = CARTESIAN_POINT('',(5.45,0.637201526672,0.));
#8232 = VERTEX_POINT('',#8233);
#8233 = CARTESIAN_POINT('',(5.45,5.8,0.));
#8234 = LINE('',#8235,#8236);
#8235 = CARTESIAN_POINT('',(5.45,0.637201526672,0.));
#8236 = VECTOR('',#8237,1.);
#8237 = DIRECTION('',(0.,1.,0.));
#8238 = ORIENTED_EDGE('',*,*,#8239,.F.);
#8239 = EDGE_CURVE('',#8240,#8230,#8242,.T.);
#8240 = VERTEX_POINT('',#8241);
#8241 = CARTESIAN_POINT('',(3.393613825742,0.50560850866,0.));
#8242 = LINE('',#8243,#8244);
#8243 = CARTESIAN_POINT('',(3.393613825742,0.50560850866,0.));
#8244 = VECTOR('',#8245,1.);
#8245 = DIRECTION('',(0.997958755578,6.38617425766E-02,0.));
#8246 = ORIENTED_EDGE('',*,*,#8247,.F.);
#8247 = EDGE_CURVE('',#8248,#8240,#8250,.T.);
#8248 = VERTEX_POINT('',#8249);
#8249 = CARTESIAN_POINT('',(3.3,0.405812633102,0.));
#8250 = CIRCLE('',#8251,0.1);
#8251 = AXIS2_PLACEMENT_3D('',#8252,#8253,#8254);
#8252 = CARTESIAN_POINT('',(3.4,0.405812633102,0.));
#8253 = DIRECTION('',(0.,0.,-1.));
#8254 = DIRECTION('',(-1.,0.,0.));
#8255 = ORIENTED_EDGE('',*,*,#8256,.F.);
#8256 = EDGE_CURVE('',#8257,#8248,#8259,.T.);
#8257 = VERTEX_POINT('',#8258);
#8258 = CARTESIAN_POINT('',(3.3,-1.000382061599,0.));
#8259 = LINE('',#8260,#8261);
#8260 = CARTESIAN_POINT('',(3.3,-1.000382061599,0.));
#8261 = VECTOR('',#8262,1.);
#8262 = DIRECTION('',(0.,1.,0.));
#8263 = ORIENTED_EDGE('',*,*,#8264,.F.);
#8264 = EDGE_CURVE('',#8265,#8257,#8267,.T.);
#8265 = VERTEX_POINT('',#8266);
#8266 = CARTESIAN_POINT('',(3.4,-1.100382061599,0.));
#8267 = CIRCLE('',#8268,0.1);
#8268 = AXIS2_PLACEMENT_3D('',#8269,#8270,#8271);
#8269 = CARTESIAN_POINT('',(3.4,-1.000382061599,0.));
#8270 = DIRECTION('',(0.,0.,-1.));
#8271 = DIRECTION('',(0.,-1.,0.));
#8272 = ORIENTED_EDGE('',*,*,#8273,.F.);
#8273 = EDGE_CURVE('',#8274,#8265,#8276,.T.);
#8274 = VERTEX_POINT('',#8275);
#8275 = CARTESIAN_POINT('',(6.825,-1.100382061599,0.));
#8276 = LINE('',#8277,#8278);
#8277 = CARTESIAN_POINT('',(6.825,-1.100382061599,0.));
#8278 = VECTOR('',#8279,1.);
#8279 = DIRECTION('',(-1.,0.,0.));
#8280 = ORIENTED_EDGE('',*,*,#8281,.F.);
#8281 = EDGE_CURVE('',#8282,#8274,#8284,.T.);
#8282 = VERTEX_POINT('',#8283);
#8283 = CARTESIAN_POINT('',(6.825,-1.65,0.));
#8284 = LINE('',#8285,#8286);
#8285 = CARTESIAN_POINT('',(6.825,-1.65,0.));
#8286 = VECTOR('',#8287,1.);
#8287 = DIRECTION('',(0.,1.,0.));
#8288 = ORIENTED_EDGE('',*,*,#8289,.F.);
#8289 = EDGE_CURVE('',#8290,#8282,#8292,.T.);
#8290 = VERTEX_POINT('',#8291);
#8291 = CARTESIAN_POINT('',(6.625,-2.25,0.));
#8292 = LINE('',#8293,#8294);
#8293 = CARTESIAN_POINT('',(6.625,-2.25,0.));
#8294 = VECTOR('',#8295,1.);
#8295 = DIRECTION('',(0.316227766017,0.948683298051,0.));
#8296 = ORIENTED_EDGE('',*,*,#8297,.F.);
#8297 = EDGE_CURVE('',#8298,#8290,#8300,.T.);
#8298 = VERTEX_POINT('',#8299);
#8299 = CARTESIAN_POINT('',(6.225,-2.25,0.));
#8300 = LINE('',#8301,#8302);
#8301 = CARTESIAN_POINT('',(6.225,-2.25,0.));
#8302 = VECTOR('',#8303,1.);
#8303 = DIRECTION('',(1.,0.,0.));
#8304 = ORIENTED_EDGE('',*,*,#8305,.F.);
#8305 = EDGE_CURVE('',#8306,#8298,#8308,.T.);
#8306 = VERTEX_POINT('',#8307);
#8307 = CARTESIAN_POINT('',(6.225,-1.7,0.));
#8308 = LINE('',#8309,#8310);
#8309 = CARTESIAN_POINT('',(6.225,-1.7,0.));
#8310 = VECTOR('',#8311,1.);
#8311 = DIRECTION('',(0.,-1.,0.));
#8312 = ORIENTED_EDGE('',*,*,#8313,.F.);
#8313 = EDGE_CURVE('',#8314,#8306,#8316,.T.);
#8314 = VERTEX_POINT('',#8315);
#8315 = CARTESIAN_POINT('',(2.825,-1.7,0.));
#8316 = LINE('',#8317,#8318);
#8317 = CARTESIAN_POINT('',(2.825,-1.7,0.));
#8318 = VECTOR('',#8319,1.);
#8319 = DIRECTION('',(1.,0.,0.));
#8320 = ORIENTED_EDGE('',*,*,#8321,.F.);
#8321 = EDGE_CURVE('',#8322,#8314,#8324,.T.);
#8322 = VERTEX_POINT('',#8323);
#8323 = CARTESIAN_POINT('',(2.825,-1.2,0.));
#8324 = LINE('',#8325,#8326);
#8325 = CARTESIAN_POINT('',(2.825,-1.2,0.));
#8326 = VECTOR('',#8327,1.);
#8327 = DIRECTION('',(0.,-1.,0.));
#8328 = ORIENTED_EDGE('',*,*,#8329,.F.);
#8329 = EDGE_CURVE('',#8330,#8322,#8332,.T.);
#8330 = VERTEX_POINT('',#8331);
#8331 = CARTESIAN_POINT('',(-1.3,-1.2,0.));
#8332 = LINE('',#8333,#8334);
#8333 = CARTESIAN_POINT('',(-1.3,-1.2,0.));
#8334 = VECTOR('',#8335,1.);
#8335 = DIRECTION('',(1.,0.,0.));
#8336 = ORIENTED_EDGE('',*,*,#8337,.F.);
#8337 = EDGE_CURVE('',#8338,#8330,#8340,.T.);
#8338 = VERTEX_POINT('',#8339);
#8339 = CARTESIAN_POINT('',(-1.3,0.,0.));
#8340 = LINE('',#8341,#8342);
#8341 = CARTESIAN_POINT('',(-1.3,0.,0.));
#8342 = VECTOR('',#8343,1.);
#8343 = DIRECTION('',(0.,-1.,0.));
#8344 = ORIENTED_EDGE('',*,*,#8345,.F.);
#8345 = EDGE_CURVE('',#8346,#8338,#8348,.T.);
#8346 = VERTEX_POINT('',#8347);
#8347 = CARTESIAN_POINT('',(0.2,0.,0.));
#8348 = LINE('',#8349,#8350);
#8349 = CARTESIAN_POINT('',(0.2,0.,0.));
#8350 = VECTOR('',#8351,1.);
#8351 = DIRECTION('',(-1.,0.,0.));
#8352 = ORIENTED_EDGE('',*,*,#8353,.F.);
#8353 = EDGE_CURVE('',#8354,#8346,#8356,.T.);
#8354 = VERTEX_POINT('',#8355);
#8355 = CARTESIAN_POINT('',(0.2,5.8,0.));
#8356 = LINE('',#8357,#8358);
#8357 = CARTESIAN_POINT('',(0.2,5.8,0.));
#8358 = VECTOR('',#8359,1.);
#8359 = DIRECTION('',(0.,-1.,0.));
#8360 = ORIENTED_EDGE('',*,*,#8361,.F.);
#8361 = EDGE_CURVE('',#8232,#8354,#8362,.T.);
#8362 = LINE('',#8363,#8364);
#8363 = CARTESIAN_POINT('',(5.45,5.8,0.));
#8364 = VECTOR('',#8365,1.);
#8365 = DIRECTION('',(-1.,0.,0.));
#8366 = PLANE('',#8367);
#8367 = AXIS2_PLACEMENT_3D('',#8368,#8369,#8370);
#8368 = CARTESIAN_POINT('',(0.,0.,0.));
#8369 = DIRECTION('',(0.,0.,1.));
#8370 = DIRECTION('',(1.,0.,-0.));
#8371 = ADVANCED_FACE('',(#8372),#8402,.T.);
#8372 = FACE_BOUND('',#8373,.T.);
#8373 = EDGE_LOOP('',(#8374,#8384,#8391,#8392));
#8374 = ORIENTED_EDGE('',*,*,#8375,.T.);
#8375 = EDGE_CURVE('',#8376,#8378,#8380,.T.);
#8376 = VERTEX_POINT('',#8377);
#8377 = CARTESIAN_POINT('',(5.65,0.65,-0.2));
#8378 = VERTEX_POINT('',#8379);
#8379 = CARTESIAN_POINT('',(5.65,5.8,-0.2));
#8380 = LINE('',#8381,#8382);
#8381 = CARTESIAN_POINT('',(5.65,0.65,-0.2));
#8382 = VECTOR('',#8383,1.);
#8383 = DIRECTION('',(0.,1.,0.));
#8384 = ORIENTED_EDGE('',*,*,#8385,.F.);
#8385 = EDGE_CURVE('',#8232,#8378,#8386,.T.);
#8386 = CIRCLE('',#8387,0.2);
#8387 = AXIS2_PLACEMENT_3D('',#8388,#8389,#8390);
#8388 = CARTESIAN_POINT('',(5.45,5.8,-0.2));
#8389 = DIRECTION('',(0.,1.,0.));
#8390 = DIRECTION('',(0.,-0.,1.));
#8391 = ORIENTED_EDGE('',*,*,#8229,.F.);
#8392 = ORIENTED_EDGE('',*,*,#8393,.F.);
#8393 = EDGE_CURVE('',#8376,#8230,#8394,.T.);
#8394 = B_SPLINE_CURVE_WITH_KNOTS('',3,(#8395,#8396,#8397,#8398,#8399,
    #8400,#8401),.UNSPECIFIED.,.F.,.F.,(4,1,1,1,4),(0.,0.25,0.5,0.75,1.)
  ,.QUASI_UNIFORM_KNOTS.);
#8395 = CARTESIAN_POINT('',(5.65,0.65,-0.2));
#8396 = CARTESIAN_POINT('',(5.65,0.65,-0.16663257634));
#8397 = CARTESIAN_POINT('',(5.635508875071,0.64907267862,-0.11441849438)
  );
#8398 = CARTESIAN_POINT('',(5.594321140018,0.646436977978,
    -5.5588204652E-02));
#8399 = CARTESIAN_POINT('',(5.535480751842,0.642671642285,
    -1.444667513172E-02));
#8400 = CARTESIAN_POINT('',(5.483299312593,0.639332428493,0.));
#8401 = CARTESIAN_POINT('',(5.45,0.637201526672,0.));
#8402 = CYLINDRICAL_SURFACE('',#8403,0.2);
#8403 = AXIS2_PLACEMENT_3D('',#8404,#8405,#8406);
#8404 = CARTESIAN_POINT('',(5.45,-17.82802,-0.2));
#8405 = DIRECTION('',(0.,1.,0.));
#8406 = DIRECTION('',(0.,-0.,1.));
#8407 = ADVANCED_FACE('',(#8408),#8434,.T.);
#8408 = FACE_BOUND('',#8409,.F.);
#8409 = EDGE_LOOP('',(#8410,#8411,#8419,#8427,#8433));
#8410 = ORIENTED_EDGE('',*,*,#8393,.F.);
#8411 = ORIENTED_EDGE('',*,*,#8412,.T.);
#8412 = EDGE_CURVE('',#8376,#8413,#8415,.T.);
#8413 = VERTEX_POINT('',#8414);
#8414 = CARTESIAN_POINT('',(5.65,0.65,-1.1));
#8415 = LINE('',#8416,#8417);
#8416 = CARTESIAN_POINT('',(5.65,0.65,-0.2));
#8417 = VECTOR('',#8418,1.);
#8418 = DIRECTION('',(0.,0.,-1.));
#8419 = ORIENTED_EDGE('',*,*,#8420,.F.);
#8420 = EDGE_CURVE('',#8421,#8413,#8423,.T.);
#8421 = VERTEX_POINT('',#8422);
#8422 = CARTESIAN_POINT('',(3.393613825742,0.50560850866,-1.1));
#8423 = LINE('',#8424,#8425);
#8424 = CARTESIAN_POINT('',(3.393613825742,0.50560850866,-1.1));
#8425 = VECTOR('',#8426,1.);
#8426 = DIRECTION('',(0.997958755578,6.38617425766E-02,0.));
#8427 = ORIENTED_EDGE('',*,*,#8428,.T.);
#8428 = EDGE_CURVE('',#8421,#8240,#8429,.T.);
#8429 = LINE('',#8430,#8431);
#8430 = CARTESIAN_POINT('',(3.393613825742,0.50560850866,-1.1));
#8431 = VECTOR('',#8432,1.);
#8432 = DIRECTION('',(0.,0.,1.));
#8433 = ORIENTED_EDGE('',*,*,#8239,.T.);
#8434 = PLANE('',#8435);
#8435 = AXIS2_PLACEMENT_3D('',#8436,#8437,#8438);
#8436 = CARTESIAN_POINT('',(3.3,0.499617938401,0.));
#8437 = DIRECTION('',(6.38617425766E-02,-0.997958755578,0.));
#8438 = DIRECTION('',(0.997958755578,6.38617425766E-02,0.));
#8439 = ADVANCED_FACE('',(#8440),#8458,.T.);
#8440 = FACE_BOUND('',#8441,.F.);
#8441 = EDGE_LOOP('',(#8442,#8443,#8451,#8457));
#8442 = ORIENTED_EDGE('',*,*,#8375,.T.);
#8443 = ORIENTED_EDGE('',*,*,#8444,.T.);
#8444 = EDGE_CURVE('',#8378,#8445,#8447,.T.);
#8445 = VERTEX_POINT('',#8446);
#8446 = CARTESIAN_POINT('',(5.65,5.8,-1.1));
#8447 = LINE('',#8448,#8449);
#8448 = CARTESIAN_POINT('',(5.65,5.8,-0.2));
#8449 = VECTOR('',#8450,1.);
#8450 = DIRECTION('',(0.,0.,-1.));
#8451 = ORIENTED_EDGE('',*,*,#8452,.F.);
#8452 = EDGE_CURVE('',#8413,#8445,#8453,.T.);
#8453 = LINE('',#8454,#8455);
#8454 = CARTESIAN_POINT('',(5.65,0.65,-1.1));
#8455 = VECTOR('',#8456,1.);
#8456 = DIRECTION('',(0.,1.,0.));
#8457 = ORIENTED_EDGE('',*,*,#8412,.F.);
#8458 = PLANE('',#8459);
#8459 = AXIS2_PLACEMENT_3D('',#8460,#8461,#8462);
#8460 = CARTESIAN_POINT('',(5.65,0.65,0.));
#8461 = DIRECTION('',(1.,0.,0.));
#8462 = DIRECTION('',(-0.,1.,0.));
#8463 = ADVANCED_FACE('',(#8464),#8491,.T.);
#8464 = FACE_BOUND('',#8465,.T.);
#8465 = EDGE_LOOP('',(#8466,#8476,#8483,#8484));
#8466 = ORIENTED_EDGE('',*,*,#8467,.F.);
#8467 = EDGE_CURVE('',#8468,#8470,#8472,.T.);
#8468 = VERTEX_POINT('',#8469);
#8469 = CARTESIAN_POINT('',(5.45,6.,-0.2));
#8470 = VERTEX_POINT('',#8471);
#8471 = CARTESIAN_POINT('',(5.45,6.,-1.1));
#8472 = LINE('',#8473,#8474);
#8473 = CARTESIAN_POINT('',(5.45,6.,-0.2));
#8474 = VECTOR('',#8475,1.);
#8475 = DIRECTION('',(0.,0.,-1.));
#8476 = ORIENTED_EDGE('',*,*,#8477,.F.);
#8477 = EDGE_CURVE('',#8378,#8468,#8478,.T.);
#8478 = CIRCLE('',#8479,0.2);
#8479 = AXIS2_PLACEMENT_3D('',#8480,#8481,#8482);
#8480 = CARTESIAN_POINT('',(5.45,5.8,-0.2));
#8481 = DIRECTION('',(0.,0.,1.));
#8482 = DIRECTION('',(1.,0.,-0.));
#8483 = ORIENTED_EDGE('',*,*,#8444,.T.);
#8484 = ORIENTED_EDGE('',*,*,#8485,.F.);
#8485 = EDGE_CURVE('',#8470,#8445,#8486,.T.);
#8486 = CIRCLE('',#8487,0.2);
#8487 = AXIS2_PLACEMENT_3D('',#8488,#8489,#8490);
#8488 = CARTESIAN_POINT('',(5.45,5.8,-1.1));
#8489 = DIRECTION('',(0.,0.,-1.));
#8490 = DIRECTION('',(0.,1.,0.));
#8491 = CYLINDRICAL_SURFACE('',#8492,0.2);
#8492 = AXIS2_PLACEMENT_3D('',#8493,#8494,#8495);
#8493 = CARTESIAN_POINT('',(5.45,5.8,5.73584));
#8494 = DIRECTION('',(0.,0.,-1.));
#8495 = DIRECTION('',(0.,1.,0.));
#8496 = ADVANCED_FACE('',(#8497),#8588,.F.);
#8497 = FACE_BOUND('',#8498,.F.);
#8498 = EDGE_LOOP('',(#8499,#8509,#8517,#8525,#8534,#8542,#8550,#8558,
    #8566,#8574,#8582));
#8499 = ORIENTED_EDGE('',*,*,#8500,.F.);
#8500 = EDGE_CURVE('',#8501,#8503,#8505,.T.);
#8501 = VERTEX_POINT('',#8502);
#8502 = CARTESIAN_POINT('',(6.825,-1.65,-1.1));
#8503 = VERTEX_POINT('',#8504);
#8504 = CARTESIAN_POINT('',(6.625,-2.25,-1.1));
#8505 = LINE('',#8506,#8507);
#8506 = CARTESIAN_POINT('',(6.825,-1.65,-1.1));
#8507 = VECTOR('',#8508,1.);
#8508 = DIRECTION('',(-0.316227766017,-0.948683298051,0.));
#8509 = ORIENTED_EDGE('',*,*,#8510,.T.);
#8510 = EDGE_CURVE('',#8501,#8511,#8513,.T.);
#8511 = VERTEX_POINT('',#8512);
#8512 = CARTESIAN_POINT('',(6.825,-1.100382061599,-1.1));
#8513 = LINE('',#8514,#8515);
#8514 = CARTESIAN_POINT('',(6.825,-1.65,-1.1));
#8515 = VECTOR('',#8516,1.);
#8516 = DIRECTION('',(0.,1.,0.));
#8517 = ORIENTED_EDGE('',*,*,#8518,.T.);
#8518 = EDGE_CURVE('',#8511,#8519,#8521,.T.);
#8519 = VERTEX_POINT('',#8520);
#8520 = CARTESIAN_POINT('',(3.4,-1.100382061599,-1.1));
#8521 = LINE('',#8522,#8523);
#8522 = CARTESIAN_POINT('',(6.825,-1.100382061599,-1.1));
#8523 = VECTOR('',#8524,1.);
#8524 = DIRECTION('',(-1.,0.,0.));
#8525 = ORIENTED_EDGE('',*,*,#8526,.F.);
#8526 = EDGE_CURVE('',#8527,#8519,#8529,.T.);
#8527 = VERTEX_POINT('',#8528);
#8528 = CARTESIAN_POINT('',(3.3,-1.000382061599,-1.1));
#8529 = CIRCLE('',#8530,0.1);
#8530 = AXIS2_PLACEMENT_3D('',#8531,#8532,#8533);
#8531 = CARTESIAN_POINT('',(3.4,-1.000382061599,-1.1));
#8532 = DIRECTION('',(0.,0.,1.));
#8533 = DIRECTION('',(-1.,-3.5527136788E-14,0.));
#8534 = ORIENTED_EDGE('',*,*,#8535,.T.);
#8535 = EDGE_CURVE('',#8527,#8536,#8538,.T.);
#8536 = VERTEX_POINT('',#8537);
#8537 = CARTESIAN_POINT('',(3.3,-1.100127353866,-1.1));
#8538 = LINE('',#8539,#8540);
#8539 = CARTESIAN_POINT('',(3.3,-1.000382061599,-1.1));
#8540 = VECTOR('',#8541,1.);
#8541 = DIRECTION('',(2.226116139201E-14,-1.,0.));
#8542 = ORIENTED_EDGE('',*,*,#8543,.T.);
#8543 = EDGE_CURVE('',#8536,#8544,#8546,.T.);
#8544 = VERTEX_POINT('',#8545);
#8545 = CARTESIAN_POINT('',(2.825,-1.1,-1.1));
#8546 = LINE('',#8547,#8548);
#8547 = CARTESIAN_POINT('',(3.3,-1.100127353866,-1.1));
#8548 = VECTOR('',#8549,1.);
#8549 = DIRECTION('',(-0.999999964058,2.681133934311E-04,0.));
#8550 = ORIENTED_EDGE('',*,*,#8551,.T.);
#8551 = EDGE_CURVE('',#8544,#8552,#8554,.T.);
#8552 = VERTEX_POINT('',#8553);
#8553 = CARTESIAN_POINT('',(2.825,-1.2,-1.1));
#8554 = LINE('',#8555,#8556);
#8555 = CARTESIAN_POINT('',(2.825,-1.1,-1.1));
#8556 = VECTOR('',#8557,1.);
#8557 = DIRECTION('',(0.,-1.,0.));
#8558 = ORIENTED_EDGE('',*,*,#8559,.T.);
#8559 = EDGE_CURVE('',#8552,#8560,#8562,.T.);
#8560 = VERTEX_POINT('',#8561);
#8561 = CARTESIAN_POINT('',(2.825,-1.7,-1.1));
#8562 = LINE('',#8563,#8564);
#8563 = CARTESIAN_POINT('',(2.825,-1.2,-1.1));
#8564 = VECTOR('',#8565,1.);
#8565 = DIRECTION('',(0.,-1.,0.));
#8566 = ORIENTED_EDGE('',*,*,#8567,.T.);
#8567 = EDGE_CURVE('',#8560,#8568,#8570,.T.);
#8568 = VERTEX_POINT('',#8569);
#8569 = CARTESIAN_POINT('',(6.225,-1.7,-1.1));
#8570 = LINE('',#8571,#8572);
#8571 = CARTESIAN_POINT('',(2.825,-1.7,-1.1));
#8572 = VECTOR('',#8573,1.);
#8573 = DIRECTION('',(1.,0.,0.));
#8574 = ORIENTED_EDGE('',*,*,#8575,.T.);
#8575 = EDGE_CURVE('',#8568,#8576,#8578,.T.);
#8576 = VERTEX_POINT('',#8577);
#8577 = CARTESIAN_POINT('',(6.225,-2.25,-1.1));
#8578 = LINE('',#8579,#8580);
#8579 = CARTESIAN_POINT('',(6.225,-1.7,-1.1));
#8580 = VECTOR('',#8581,1.);
#8581 = DIRECTION('',(0.,-1.,0.));
#8582 = ORIENTED_EDGE('',*,*,#8583,.T.);
#8583 = EDGE_CURVE('',#8576,#8503,#8584,.T.);
#8584 = LINE('',#8585,#8586);
#8585 = CARTESIAN_POINT('',(6.225,-2.25,-1.1));
#8586 = VECTOR('',#8587,1.);
#8587 = DIRECTION('',(1.,0.,0.));
#8588 = PLANE('',#8589);
#8589 = AXIS2_PLACEMENT_3D('',#8590,#8591,#8592);
#8590 = CARTESIAN_POINT('',(0.,0.,-1.1));
#8591 = DIRECTION('',(0.,0.,1.));
#8592 = DIRECTION('',(1.,0.,-0.));
#8593 = ADVANCED_FACE('',(#8594),#8751,.F.);
#8594 = FACE_BOUND('',#8595,.F.);
#8595 = EDGE_LOOP('',(#8596,#8597,#8605,#8613,#8621,#8629,#8637,#8645,
    #8654,#8662,#8670,#8678,#8686,#8694,#8702,#8710,#8718,#8726,#8734,
    #8742,#8749,#8750));
#8596 = ORIENTED_EDGE('',*,*,#8485,.F.);
#8597 = ORIENTED_EDGE('',*,*,#8598,.T.);
#8598 = EDGE_CURVE('',#8470,#8599,#8601,.T.);
#8599 = VERTEX_POINT('',#8600);
#8600 = CARTESIAN_POINT('',(5.4,6.,-1.1));
#8601 = LINE('',#8602,#8603);
#8602 = CARTESIAN_POINT('',(5.45,6.,-1.1));
#8603 = VECTOR('',#8604,1.);
#8604 = DIRECTION('',(-1.,0.,0.));
#8605 = ORIENTED_EDGE('',*,*,#8606,.T.);
#8606 = EDGE_CURVE('',#8599,#8607,#8609,.T.);
#8607 = VERTEX_POINT('',#8608);
#8608 = CARTESIAN_POINT('',(5.4,5.,-1.1));
#8609 = LINE('',#8610,#8611);
#8610 = CARTESIAN_POINT('',(5.4,6.,-1.1));
#8611 = VECTOR('',#8612,1.);
#8612 = DIRECTION('',(0.,-1.,0.));
#8613 = ORIENTED_EDGE('',*,*,#8614,.T.);
#8614 = EDGE_CURVE('',#8607,#8615,#8617,.T.);
#8615 = VERTEX_POINT('',#8616);
#8616 = CARTESIAN_POINT('',(1.,5.,-1.1));
#8617 = LINE('',#8618,#8619);
#8618 = CARTESIAN_POINT('',(5.4,5.,-1.1));
#8619 = VECTOR('',#8620,1.);
#8620 = DIRECTION('',(-1.,0.,0.));
#8621 = ORIENTED_EDGE('',*,*,#8622,.T.);
#8622 = EDGE_CURVE('',#8615,#8623,#8625,.T.);
#8623 = VERTEX_POINT('',#8624);
#8624 = CARTESIAN_POINT('',(1.,4.3,-1.1));
#8625 = LINE('',#8626,#8627);
#8626 = CARTESIAN_POINT('',(1.,5.,-1.1));
#8627 = VECTOR('',#8628,1.);
#8628 = DIRECTION('',(0.,-1.,0.));
#8629 = ORIENTED_EDGE('',*,*,#8630,.T.);
#8630 = EDGE_CURVE('',#8623,#8631,#8633,.T.);
#8631 = VERTEX_POINT('',#8632);
#8632 = CARTESIAN_POINT('',(2.999407209439,2.9,-1.1));
#8633 = LINE('',#8634,#8635);
#8634 = CARTESIAN_POINT('',(1.,4.3,-1.1));
#8635 = VECTOR('',#8636,1.);
#8636 = DIRECTION('',(0.819152044289,-0.573576436351,0.));
#8637 = ORIENTED_EDGE('',*,*,#8638,.T.);
#8638 = EDGE_CURVE('',#8631,#8639,#8641,.T.);
#8639 = VERTEX_POINT('',#8640);
#8640 = CARTESIAN_POINT('',(5.3,2.9,-1.1));
#8641 = LINE('',#8642,#8643);
#8642 = CARTESIAN_POINT('',(2.999407209439,2.9,-1.1));
#8643 = VECTOR('',#8644,1.);
#8644 = DIRECTION('',(1.,0.,0.));
#8645 = ORIENTED_EDGE('',*,*,#8646,.F.);
#8646 = EDGE_CURVE('',#8647,#8639,#8649,.T.);
#8647 = VERTEX_POINT('',#8648);
#8648 = CARTESIAN_POINT('',(5.4,2.8,-1.1));
#8649 = CIRCLE('',#8650,0.1);
#8650 = AXIS2_PLACEMENT_3D('',#8651,#8652,#8653);
#8651 = CARTESIAN_POINT('',(5.3,2.8,-1.1));
#8652 = DIRECTION('',(0.,0.,1.));
#8653 = DIRECTION('',(1.,0.,-0.));
#8654 = ORIENTED_EDGE('',*,*,#8655,.T.);
#8655 = EDGE_CURVE('',#8647,#8656,#8658,.T.);
#8656 = VERTEX_POINT('',#8657);
#8657 = CARTESIAN_POINT('',(5.4,2.,-1.1));
#8658 = LINE('',#8659,#8660);
#8659 = CARTESIAN_POINT('',(5.4,2.8,-1.1));
#8660 = VECTOR('',#8661,1.);
#8661 = DIRECTION('',(0.,-1.,0.));
#8662 = ORIENTED_EDGE('',*,*,#8663,.T.);
#8663 = EDGE_CURVE('',#8656,#8664,#8666,.T.);
#8664 = VERTEX_POINT('',#8665);
#8665 = CARTESIAN_POINT('',(2.715638299448,2.,-1.1));
#8666 = LINE('',#8667,#8668);
#8667 = CARTESIAN_POINT('',(5.4,2.,-1.1));
#8668 = VECTOR('',#8669,1.);
#8669 = DIRECTION('',(-1.,0.,0.));
#8670 = ORIENTED_EDGE('',*,*,#8671,.T.);
#8671 = EDGE_CURVE('',#8664,#8672,#8674,.T.);
#8672 = VERTEX_POINT('',#8673);
#8673 = CARTESIAN_POINT('',(0.,3.901510408324,-1.1));
#8674 = LINE('',#8675,#8676);
#8675 = CARTESIAN_POINT('',(2.715638299448,2.,-1.1));
#8676 = VECTOR('',#8677,1.);
#8677 = DIRECTION('',(-0.819152044289,0.573576436351,0.));
#8678 = ORIENTED_EDGE('',*,*,#8679,.T.);
#8679 = EDGE_CURVE('',#8672,#8680,#8682,.T.);
#8680 = VERTEX_POINT('',#8681);
#8681 = CARTESIAN_POINT('',(0.,0.,-1.1));
#8682 = LINE('',#8683,#8684);
#8683 = CARTESIAN_POINT('',(0.,3.901510408324,-1.1));
#8684 = VECTOR('',#8685,1.);
#8685 = DIRECTION('',(0.,-1.,0.));
#8686 = ORIENTED_EDGE('',*,*,#8687,.T.);
#8687 = EDGE_CURVE('',#8680,#8688,#8690,.T.);
#8688 = VERTEX_POINT('',#8689);
#8689 = CARTESIAN_POINT('',(-1.3,0.,-1.1));
#8690 = LINE('',#8691,#8692);
#8691 = CARTESIAN_POINT('',(0.,0.,-1.1));
#8692 = VECTOR('',#8693,1.);
#8693 = DIRECTION('',(-1.,0.,0.));
#8694 = ORIENTED_EDGE('',*,*,#8695,.T.);
#8695 = EDGE_CURVE('',#8688,#8696,#8698,.T.);
#8696 = VERTEX_POINT('',#8697);
#8697 = CARTESIAN_POINT('',(-1.3,-1.2,-1.1));
#8698 = LINE('',#8699,#8700);
#8699 = CARTESIAN_POINT('',(-1.3,0.,-1.1));
#8700 = VECTOR('',#8701,1.);
#8701 = DIRECTION('',(0.,-1.,0.));
#8702 = ORIENTED_EDGE('',*,*,#8703,.T.);
#8703 = EDGE_CURVE('',#8696,#8704,#8706,.T.);
#8704 = VERTEX_POINT('',#8705);
#8705 = CARTESIAN_POINT('',(1.3,-1.2,-1.1));
#8706 = LINE('',#8707,#8708);
#8707 = CARTESIAN_POINT('',(-1.3,-1.2,-1.1));
#8708 = VECTOR('',#8709,1.);
#8709 = DIRECTION('',(1.,0.,0.));
#8710 = ORIENTED_EDGE('',*,*,#8711,.T.);
#8711 = EDGE_CURVE('',#8704,#8712,#8714,.T.);
#8712 = VERTEX_POINT('',#8713);
#8713 = CARTESIAN_POINT('',(1.3,-0.346145050742,-1.1));
#8714 = LINE('',#8715,#8716);
#8715 = CARTESIAN_POINT('',(1.3,-1.2,-1.1));
#8716 = VECTOR('',#8717,1.);
#8717 = DIRECTION('',(0.,1.,0.));
#8718 = ORIENTED_EDGE('',*,*,#8719,.T.);
#8719 = EDGE_CURVE('',#8712,#8720,#8722,.T.);
#8720 = VERTEX_POINT('',#8721);
#8721 = CARTESIAN_POINT('',(2.01,0.5,-1.1));
#8722 = LINE('',#8723,#8724);
#8723 = CARTESIAN_POINT('',(1.3,-0.346145050742,-1.1));
#8724 = VECTOR('',#8725,1.);
#8725 = DIRECTION('',(0.642787609687,0.766044443119,0.));
#8726 = ORIENTED_EDGE('',*,*,#8727,.T.);
#8727 = EDGE_CURVE('',#8720,#8728,#8730,.T.);
#8728 = VERTEX_POINT('',#8729);
#8729 = CARTESIAN_POINT('',(3.3,0.499872646134,-1.1));
#8730 = LINE('',#8731,#8732);
#8731 = CARTESIAN_POINT('',(2.01,0.5,-1.1));
#8732 = VECTOR('',#8733,1.);
#8733 = DIRECTION('',(0.999999995127,-9.872392700498E-05,0.));
#8734 = ORIENTED_EDGE('',*,*,#8735,.F.);
#8735 = EDGE_CURVE('',#8736,#8728,#8738,.T.);
#8736 = VERTEX_POINT('',#8737);
#8737 = CARTESIAN_POINT('',(3.3,0.405812633102,-1.1));
#8738 = LINE('',#8739,#8740);
#8739 = CARTESIAN_POINT('',(3.3,0.405812633102,-1.1));
#8740 = VECTOR('',#8741,1.);
#8741 = DIRECTION('',(4.721339021095E-14,1.,0.));
#8742 = ORIENTED_EDGE('',*,*,#8743,.F.);
#8743 = EDGE_CURVE('',#8421,#8736,#8744,.T.);
#8744 = CIRCLE('',#8745,0.1);
#8745 = AXIS2_PLACEMENT_3D('',#8746,#8747,#8748);
#8746 = CARTESIAN_POINT('',(3.4,0.405812633102,-1.1));
#8747 = DIRECTION('',(0.,0.,1.));
#8748 = DIRECTION('',(-6.38617425766E-02,0.997958755578,0.));
#8749 = ORIENTED_EDGE('',*,*,#8420,.T.);
#8750 = ORIENTED_EDGE('',*,*,#8452,.T.);
#8751 = PLANE('',#8752);
#8752 = AXIS2_PLACEMENT_3D('',#8753,#8754,#8755);
#8753 = CARTESIAN_POINT('',(0.,0.,-1.1));
#8754 = DIRECTION('',(0.,0.,1.));
#8755 = DIRECTION('',(1.,0.,-0.));
#8756 = ADVANCED_FACE('',(#8757),#8773,.T.);
#8757 = FACE_BOUND('',#8758,.F.);
#8758 = EDGE_LOOP('',(#8759,#8760,#8766,#8767));
#8759 = ORIENTED_EDGE('',*,*,#8500,.T.);
#8760 = ORIENTED_EDGE('',*,*,#8761,.F.);
#8761 = EDGE_CURVE('',#8290,#8503,#8762,.T.);
#8762 = LINE('',#8763,#8764);
#8763 = CARTESIAN_POINT('',(6.625,-2.25,0.));
#8764 = VECTOR('',#8765,1.);
#8765 = DIRECTION('',(0.,0.,-1.));
#8766 = ORIENTED_EDGE('',*,*,#8289,.T.);
#8767 = ORIENTED_EDGE('',*,*,#8768,.T.);
#8768 = EDGE_CURVE('',#8282,#8501,#8769,.T.);
#8769 = LINE('',#8770,#8771);
#8770 = CARTESIAN_POINT('',(6.825,-1.65,0.));
#8771 = VECTOR('',#8772,1.);
#8772 = DIRECTION('',(0.,0.,-1.));
#8773 = PLANE('',#8774);
#8774 = AXIS2_PLACEMENT_3D('',#8775,#8776,#8777);
#8775 = CARTESIAN_POINT('',(6.725,-1.95,-0.55));
#8776 = DIRECTION('',(0.948683298051,-0.316227766017,0.));
#8777 = DIRECTION('',(-0.316227766017,-0.948683298051,0.));
#8778 = ADVANCED_FACE('',(#8779),#8790,.T.);
#8779 = FACE_BOUND('',#8780,.F.);
#8780 = EDGE_LOOP('',(#8781,#8782,#8783,#8789));
#8781 = ORIENTED_EDGE('',*,*,#8761,.T.);
#8782 = ORIENTED_EDGE('',*,*,#8583,.F.);
#8783 = ORIENTED_EDGE('',*,*,#8784,.F.);
#8784 = EDGE_CURVE('',#8298,#8576,#8785,.T.);
#8785 = LINE('',#8786,#8787);
#8786 = CARTESIAN_POINT('',(6.225,-2.25,0.));
#8787 = VECTOR('',#8788,1.);
#8788 = DIRECTION('',(0.,0.,-1.));
#8789 = ORIENTED_EDGE('',*,*,#8297,.T.);
#8790 = PLANE('',#8791);
#8791 = AXIS2_PLACEMENT_3D('',#8792,#8793,#8794);
#8792 = CARTESIAN_POINT('',(6.225,-2.25,0.));
#8793 = DIRECTION('',(0.,-1.,0.));
#8794 = DIRECTION('',(1.,0.,0.));
#8795 = ADVANCED_FACE('',(#8796),#8807,.T.);
#8796 = FACE_BOUND('',#8797,.F.);
#8797 = EDGE_LOOP('',(#8798,#8799,#8800,#8801));
#8798 = ORIENTED_EDGE('',*,*,#8305,.T.);
#8799 = ORIENTED_EDGE('',*,*,#8784,.T.);
#8800 = ORIENTED_EDGE('',*,*,#8575,.F.);
#8801 = ORIENTED_EDGE('',*,*,#8802,.F.);
#8802 = EDGE_CURVE('',#8306,#8568,#8803,.T.);
#8803 = LINE('',#8804,#8805);
#8804 = CARTESIAN_POINT('',(6.225,-1.7,0.));
#8805 = VECTOR('',#8806,1.);
#8806 = DIRECTION('',(0.,0.,-1.));
#8807 = PLANE('',#8808);
#8808 = AXIS2_PLACEMENT_3D('',#8809,#8810,#8811);
#8809 = CARTESIAN_POINT('',(6.225,-1.7,0.));
#8810 = DIRECTION('',(-1.,0.,0.));
#8811 = DIRECTION('',(0.,-1.,0.));
#8812 = ADVANCED_FACE('',(#8813),#8824,.T.);
#8813 = FACE_BOUND('',#8814,.F.);
#8814 = EDGE_LOOP('',(#8815,#8816,#8817,#8818));
#8815 = ORIENTED_EDGE('',*,*,#8313,.T.);
#8816 = ORIENTED_EDGE('',*,*,#8802,.T.);
#8817 = ORIENTED_EDGE('',*,*,#8567,.F.);
#8818 = ORIENTED_EDGE('',*,*,#8819,.F.);
#8819 = EDGE_CURVE('',#8314,#8560,#8820,.T.);
#8820 = LINE('',#8821,#8822);
#8821 = CARTESIAN_POINT('',(2.825,-1.7,0.));
#8822 = VECTOR('',#8823,1.);
#8823 = DIRECTION('',(0.,0.,-1.));
#8824 = PLANE('',#8825);
#8825 = AXIS2_PLACEMENT_3D('',#8826,#8827,#8828);
#8826 = CARTESIAN_POINT('',(2.825,-1.7,0.));
#8827 = DIRECTION('',(0.,-1.,0.));
#8828 = DIRECTION('',(1.,0.,0.));
#8829 = ADVANCED_FACE('',(#8830),#8841,.T.);
#8830 = FACE_BOUND('',#8831,.F.);
#8831 = EDGE_LOOP('',(#8832,#8833,#8839,#8840));
#8832 = ORIENTED_EDGE('',*,*,#8559,.F.);
#8833 = ORIENTED_EDGE('',*,*,#8834,.F.);
#8834 = EDGE_CURVE('',#8322,#8552,#8835,.T.);
#8835 = LINE('',#8836,#8837);
#8836 = CARTESIAN_POINT('',(2.825,-1.2,0.));
#8837 = VECTOR('',#8838,1.);
#8838 = DIRECTION('',(0.,0.,-1.));
#8839 = ORIENTED_EDGE('',*,*,#8321,.T.);
#8840 = ORIENTED_EDGE('',*,*,#8819,.T.);
#8841 = PLANE('',#8842);
#8842 = AXIS2_PLACEMENT_3D('',#8843,#8844,#8845);
#8843 = CARTESIAN_POINT('',(2.825,-1.2,0.));
#8844 = DIRECTION('',(-1.,0.,0.));
#8845 = DIRECTION('',(0.,-1.,0.));
#8846 = ADVANCED_FACE('',(#8847),#8896,.T.);
#8847 = FACE_BOUND('',#8848,.F.);
#8848 = EDGE_LOOP('',(#8849,#8859,#8865,#8866,#8872,#8873,#8874,#8882,
    #8890));
#8849 = ORIENTED_EDGE('',*,*,#8850,.F.);
#8850 = EDGE_CURVE('',#8851,#8853,#8855,.T.);
#8851 = VERTEX_POINT('',#8852);
#8852 = CARTESIAN_POINT('',(1.3,-1.2,-2.65));
#8853 = VERTEX_POINT('',#8854);
#8854 = CARTESIAN_POINT('',(1.425,-1.2,-2.65));
#8855 = LINE('',#8856,#8857);
#8856 = CARTESIAN_POINT('',(1.3,-1.2,-2.65));
#8857 = VECTOR('',#8858,1.);
#8858 = DIRECTION('',(1.,0.,0.));
#8859 = ORIENTED_EDGE('',*,*,#8860,.F.);
#8860 = EDGE_CURVE('',#8704,#8851,#8861,.T.);
#8861 = LINE('',#8862,#8863);
#8862 = CARTESIAN_POINT('',(1.3,-1.2,-1.1));
#8863 = VECTOR('',#8864,1.);
#8864 = DIRECTION('',(0.,0.,-1.));
#8865 = ORIENTED_EDGE('',*,*,#8703,.F.);
#8866 = ORIENTED_EDGE('',*,*,#8867,.F.);
#8867 = EDGE_CURVE('',#8330,#8696,#8868,.T.);
#8868 = LINE('',#8869,#8870);
#8869 = CARTESIAN_POINT('',(-1.3,-1.2,0.));
#8870 = VECTOR('',#8871,1.);
#8871 = DIRECTION('',(0.,0.,-1.));
#8872 = ORIENTED_EDGE('',*,*,#8329,.T.);
#8873 = ORIENTED_EDGE('',*,*,#8834,.T.);
#8874 = ORIENTED_EDGE('',*,*,#8875,.T.);
#8875 = EDGE_CURVE('',#8552,#8876,#8878,.T.);
#8876 = VERTEX_POINT('',#8877);
#8877 = CARTESIAN_POINT('',(2.825,-1.2,-3.3));
#8878 = LINE('',#8879,#8880);
#8879 = CARTESIAN_POINT('',(2.825,-1.2,-1.1));
#8880 = VECTOR('',#8881,1.);
#8881 = DIRECTION('',(0.,0.,-1.));
#8882 = ORIENTED_EDGE('',*,*,#8883,.T.);
#8883 = EDGE_CURVE('',#8876,#8884,#8886,.T.);
#8884 = VERTEX_POINT('',#8885);
#8885 = CARTESIAN_POINT('',(1.425,-1.2,-3.3));
#8886 = LINE('',#8887,#8888);
#8887 = CARTESIAN_POINT('',(2.825,-1.2,-3.3));
#8888 = VECTOR('',#8889,1.);
#8889 = DIRECTION('',(-1.,0.,0.));
#8890 = ORIENTED_EDGE('',*,*,#8891,.T.);
#8891 = EDGE_CURVE('',#8884,#8853,#8892,.T.);
#8892 = LINE('',#8893,#8894);
#8893 = CARTESIAN_POINT('',(1.425,-1.2,-3.3));
#8894 = VECTOR('',#8895,1.);
#8895 = DIRECTION('',(0.,0.,1.));
#8896 = PLANE('',#8897);
#8897 = AXIS2_PLACEMENT_3D('',#8898,#8899,#8900);
#8898 = CARTESIAN_POINT('',(-1.3,-1.2,0.));
#8899 = DIRECTION('',(0.,-1.,0.));
#8900 = DIRECTION('',(1.,0.,0.));
#8901 = ADVANCED_FACE('',(#8902),#8976,.T.);
#8902 = FACE_BOUND('',#8903,.F.);
#8903 = EDGE_LOOP('',(#8904,#8914,#8922,#8930,#8939,#8945,#8946,#8954,
    #8962,#8970));
#8904 = ORIENTED_EDGE('',*,*,#8905,.F.);
#8905 = EDGE_CURVE('',#8906,#8908,#8910,.T.);
#8906 = VERTEX_POINT('',#8907);
#8907 = CARTESIAN_POINT('',(-1.175,-1.65,-2.65));
#8908 = VERTEX_POINT('',#8909);
#8909 = CARTESIAN_POINT('',(-0.975,-2.25,-2.65));
#8910 = LINE('',#8911,#8912);
#8911 = CARTESIAN_POINT('',(-1.175,-1.65,-2.65));
#8912 = VECTOR('',#8913,1.);
#8913 = DIRECTION('',(0.316227766017,-0.948683298051,0.));
#8914 = ORIENTED_EDGE('',*,*,#8915,.F.);
#8915 = EDGE_CURVE('',#8916,#8906,#8918,.T.);
#8916 = VERTEX_POINT('',#8917);
#8917 = CARTESIAN_POINT('',(-1.175,-1.2,-2.65));
#8918 = LINE('',#8919,#8920);
#8919 = CARTESIAN_POINT('',(-1.175,-1.2,-2.65));
#8920 = VECTOR('',#8921,1.);
#8921 = DIRECTION('',(0.,-1.,0.));
#8922 = ORIENTED_EDGE('',*,*,#8923,.F.);
#8923 = EDGE_CURVE('',#8924,#8916,#8926,.T.);
#8924 = VERTEX_POINT('',#8925);
#8925 = CARTESIAN_POINT('',(1.2,-1.2,-2.65));
#8926 = LINE('',#8927,#8928);
#8927 = CARTESIAN_POINT('',(1.2,-1.2,-2.65));
#8928 = VECTOR('',#8929,1.);
#8929 = DIRECTION('',(-1.,0.,0.));
#8930 = ORIENTED_EDGE('',*,*,#8931,.F.);
#8931 = EDGE_CURVE('',#8932,#8924,#8934,.T.);
#8932 = VERTEX_POINT('',#8933);
#8933 = CARTESIAN_POINT('',(1.3,-1.1,-2.65));
#8934 = CIRCLE('',#8935,0.1);
#8935 = AXIS2_PLACEMENT_3D('',#8936,#8937,#8938);
#8936 = CARTESIAN_POINT('',(1.2,-1.1,-2.65));
#8937 = DIRECTION('',(0.,0.,-1.));
#8938 = DIRECTION('',(1.,0.,0.));
#8939 = ORIENTED_EDGE('',*,*,#8940,.T.);
#8940 = EDGE_CURVE('',#8932,#8851,#8941,.T.);
#8941 = LINE('',#8942,#8943);
#8942 = CARTESIAN_POINT('',(1.3,-1.1,-2.65));
#8943 = VECTOR('',#8944,1.);
#8944 = DIRECTION('',(-1.33226762955E-14,-1.,0.));
#8945 = ORIENTED_EDGE('',*,*,#8850,.T.);
#8946 = ORIENTED_EDGE('',*,*,#8947,.F.);
#8947 = EDGE_CURVE('',#8948,#8853,#8950,.T.);
#8948 = VERTEX_POINT('',#8949);
#8949 = CARTESIAN_POINT('',(1.425,-1.7,-2.65));
#8950 = LINE('',#8951,#8952);
#8951 = CARTESIAN_POINT('',(1.425,-1.7,-2.65));
#8952 = VECTOR('',#8953,1.);
#8953 = DIRECTION('',(0.,1.,0.));
#8954 = ORIENTED_EDGE('',*,*,#8955,.F.);
#8955 = EDGE_CURVE('',#8956,#8948,#8958,.T.);
#8956 = VERTEX_POINT('',#8957);
#8957 = CARTESIAN_POINT('',(-0.575,-1.7,-2.65));
#8958 = LINE('',#8959,#8960);
#8959 = CARTESIAN_POINT('',(-0.575,-1.7,-2.65));
#8960 = VECTOR('',#8961,1.);
#8961 = DIRECTION('',(1.,0.,0.));
#8962 = ORIENTED_EDGE('',*,*,#8963,.F.);
#8963 = EDGE_CURVE('',#8964,#8956,#8966,.T.);
#8964 = VERTEX_POINT('',#8965);
#8965 = CARTESIAN_POINT('',(-0.575,-2.25,-2.65));
#8966 = LINE('',#8967,#8968);
#8967 = CARTESIAN_POINT('',(-0.575,-2.25,-2.65));
#8968 = VECTOR('',#8969,1.);
#8969 = DIRECTION('',(0.,1.,0.));
#8970 = ORIENTED_EDGE('',*,*,#8971,.F.);
#8971 = EDGE_CURVE('',#8908,#8964,#8972,.T.);
#8972 = LINE('',#8973,#8974);
#8973 = CARTESIAN_POINT('',(-0.975,-2.25,-2.65));
#8974 = VECTOR('',#8975,1.);
#8975 = DIRECTION('',(1.,0.,0.));
#8976 = PLANE('',#8977);
#8977 = AXIS2_PLACEMENT_3D('',#8978,#8979,#8980);
#8978 = CARTESIAN_POINT('',(0.,0.,-2.65));
#8979 = DIRECTION('',(0.,0.,1.));
#8980 = DIRECTION('',(1.,0.,-0.));
#8981 = ADVANCED_FACE('',(#8982),#9007,.T.);
#8982 = FACE_BOUND('',#8983,.F.);
#8983 = EDGE_LOOP('',(#8984,#8994,#9000,#9001));
#8984 = ORIENTED_EDGE('',*,*,#8985,.T.);
#8985 = EDGE_CURVE('',#8986,#8988,#8990,.T.);
#8986 = VERTEX_POINT('',#8987);
#8987 = CARTESIAN_POINT('',(-0.975,-2.25,-3.3));
#8988 = VERTEX_POINT('',#8989);
#8989 = CARTESIAN_POINT('',(-1.175,-1.65,-3.3));
#8990 = LINE('',#8991,#8992);
#8991 = CARTESIAN_POINT('',(-0.975,-2.25,-3.3));
#8992 = VECTOR('',#8993,1.);
#8993 = DIRECTION('',(-0.316227766017,0.948683298051,0.));
#8994 = ORIENTED_EDGE('',*,*,#8995,.F.);
#8995 = EDGE_CURVE('',#8906,#8988,#8996,.T.);
#8996 = LINE('',#8997,#8998);
#8997 = CARTESIAN_POINT('',(-1.175,-1.65,-2.65));
#8998 = VECTOR('',#8999,1.);
#8999 = DIRECTION('',(0.,0.,-1.));
#9000 = ORIENTED_EDGE('',*,*,#8905,.T.);
#9001 = ORIENTED_EDGE('',*,*,#9002,.T.);
#9002 = EDGE_CURVE('',#8908,#8986,#9003,.T.);
#9003 = LINE('',#9004,#9005);
#9004 = CARTESIAN_POINT('',(-0.975,-2.25,-2.65));
#9005 = VECTOR('',#9006,1.);
#9006 = DIRECTION('',(0.,0.,-1.));
#9007 = PLANE('',#9008);
#9008 = AXIS2_PLACEMENT_3D('',#9009,#9010,#9011);
#9009 = CARTESIAN_POINT('',(-1.075,-1.95,-2.975));
#9010 = DIRECTION('',(-0.948683298051,-0.316227766017,0.));
#9011 = DIRECTION('',(-0.316227766017,0.948683298051,0.));
#9012 = ADVANCED_FACE('',(#9013),#9062,.F.);
#9013 = FACE_BOUND('',#9014,.F.);
#9014 = EDGE_LOOP('',(#9015,#9016,#9024,#9032,#9040,#9048,#9056));
#9015 = ORIENTED_EDGE('',*,*,#8985,.F.);
#9016 = ORIENTED_EDGE('',*,*,#9017,.T.);
#9017 = EDGE_CURVE('',#8986,#9018,#9020,.T.);
#9018 = VERTEX_POINT('',#9019);
#9019 = CARTESIAN_POINT('',(-0.575,-2.25,-3.3));
#9020 = LINE('',#9021,#9022);
#9021 = CARTESIAN_POINT('',(-0.975,-2.25,-3.3));
#9022 = VECTOR('',#9023,1.);
#9023 = DIRECTION('',(1.,0.,0.));
#9024 = ORIENTED_EDGE('',*,*,#9025,.T.);
#9025 = EDGE_CURVE('',#9018,#9026,#9028,.T.);
#9026 = VERTEX_POINT('',#9027);
#9027 = CARTESIAN_POINT('',(-0.575,-1.7,-3.3));
#9028 = LINE('',#9029,#9030);
#9029 = CARTESIAN_POINT('',(-0.575,-2.25,-3.3));
#9030 = VECTOR('',#9031,1.);
#9031 = DIRECTION('',(0.,1.,0.));
#9032 = ORIENTED_EDGE('',*,*,#9033,.T.);
#9033 = EDGE_CURVE('',#9026,#9034,#9036,.T.);
#9034 = VERTEX_POINT('',#9035);
#9035 = CARTESIAN_POINT('',(-7.5E-02,-1.7,-3.3));
#9036 = LINE('',#9037,#9038);
#9037 = CARTESIAN_POINT('',(-0.575,-1.7,-3.3));
#9038 = VECTOR('',#9039,1.);
#9039 = DIRECTION('',(1.,0.,0.));
#9040 = ORIENTED_EDGE('',*,*,#9041,.F.);
#9041 = EDGE_CURVE('',#9042,#9034,#9044,.T.);
#9042 = VERTEX_POINT('',#9043);
#9043 = CARTESIAN_POINT('',(-7.5E-02,-1.2,-3.3));
#9044 = LINE('',#9045,#9046);
#9045 = CARTESIAN_POINT('',(-7.5E-02,-1.2,-3.3));
#9046 = VECTOR('',#9047,1.);
#9047 = DIRECTION('',(0.,-1.,0.));
#9048 = ORIENTED_EDGE('',*,*,#9049,.T.);
#9049 = EDGE_CURVE('',#9042,#9050,#9052,.T.);
#9050 = VERTEX_POINT('',#9051);
#9051 = CARTESIAN_POINT('',(-1.175,-1.2,-3.3));
#9052 = LINE('',#9053,#9054);
#9053 = CARTESIAN_POINT('',(-7.5E-02,-1.2,-3.3));
#9054 = VECTOR('',#9055,1.);
#9055 = DIRECTION('',(-1.,0.,0.));
#9056 = ORIENTED_EDGE('',*,*,#9057,.T.);
#9057 = EDGE_CURVE('',#9050,#8988,#9058,.T.);
#9058 = LINE('',#9059,#9060);
#9059 = CARTESIAN_POINT('',(-1.175,-1.2,-3.3));
#9060 = VECTOR('',#9061,1.);
#9061 = DIRECTION('',(0.,-1.,0.));
#9062 = PLANE('',#9063);
#9063 = AXIS2_PLACEMENT_3D('',#9064,#9065,#9066);
#9064 = CARTESIAN_POINT('',(0.,0.,-3.3));
#9065 = DIRECTION('',(0.,0.,1.));
#9066 = DIRECTION('',(1.,0.,-0.));
#9067 = ADVANCED_FACE('',(#9068),#9079,.T.);
#9068 = FACE_BOUND('',#9069,.F.);
#9069 = EDGE_LOOP('',(#9070,#9071,#9072,#9078));
#9070 = ORIENTED_EDGE('',*,*,#9002,.F.);
#9071 = ORIENTED_EDGE('',*,*,#8971,.T.);
#9072 = ORIENTED_EDGE('',*,*,#9073,.F.);
#9073 = EDGE_CURVE('',#9018,#8964,#9074,.T.);
#9074 = LINE('',#9075,#9076);
#9075 = CARTESIAN_POINT('',(-0.575,-2.25,-3.3));
#9076 = VECTOR('',#9077,1.);
#9077 = DIRECTION('',(0.,0.,1.));
#9078 = ORIENTED_EDGE('',*,*,#9017,.F.);
#9079 = PLANE('',#9080);
#9080 = AXIS2_PLACEMENT_3D('',#9081,#9082,#9083);
#9081 = CARTESIAN_POINT('',(-1.175,-2.25,-3.3));
#9082 = DIRECTION('',(0.,-1.,0.));
#9083 = DIRECTION('',(1.,0.,0.));
#9084 = ADVANCED_FACE('',(#9085),#9096,.T.);
#9085 = FACE_BOUND('',#9086,.F.);
#9086 = EDGE_LOOP('',(#9087,#9088,#9089,#9090));
#9087 = ORIENTED_EDGE('',*,*,#9025,.F.);
#9088 = ORIENTED_EDGE('',*,*,#9073,.T.);
#9089 = ORIENTED_EDGE('',*,*,#8963,.T.);
#9090 = ORIENTED_EDGE('',*,*,#9091,.F.);
#9091 = EDGE_CURVE('',#9026,#8956,#9092,.T.);
#9092 = LINE('',#9093,#9094);
#9093 = CARTESIAN_POINT('',(-0.575,-1.7,-3.3));
#9094 = VECTOR('',#9095,1.);
#9095 = DIRECTION('',(0.,0.,1.));
#9096 = PLANE('',#9097);
#9097 = AXIS2_PLACEMENT_3D('',#9098,#9099,#9100);
#9098 = CARTESIAN_POINT('',(-0.575,-2.25,-3.3));
#9099 = DIRECTION('',(1.,0.,0.));
#9100 = DIRECTION('',(-0.,1.,0.));
#9101 = ADVANCED_FACE('',(#9102),#9163,.T.);
#9102 = FACE_BOUND('',#9103,.F.);
#9103 = EDGE_LOOP('',(#9104,#9115,#9123,#9130,#9131,#9132,#9133,#9141,
    #9149,#9157));
#9104 = ORIENTED_EDGE('',*,*,#9105,.F.);
#9105 = EDGE_CURVE('',#9106,#9108,#9110,.T.);
#9106 = VERTEX_POINT('',#9107);
#9107 = CARTESIAN_POINT('',(2.5E-02,-1.7,-4.3));
#9108 = VERTEX_POINT('',#9109);
#9109 = CARTESIAN_POINT('',(0.125,-1.7,-4.4));
#9110 = CIRCLE('',#9111,0.1);
#9111 = AXIS2_PLACEMENT_3D('',#9112,#9113,#9114);
#9112 = CARTESIAN_POINT('',(0.125,-1.7,-4.3));
#9113 = DIRECTION('',(0.,-1.,0.));
#9114 = DIRECTION('',(-1.,0.,0.));
#9115 = ORIENTED_EDGE('',*,*,#9116,.F.);
#9116 = EDGE_CURVE('',#9117,#9106,#9119,.T.);
#9117 = VERTEX_POINT('',#9118);
#9118 = CARTESIAN_POINT('',(2.5E-02,-1.7,-3.4));
#9119 = LINE('',#9120,#9121);
#9120 = CARTESIAN_POINT('',(2.5E-02,-1.7,-3.4));
#9121 = VECTOR('',#9122,1.);
#9122 = DIRECTION('',(0.,0.,-1.));
#9123 = ORIENTED_EDGE('',*,*,#9124,.F.);
#9124 = EDGE_CURVE('',#9034,#9117,#9125,.T.);
#9125 = CIRCLE('',#9126,0.1);
#9126 = AXIS2_PLACEMENT_3D('',#9127,#9128,#9129);
#9127 = CARTESIAN_POINT('',(-7.5E-02,-1.7,-3.4));
#9128 = DIRECTION('',(0.,1.,0.));
#9129 = DIRECTION('',(0.,-0.,1.));
#9130 = ORIENTED_EDGE('',*,*,#9033,.F.);
#9131 = ORIENTED_EDGE('',*,*,#9091,.T.);
#9132 = ORIENTED_EDGE('',*,*,#8955,.T.);
#9133 = ORIENTED_EDGE('',*,*,#9134,.F.);
#9134 = EDGE_CURVE('',#9135,#8948,#9137,.T.);
#9135 = VERTEX_POINT('',#9136);
#9136 = CARTESIAN_POINT('',(1.425,-1.7,-3.3));
#9137 = LINE('',#9138,#9139);
#9138 = CARTESIAN_POINT('',(1.425,-1.7,-3.3));
#9139 = VECTOR('',#9140,1.);
#9140 = DIRECTION('',(0.,0.,1.));
#9141 = ORIENTED_EDGE('',*,*,#9142,.F.);
#9142 = EDGE_CURVE('',#9143,#9135,#9145,.T.);
#9143 = VERTEX_POINT('',#9144);
#9144 = CARTESIAN_POINT('',(2.825,-1.7,-3.3));
#9145 = LINE('',#9146,#9147);
#9146 = CARTESIAN_POINT('',(2.825,-1.7,-3.3));
#9147 = VECTOR('',#9148,1.);
#9148 = DIRECTION('',(-1.,0.,0.));
#9149 = ORIENTED_EDGE('',*,*,#9150,.T.);
#9150 = EDGE_CURVE('',#9143,#9151,#9153,.T.);
#9151 = VERTEX_POINT('',#9152);
#9152 = CARTESIAN_POINT('',(2.825,-1.7,-4.4));
#9153 = LINE('',#9154,#9155);
#9154 = CARTESIAN_POINT('',(2.825,-1.7,-3.3));
#9155 = VECTOR('',#9156,1.);
#9156 = DIRECTION('',(0.,0.,-1.));
#9157 = ORIENTED_EDGE('',*,*,#9158,.T.);
#9158 = EDGE_CURVE('',#9151,#9108,#9159,.T.);
#9159 = LINE('',#9160,#9161);
#9160 = CARTESIAN_POINT('',(2.825,-1.7,-4.4));
#9161 = VECTOR('',#9162,1.);
#9162 = DIRECTION('',(-1.,0.,0.));
#9163 = PLANE('',#9164);
#9164 = AXIS2_PLACEMENT_3D('',#9165,#9166,#9167);
#9165 = CARTESIAN_POINT('',(2.825,-1.7,-3.3));
#9166 = DIRECTION('',(0.,-1.,0.));
#9167 = DIRECTION('',(-1.,0.,0.));
#9168 = ADVANCED_FACE('',(#9169),#9195,.T.);
#9169 = FACE_BOUND('',#9170,.T.);
#9170 = EDGE_LOOP('',(#9171,#9179,#9180,#9188));
#9171 = ORIENTED_EDGE('',*,*,#9172,.F.);
#9172 = EDGE_CURVE('',#9108,#9173,#9175,.T.);
#9173 = VERTEX_POINT('',#9174);
#9174 = CARTESIAN_POINT('',(0.125,-1.2,-4.4));
#9175 = LINE('',#9176,#9177);
#9176 = CARTESIAN_POINT('',(0.125,-1.7,-4.4));
#9177 = VECTOR('',#9178,1.);
#9178 = DIRECTION('',(0.,1.,0.));
#9179 = ORIENTED_EDGE('',*,*,#9105,.F.);
#9180 = ORIENTED_EDGE('',*,*,#9181,.T.);
#9181 = EDGE_CURVE('',#9106,#9182,#9184,.T.);
#9182 = VERTEX_POINT('',#9183);
#9183 = CARTESIAN_POINT('',(2.5E-02,-1.2,-4.3));
#9184 = LINE('',#9185,#9186);
#9185 = CARTESIAN_POINT('',(2.5E-02,-1.7,-4.3));
#9186 = VECTOR('',#9187,1.);
#9187 = DIRECTION('',(0.,1.,0.));
#9188 = ORIENTED_EDGE('',*,*,#9189,.F.);
#9189 = EDGE_CURVE('',#9173,#9182,#9190,.T.);
#9190 = CIRCLE('',#9191,0.1);
#9191 = AXIS2_PLACEMENT_3D('',#9192,#9193,#9194);
#9192 = CARTESIAN_POINT('',(0.125,-1.2,-4.3));
#9193 = DIRECTION('',(0.,1.,0.));
#9194 = DIRECTION('',(0.,0.,-1.));
#9195 = CYLINDRICAL_SURFACE('',#9196,0.1);
#9196 = AXIS2_PLACEMENT_3D('',#9197,#9198,#9199);
#9197 = CARTESIAN_POINT('',(0.125,-17.82802,-4.3));
#9198 = DIRECTION('',(0.,1.,0.));
#9199 = DIRECTION('',(0.,0.,-1.));
#9200 = ADVANCED_FACE('',(#9201),#9241,.T.);
#9201 = FACE_BOUND('',#9202,.F.);
#9202 = EDGE_LOOP('',(#9203,#9204,#9212,#9218,#9219,#9225,#9226,#9235));
#9203 = ORIENTED_EDGE('',*,*,#9189,.F.);
#9204 = ORIENTED_EDGE('',*,*,#9205,.T.);
#9205 = EDGE_CURVE('',#9173,#9206,#9208,.T.);
#9206 = VERTEX_POINT('',#9207);
#9207 = CARTESIAN_POINT('',(1.2,-1.2,-4.4));
#9208 = LINE('',#9209,#9210);
#9209 = CARTESIAN_POINT('',(0.125,-1.2,-4.4));
#9210 = VECTOR('',#9211,1.);
#9211 = DIRECTION('',(1.,0.,0.));
#9212 = ORIENTED_EDGE('',*,*,#9213,.T.);
#9213 = EDGE_CURVE('',#9206,#8924,#9214,.T.);
#9214 = LINE('',#9215,#9216);
#9215 = CARTESIAN_POINT('',(1.2,-1.2,-4.4));
#9216 = VECTOR('',#9217,1.);
#9217 = DIRECTION('',(0.,0.,1.));
#9218 = ORIENTED_EDGE('',*,*,#8923,.T.);
#9219 = ORIENTED_EDGE('',*,*,#9220,.F.);
#9220 = EDGE_CURVE('',#9050,#8916,#9221,.T.);
#9221 = LINE('',#9222,#9223);
#9222 = CARTESIAN_POINT('',(-1.175,-1.2,-3.3));
#9223 = VECTOR('',#9224,1.);
#9224 = DIRECTION('',(0.,0.,1.));
#9225 = ORIENTED_EDGE('',*,*,#9049,.F.);
#9226 = ORIENTED_EDGE('',*,*,#9227,.F.);
#9227 = EDGE_CURVE('',#9228,#9042,#9230,.T.);
#9228 = VERTEX_POINT('',#9229);
#9229 = CARTESIAN_POINT('',(2.5E-02,-1.2,-3.4));
#9230 = CIRCLE('',#9231,0.1);
#9231 = AXIS2_PLACEMENT_3D('',#9232,#9233,#9234);
#9232 = CARTESIAN_POINT('',(-7.5E-02,-1.2,-3.4));
#9233 = DIRECTION('',(0.,-1.,0.));
#9234 = DIRECTION('',(1.,0.,0.));
#9235 = ORIENTED_EDGE('',*,*,#9236,.T.);
#9236 = EDGE_CURVE('',#9228,#9182,#9237,.T.);
#9237 = LINE('',#9238,#9239);
#9238 = CARTESIAN_POINT('',(2.5E-02,-1.2,-3.4));
#9239 = VECTOR('',#9240,1.);
#9240 = DIRECTION('',(0.,0.,-1.));
#9241 = PLANE('',#9242);
#9242 = AXIS2_PLACEMENT_3D('',#9243,#9244,#9245);
#9243 = CARTESIAN_POINT('',(2.5E-02,-1.2,-3.3));
#9244 = DIRECTION('',(0.,1.,0.));
#9245 = DIRECTION('',(1.,0.,0.));
#9246 = ADVANCED_FACE('',(#9247),#9331,.T.);
#9247 = FACE_BOUND('',#9248,.F.);
#9248 = EDGE_LOOP('',(#9249,#9259,#9267,#9275,#9282,#9283,#9284,#9285,
    #9293,#9301,#9309,#9317,#9325));
#9249 = ORIENTED_EDGE('',*,*,#9250,.F.);
#9250 = EDGE_CURVE('',#9251,#9253,#9255,.T.);
#9251 = VERTEX_POINT('',#9252);
#9252 = CARTESIAN_POINT('',(0.2,0.673433846154,-4.4));
#9253 = VERTEX_POINT('',#9254);
#9254 = CARTESIAN_POINT('',(0.2,5.8,-4.4));
#9255 = LINE('',#9256,#9257);
#9256 = CARTESIAN_POINT('',(0.2,0.673433846154,-4.4));
#9257 = VECTOR('',#9258,1.);
#9258 = DIRECTION('',(0.,1.,0.));
#9259 = ORIENTED_EDGE('',*,*,#9260,.F.);
#9260 = EDGE_CURVE('',#9261,#9251,#9263,.T.);
#9261 = VERTEX_POINT('',#9262);
#9262 = CARTESIAN_POINT('',(1.3,0.372,-4.4));
#9263 = LINE('',#9264,#9265);
#9264 = CARTESIAN_POINT('',(1.3,0.372,-4.4));
#9265 = VECTOR('',#9266,1.);
#9266 = DIRECTION('',(-0.964443989117,0.264287328218,0.));
#9267 = ORIENTED_EDGE('',*,*,#9268,.F.);
#9268 = EDGE_CURVE('',#9269,#9261,#9271,.T.);
#9269 = VERTEX_POINT('',#9270);
#9270 = CARTESIAN_POINT('',(1.3,-1.1,-4.4));
#9271 = LINE('',#9272,#9273);
#9272 = CARTESIAN_POINT('',(1.3,-1.1,-4.4));
#9273 = VECTOR('',#9274,1.);
#9274 = DIRECTION('',(0.,1.,0.));
#9275 = ORIENTED_EDGE('',*,*,#9276,.F.);
#9276 = EDGE_CURVE('',#9206,#9269,#9277,.T.);
#9277 = CIRCLE('',#9278,0.1);
#9278 = AXIS2_PLACEMENT_3D('',#9279,#9280,#9281);
#9279 = CARTESIAN_POINT('',(1.2,-1.1,-4.4));
#9280 = DIRECTION('',(0.,0.,1.));
#9281 = DIRECTION('',(0.,-1.,0.));
#9282 = ORIENTED_EDGE('',*,*,#9205,.F.);
#9283 = ORIENTED_EDGE('',*,*,#9172,.F.);
#9284 = ORIENTED_EDGE('',*,*,#9158,.F.);
#9285 = ORIENTED_EDGE('',*,*,#9286,.F.);
#9286 = EDGE_CURVE('',#9287,#9151,#9289,.T.);
#9287 = VERTEX_POINT('',#9288);
#9288 = CARTESIAN_POINT('',(2.825,-1.1,-4.4));
#9289 = LINE('',#9290,#9291);
#9290 = CARTESIAN_POINT('',(2.825,-1.1,-4.4));
#9291 = VECTOR('',#9292,1.);
#9292 = DIRECTION('',(0.,-1.,0.));
#9293 = ORIENTED_EDGE('',*,*,#9294,.F.);
#9294 = EDGE_CURVE('',#9295,#9287,#9297,.T.);
#9295 = VERTEX_POINT('',#9296);
#9296 = CARTESIAN_POINT('',(7.,-1.1,-4.4));
#9297 = LINE('',#9298,#9299);
#9298 = CARTESIAN_POINT('',(7.,-1.1,-4.4));
#9299 = VECTOR('',#9300,1.);
#9300 = DIRECTION('',(-1.,0.,0.));
#9301 = ORIENTED_EDGE('',*,*,#9302,.F.);
#9302 = EDGE_CURVE('',#9303,#9295,#9305,.T.);
#9303 = VERTEX_POINT('',#9304);
#9304 = CARTESIAN_POINT('',(7.,-0.1,-4.4));
#9305 = LINE('',#9306,#9307);
#9306 = CARTESIAN_POINT('',(7.,-0.1,-4.4));
#9307 = VECTOR('',#9308,1.);
#9308 = DIRECTION('',(0.,-1.,0.));
#9309 = ORIENTED_EDGE('',*,*,#9310,.F.);
#9310 = EDGE_CURVE('',#9311,#9303,#9313,.T.);
#9311 = VERTEX_POINT('',#9312);
#9312 = CARTESIAN_POINT('',(5.45,-0.1,-4.4));
#9313 = LINE('',#9314,#9315);
#9314 = CARTESIAN_POINT('',(5.45,-0.1,-4.4));
#9315 = VECTOR('',#9316,1.);
#9316 = DIRECTION('',(1.,0.,0.));
#9317 = ORIENTED_EDGE('',*,*,#9318,.F.);
#9318 = EDGE_CURVE('',#9319,#9311,#9321,.T.);
#9319 = VERTEX_POINT('',#9320);
#9320 = CARTESIAN_POINT('',(5.45,5.8,-4.4));
#9321 = LINE('',#9322,#9323);
#9322 = CARTESIAN_POINT('',(5.45,5.8,-4.4));
#9323 = VECTOR('',#9324,1.);
#9324 = DIRECTION('',(0.,-1.,0.));
#9325 = ORIENTED_EDGE('',*,*,#9326,.F.);
#9326 = EDGE_CURVE('',#9253,#9319,#9327,.T.);
#9327 = LINE('',#9328,#9329);
#9328 = CARTESIAN_POINT('',(0.2,5.8,-4.4));
#9329 = VECTOR('',#9330,1.);
#9330 = DIRECTION('',(1.,0.,0.));
#9331 = PLANE('',#9332);
#9332 = AXIS2_PLACEMENT_3D('',#9333,#9334,#9335);
#9333 = CARTESIAN_POINT('',(0.,0.,-4.4));
#9334 = DIRECTION('',(0.,0.,-1.));
#9335 = DIRECTION('',(-1.,0.,0.));
#9336 = ADVANCED_FACE('',(#9337),#9367,.T.);
#9337 = FACE_BOUND('',#9338,.T.);
#9338 = EDGE_LOOP('',(#9339,#9349,#9356,#9357));
#9339 = ORIENTED_EDGE('',*,*,#9340,.T.);
#9340 = EDGE_CURVE('',#9341,#9343,#9345,.T.);
#9341 = VERTEX_POINT('',#9342);
#9342 = CARTESIAN_POINT('',(0.,0.72824,-4.2));
#9343 = VERTEX_POINT('',#9344);
#9344 = CARTESIAN_POINT('',(0.,5.8,-4.2));
#9345 = LINE('',#9346,#9347);
#9346 = CARTESIAN_POINT('',(0.,0.72824,-4.2));
#9347 = VECTOR('',#9348,1.);
#9348 = DIRECTION('',(0.,1.,0.));
#9349 = ORIENTED_EDGE('',*,*,#9350,.F.);
#9350 = EDGE_CURVE('',#9253,#9343,#9351,.T.);
#9351 = CIRCLE('',#9352,0.2);
#9352 = AXIS2_PLACEMENT_3D('',#9353,#9354,#9355);
#9353 = CARTESIAN_POINT('',(0.2,5.8,-4.2));
#9354 = DIRECTION('',(0.,1.,0.));
#9355 = DIRECTION('',(0.,0.,-1.));
#9356 = ORIENTED_EDGE('',*,*,#9250,.F.);
#9357 = ORIENTED_EDGE('',*,*,#9358,.F.);
#9358 = EDGE_CURVE('',#9341,#9251,#9359,.T.);
#9359 = B_SPLINE_CURVE_WITH_KNOTS('',3,(#9360,#9361,#9362,#9363,#9364,
    #9365,#9366),.UNSPECIFIED.,.F.,.F.,(4,1,1,1,4),(0.,0.25,0.5,0.75,1.)
  ,.QUASI_UNIFORM_KNOTS.);
#9360 = CARTESIAN_POINT('',(0.,0.72824,-4.2));
#9361 = CARTESIAN_POINT('',(0.,0.72824,-4.233947780816));
#9362 = CARTESIAN_POINT('',(1.486883623175E-02,0.72416548137,
    -4.286426339077));
#9363 = CARTESIAN_POINT('',(5.64386577712E-02,0.712774071197,
    -4.345167311654));
#9364 = CARTESIAN_POINT('',(0.115358407328,0.696628246903,
    -4.385918719037));
#9365 = CARTESIAN_POINT('',(0.167259266848,0.682405814445,-4.4));
#9366 = CARTESIAN_POINT('',(0.2,0.673433846154,-4.4));
#9367 = CYLINDRICAL_SURFACE('',#9368,0.2);
#9368 = AXIS2_PLACEMENT_3D('',#9369,#9370,#9371);
#9369 = CARTESIAN_POINT('',(0.2,-17.82802,-4.2));
#9370 = DIRECTION('',(0.,1.,0.));
#9371 = DIRECTION('',(0.,0.,-1.));
#9372 = ADVANCED_FACE('',(#9373),#9399,.T.);
#9373 = FACE_BOUND('',#9374,.F.);
#9374 = EDGE_LOOP('',(#9375,#9376,#9384,#9392,#9398));
#9375 = ORIENTED_EDGE('',*,*,#9358,.F.);
#9376 = ORIENTED_EDGE('',*,*,#9377,.F.);
#9377 = EDGE_CURVE('',#9378,#9341,#9380,.T.);
#9378 = VERTEX_POINT('',#9379);
#9379 = CARTESIAN_POINT('',(0.,0.72824,-3.3));
#9380 = LINE('',#9381,#9382);
#9381 = CARTESIAN_POINT('',(0.,0.72824,-3.3));
#9382 = VECTOR('',#9383,1.);
#9383 = DIRECTION('',(0.,0.,-1.));
#9384 = ORIENTED_EDGE('',*,*,#9385,.F.);
#9385 = EDGE_CURVE('',#9386,#9378,#9388,.T.);
#9386 = VERTEX_POINT('',#9387);
#9387 = CARTESIAN_POINT('',(1.3,0.372,-3.3));
#9388 = LINE('',#9389,#9390);
#9389 = CARTESIAN_POINT('',(1.3,0.372,-3.3));
#9390 = VECTOR('',#9391,1.);
#9391 = DIRECTION('',(-0.964443989117,0.264287328218,0.));
#9392 = ORIENTED_EDGE('',*,*,#9393,.T.);
#9393 = EDGE_CURVE('',#9386,#9261,#9394,.T.);
#9394 = LINE('',#9395,#9396);
#9395 = CARTESIAN_POINT('',(1.3,0.372,-3.3));
#9396 = VECTOR('',#9397,1.);
#9397 = DIRECTION('',(0.,0.,-1.));
#9398 = ORIENTED_EDGE('',*,*,#9260,.T.);
#9399 = PLANE('',#9400);
#9400 = AXIS2_PLACEMENT_3D('',#9401,#9402,#9403);
#9401 = CARTESIAN_POINT('',(1.3,0.372,-3.3));
#9402 = DIRECTION('',(-0.264287328218,-0.964443989117,0.));
#9403 = DIRECTION('',(-0.964443989117,0.264287328218,0.));
#9404 = ADVANCED_FACE('',(#9405),#9446,.T.);
#9405 = FACE_BOUND('',#9406,.F.);
#9406 = EDGE_LOOP('',(#9407,#9408,#9416,#9424,#9430,#9431,#9439,#9445));
#9407 = ORIENTED_EDGE('',*,*,#9340,.T.);
#9408 = ORIENTED_EDGE('',*,*,#9409,.T.);
#9409 = EDGE_CURVE('',#9343,#9410,#9412,.T.);
#9410 = VERTEX_POINT('',#9411);
#9411 = CARTESIAN_POINT('',(0.,5.8,-0.2));
#9412 = LINE('',#9413,#9414);
#9413 = CARTESIAN_POINT('',(0.,5.8,-4.2));
#9414 = VECTOR('',#9415,1.);
#9415 = DIRECTION('',(0.,0.,1.));
#9416 = ORIENTED_EDGE('',*,*,#9417,.T.);
#9417 = EDGE_CURVE('',#9410,#9418,#9420,.T.);
#9418 = VERTEX_POINT('',#9419);
#9419 = CARTESIAN_POINT('',(0.,0.,-0.2));
#9420 = LINE('',#9421,#9422);
#9421 = CARTESIAN_POINT('',(0.,5.8,-0.2));
#9422 = VECTOR('',#9423,1.);
#9423 = DIRECTION('',(0.,-1.,0.));
#9424 = ORIENTED_EDGE('',*,*,#9425,.T.);
#9425 = EDGE_CURVE('',#9418,#8680,#9426,.T.);
#9426 = LINE('',#9427,#9428);
#9427 = CARTESIAN_POINT('',(0.,0.,-0.2));
#9428 = VECTOR('',#9429,1.);
#9429 = DIRECTION('',(0.,0.,-1.));
#9430 = ORIENTED_EDGE('',*,*,#8679,.F.);
#9431 = ORIENTED_EDGE('',*,*,#9432,.T.);
#9432 = EDGE_CURVE('',#8672,#9433,#9435,.T.);
#9433 = VERTEX_POINT('',#9434);
#9434 = CARTESIAN_POINT('',(0.,3.901510408324,-3.3));
#9435 = LINE('',#9436,#9437);
#9436 = CARTESIAN_POINT('',(0.,3.901510408324,-1.1));
#9437 = VECTOR('',#9438,1.);
#9438 = DIRECTION('',(0.,0.,-1.));
#9439 = ORIENTED_EDGE('',*,*,#9440,.F.);
#9440 = EDGE_CURVE('',#9378,#9433,#9441,.T.);
#9441 = LINE('',#9442,#9443);
#9442 = CARTESIAN_POINT('',(0.,0.72824,-3.3));
#9443 = VECTOR('',#9444,1.);
#9444 = DIRECTION('',(0.,1.,0.));
#9445 = ORIENTED_EDGE('',*,*,#9377,.T.);
#9446 = PLANE('',#9447);
#9447 = AXIS2_PLACEMENT_3D('',#9448,#9449,#9450);
#9448 = CARTESIAN_POINT('',(0.,6.,0.));
#9449 = DIRECTION('',(-1.,0.,0.));
#9450 = DIRECTION('',(0.,-1.,0.));
#9451 = ADVANCED_FACE('',(#9452),#9479,.T.);
#9452 = FACE_BOUND('',#9453,.T.);
#9453 = EDGE_LOOP('',(#9454,#9463,#9464,#9473));
#9454 = ORIENTED_EDGE('',*,*,#9455,.F.);
#9455 = EDGE_CURVE('',#9343,#9456,#9458,.T.);
#9456 = VERTEX_POINT('',#9457);
#9457 = CARTESIAN_POINT('',(0.2,6.,-4.2));
#9458 = CIRCLE('',#9459,0.2);
#9459 = AXIS2_PLACEMENT_3D('',#9460,#9461,#9462);
#9460 = CARTESIAN_POINT('',(0.2,5.8,-4.2));
#9461 = DIRECTION('',(0.,0.,-1.));
#9462 = DIRECTION('',(-1.,0.,0.));
#9463 = ORIENTED_EDGE('',*,*,#9409,.T.);
#9464 = ORIENTED_EDGE('',*,*,#9465,.F.);
#9465 = EDGE_CURVE('',#9466,#9410,#9468,.T.);
#9466 = VERTEX_POINT('',#9467);
#9467 = CARTESIAN_POINT('',(0.2,6.,-0.2));
#9468 = CIRCLE('',#9469,0.2);
#9469 = AXIS2_PLACEMENT_3D('',#9470,#9471,#9472);
#9470 = CARTESIAN_POINT('',(0.2,5.8,-0.2));
#9471 = DIRECTION('',(0.,-0.,1.));
#9472 = DIRECTION('',(0.,1.,0.));
#9473 = ORIENTED_EDGE('',*,*,#9474,.F.);
#9474 = EDGE_CURVE('',#9456,#9466,#9475,.T.);
#9475 = LINE('',#9476,#9477);
#9476 = CARTESIAN_POINT('',(0.2,6.,-4.2));
#9477 = VECTOR('',#9478,1.);
#9478 = DIRECTION('',(0.,0.,1.));
#9479 = CYLINDRICAL_SURFACE('',#9480,0.2);
#9480 = AXIS2_PLACEMENT_3D('',#9481,#9482,#9483);
#9481 = CARTESIAN_POINT('',(0.2,5.8,-10.13584));
#9482 = DIRECTION('',(0.,0.,1.));
#9483 = DIRECTION('',(0.,1.,0.));
#9484 = ADVANCED_FACE('',(#9485),#9567,.T.);
#9485 = FACE_BOUND('',#9486,.F.);
#9486 = EDGE_LOOP('',(#9487,#9488,#9496,#9504,#9512,#9520,#9528,#9536,
    #9544,#9552,#9560,#9566));
#9487 = ORIENTED_EDGE('',*,*,#8467,.F.);
#9488 = ORIENTED_EDGE('',*,*,#9489,.T.);
#9489 = EDGE_CURVE('',#8468,#9490,#9492,.T.);
#9490 = VERTEX_POINT('',#9491);
#9491 = CARTESIAN_POINT('',(3.475,6.,-0.2));
#9492 = LINE('',#9493,#9494);
#9493 = CARTESIAN_POINT('',(5.45,6.,-0.2));
#9494 = VECTOR('',#9495,1.);
#9495 = DIRECTION('',(-1.,0.,0.));
#9496 = ORIENTED_EDGE('',*,*,#9497,.T.);
#9497 = EDGE_CURVE('',#9490,#9498,#9500,.T.);
#9498 = VERTEX_POINT('',#9499);
#9499 = CARTESIAN_POINT('',(3.475,6.,-1.65));
#9500 = LINE('',#9501,#9502);
#9501 = CARTESIAN_POINT('',(3.475,6.,-0.2));
#9502 = VECTOR('',#9503,1.);
#9503 = DIRECTION('',(0.,0.,-1.));
#9504 = ORIENTED_EDGE('',*,*,#9505,.T.);
#9505 = EDGE_CURVE('',#9498,#9506,#9508,.T.);
#9506 = VERTEX_POINT('',#9507);
#9507 = CARTESIAN_POINT('',(4.825,6.,-1.65));
#9508 = LINE('',#9509,#9510);
#9509 = CARTESIAN_POINT('',(3.475,6.,-1.65));
#9510 = VECTOR('',#9511,1.);
#9511 = DIRECTION('',(1.,0.,0.));
#9512 = ORIENTED_EDGE('',*,*,#9513,.T.);
#9513 = EDGE_CURVE('',#9506,#9514,#9516,.T.);
#9514 = VERTEX_POINT('',#9515);
#9515 = CARTESIAN_POINT('',(4.825,6.,-2.75));
#9516 = LINE('',#9517,#9518);
#9517 = CARTESIAN_POINT('',(4.825,6.,-1.65));
#9518 = VECTOR('',#9519,1.);
#9519 = DIRECTION('',(0.,0.,-1.));
#9520 = ORIENTED_EDGE('',*,*,#9521,.T.);
#9521 = EDGE_CURVE('',#9514,#9522,#9524,.T.);
#9522 = VERTEX_POINT('',#9523);
#9523 = CARTESIAN_POINT('',(3.475,6.,-2.75));
#9524 = LINE('',#9525,#9526);
#9525 = CARTESIAN_POINT('',(4.825,6.,-2.75));
#9526 = VECTOR('',#9527,1.);
#9527 = DIRECTION('',(-1.,0.,0.));
#9528 = ORIENTED_EDGE('',*,*,#9529,.T.);
#9529 = EDGE_CURVE('',#9522,#9530,#9532,.T.);
#9530 = VERTEX_POINT('',#9531);
#9531 = CARTESIAN_POINT('',(3.475,6.,-4.2));
#9532 = LINE('',#9533,#9534);
#9533 = CARTESIAN_POINT('',(3.475,6.,-2.75));
#9534 = VECTOR('',#9535,1.);
#9535 = DIRECTION('',(0.,0.,-1.));
#9536 = ORIENTED_EDGE('',*,*,#9537,.T.);
#9537 = EDGE_CURVE('',#9530,#9538,#9540,.T.);
#9538 = VERTEX_POINT('',#9539);
#9539 = CARTESIAN_POINT('',(5.45,6.,-4.2));
#9540 = LINE('',#9541,#9542);
#9541 = CARTESIAN_POINT('',(3.475,6.,-4.2));
#9542 = VECTOR('',#9543,1.);
#9543 = DIRECTION('',(1.,0.,0.));
#9544 = ORIENTED_EDGE('',*,*,#9545,.T.);
#9545 = EDGE_CURVE('',#9538,#9546,#9548,.T.);
#9546 = VERTEX_POINT('',#9547);
#9547 = CARTESIAN_POINT('',(5.45,6.,-3.3));
#9548 = LINE('',#9549,#9550);
#9549 = CARTESIAN_POINT('',(5.45,6.,-4.2));
#9550 = VECTOR('',#9551,1.);
#9551 = DIRECTION('',(0.,0.,1.));
#9552 = ORIENTED_EDGE('',*,*,#9553,.F.);
#9553 = EDGE_CURVE('',#9554,#9546,#9556,.T.);
#9554 = VERTEX_POINT('',#9555);
#9555 = CARTESIAN_POINT('',(5.4,6.,-3.3));
#9556 = LINE('',#9557,#9558);
#9557 = CARTESIAN_POINT('',(5.4,6.,-3.3));
#9558 = VECTOR('',#9559,1.);
#9559 = DIRECTION('',(1.,0.,0.));
#9560 = ORIENTED_EDGE('',*,*,#9561,.F.);
#9561 = EDGE_CURVE('',#8599,#9554,#9562,.T.);
#9562 = LINE('',#9563,#9564);
#9563 = CARTESIAN_POINT('',(5.4,6.,-1.1));
#9564 = VECTOR('',#9565,1.);
#9565 = DIRECTION('',(0.,0.,-1.));
#9566 = ORIENTED_EDGE('',*,*,#8598,.F.);
#9567 = PLANE('',#9568);
#9568 = AXIS2_PLACEMENT_3D('',#9569,#9570,#9571);
#9569 = CARTESIAN_POINT('',(5.65,6.,0.));
#9570 = DIRECTION('',(0.,1.,0.));
#9571 = DIRECTION('',(-1.,0.,0.));
#9572 = ADVANCED_FACE('',(#9573),#9630,.T.);
#9573 = FACE_BOUND('',#9574,.F.);
#9574 = EDGE_LOOP('',(#9575,#9583,#9584,#9592,#9600,#9608,#9616,#9624));
#9575 = ORIENTED_EDGE('',*,*,#9576,.T.);
#9576 = EDGE_CURVE('',#9577,#9466,#9579,.T.);
#9577 = VERTEX_POINT('',#9578);
#9578 = CARTESIAN_POINT('',(2.175,6.,-0.2));
#9579 = LINE('',#9580,#9581);
#9580 = CARTESIAN_POINT('',(2.175,6.,-0.2));
#9581 = VECTOR('',#9582,1.);
#9582 = DIRECTION('',(-1.,0.,0.));
#9583 = ORIENTED_EDGE('',*,*,#9474,.F.);
#9584 = ORIENTED_EDGE('',*,*,#9585,.T.);
#9585 = EDGE_CURVE('',#9456,#9586,#9588,.T.);
#9586 = VERTEX_POINT('',#9587);
#9587 = CARTESIAN_POINT('',(2.175,6.,-4.2));
#9588 = LINE('',#9589,#9590);
#9589 = CARTESIAN_POINT('',(0.2,6.,-4.2));
#9590 = VECTOR('',#9591,1.);
#9591 = DIRECTION('',(1.,0.,0.));
#9592 = ORIENTED_EDGE('',*,*,#9593,.T.);
#9593 = EDGE_CURVE('',#9586,#9594,#9596,.T.);
#9594 = VERTEX_POINT('',#9595);
#9595 = CARTESIAN_POINT('',(2.175,6.,-2.75));
#9596 = LINE('',#9597,#9598);
#9597 = CARTESIAN_POINT('',(2.175,6.,-4.2));
#9598 = VECTOR('',#9599,1.);
#9599 = DIRECTION('',(0.,0.,1.));
#9600 = ORIENTED_EDGE('',*,*,#9601,.T.);
#9601 = EDGE_CURVE('',#9594,#9602,#9604,.T.);
#9602 = VERTEX_POINT('',#9603);
#9603 = CARTESIAN_POINT('',(0.825,6.,-2.75));
#9604 = LINE('',#9605,#9606);
#9605 = CARTESIAN_POINT('',(2.175,6.,-2.75));
#9606 = VECTOR('',#9607,1.);
#9607 = DIRECTION('',(-1.,0.,0.));
#9608 = ORIENTED_EDGE('',*,*,#9609,.T.);
#9609 = EDGE_CURVE('',#9602,#9610,#9612,.T.);
#9610 = VERTEX_POINT('',#9611);
#9611 = CARTESIAN_POINT('',(0.825,6.,-1.65));
#9612 = LINE('',#9613,#9614);
#9613 = CARTESIAN_POINT('',(0.825,6.,-2.75));
#9614 = VECTOR('',#9615,1.);
#9615 = DIRECTION('',(0.,0.,1.));
#9616 = ORIENTED_EDGE('',*,*,#9617,.T.);
#9617 = EDGE_CURVE('',#9610,#9618,#9620,.T.);
#9618 = VERTEX_POINT('',#9619);
#9619 = CARTESIAN_POINT('',(2.175,6.,-1.65));
#9620 = LINE('',#9621,#9622);
#9621 = CARTESIAN_POINT('',(0.825,6.,-1.65));
#9622 = VECTOR('',#9623,1.);
#9623 = DIRECTION('',(1.,0.,0.));
#9624 = ORIENTED_EDGE('',*,*,#9625,.T.);
#9625 = EDGE_CURVE('',#9618,#9577,#9626,.T.);
#9626 = LINE('',#9627,#9628);
#9627 = CARTESIAN_POINT('',(2.175,6.,-1.65));
#9628 = VECTOR('',#9629,1.);
#9629 = DIRECTION('',(0.,0.,1.));
#9630 = PLANE('',#9631);
#9631 = AXIS2_PLACEMENT_3D('',#9632,#9633,#9634);
#9632 = CARTESIAN_POINT('',(5.65,6.,0.));
#9633 = DIRECTION('',(0.,1.,0.));
#9634 = DIRECTION('',(-1.,0.,0.));
#9635 = ADVANCED_FACE('',(#9636),#9661,.T.);
#9636 = FACE_BOUND('',#9637,.T.);
#9637 = EDGE_LOOP('',(#9638,#9645,#9646,#9653,#9654,#9660));
#9638 = ORIENTED_EDGE('',*,*,#9639,.F.);
#9639 = EDGE_CURVE('',#8354,#9466,#9640,.T.);
#9640 = CIRCLE('',#9641,0.2);
#9641 = AXIS2_PLACEMENT_3D('',#9642,#9643,#9644);
#9642 = CARTESIAN_POINT('',(0.2,5.8,-0.2));
#9643 = DIRECTION('',(-1.,0.,0.));
#9644 = DIRECTION('',(0.,0.,1.));
#9645 = ORIENTED_EDGE('',*,*,#8361,.F.);
#9646 = ORIENTED_EDGE('',*,*,#9647,.F.);
#9647 = EDGE_CURVE('',#8468,#8232,#9648,.T.);
#9648 = CIRCLE('',#9649,0.2);
#9649 = AXIS2_PLACEMENT_3D('',#9650,#9651,#9652);
#9650 = CARTESIAN_POINT('',(5.45,5.8,-0.2));
#9651 = DIRECTION('',(1.,0.,0.));
#9652 = DIRECTION('',(-0.,1.,0.));
#9653 = ORIENTED_EDGE('',*,*,#9489,.T.);
#9654 = ORIENTED_EDGE('',*,*,#9655,.T.);
#9655 = EDGE_CURVE('',#9490,#9577,#9656,.T.);
#9656 = LINE('',#9657,#9658);
#9657 = CARTESIAN_POINT('',(3.475,6.,-0.2));
#9658 = VECTOR('',#9659,1.);
#9659 = DIRECTION('',(-1.,0.,0.));
#9660 = ORIENTED_EDGE('',*,*,#9576,.T.);
#9661 = CYLINDRICAL_SURFACE('',#9662,0.2);
#9662 = AXIS2_PLACEMENT_3D('',#9663,#9664,#9665);
#9663 = CARTESIAN_POINT('',(17.81988,5.8,-0.2));
#9664 = DIRECTION('',(-1.,0.,0.));
#9665 = DIRECTION('',(0.,0.,1.));
#9666 = ADVANCED_FACE('',(#9667),#9692,.T.);
#9667 = FACE_BOUND('',#9668,.F.);
#9668 = EDGE_LOOP('',(#9669,#9670,#9678,#9686));
#9669 = ORIENTED_EDGE('',*,*,#9655,.T.);
#9670 = ORIENTED_EDGE('',*,*,#9671,.T.);
#9671 = EDGE_CURVE('',#9577,#9672,#9674,.T.);
#9672 = VERTEX_POINT('',#9673);
#9673 = CARTESIAN_POINT('',(2.175,9.6,-0.2));
#9674 = LINE('',#9675,#9676);
#9675 = CARTESIAN_POINT('',(2.175,6.,-0.2));
#9676 = VECTOR('',#9677,1.);
#9677 = DIRECTION('',(0.,1.,0.));
#9678 = ORIENTED_EDGE('',*,*,#9679,.T.);
#9679 = EDGE_CURVE('',#9672,#9680,#9682,.T.);
#9680 = VERTEX_POINT('',#9681);
#9681 = CARTESIAN_POINT('',(3.475,9.6,-0.2));
#9682 = LINE('',#9683,#9684);
#9683 = CARTESIAN_POINT('',(2.175,9.6,-0.2));
#9684 = VECTOR('',#9685,1.);
#9685 = DIRECTION('',(1.,0.,0.));
#9686 = ORIENTED_EDGE('',*,*,#9687,.F.);
#9687 = EDGE_CURVE('',#9490,#9680,#9688,.T.);
#9688 = LINE('',#9689,#9690);
#9689 = CARTESIAN_POINT('',(3.475,6.,-0.2));
#9690 = VECTOR('',#9691,1.);
#9691 = DIRECTION('',(0.,1.,0.));
#9692 = PLANE('',#9693);
#9693 = AXIS2_PLACEMENT_3D('',#9694,#9695,#9696);
#9694 = CARTESIAN_POINT('',(2.175,6.,-0.2));
#9695 = DIRECTION('',(0.,0.,1.));
#9696 = DIRECTION('',(1.,0.,-0.));
#9697 = ADVANCED_FACE('',(#9698),#9716,.T.);
#9698 = FACE_BOUND('',#9699,.F.);
#9699 = EDGE_LOOP('',(#9700,#9701,#9709,#9715));
#9700 = ORIENTED_EDGE('',*,*,#9625,.F.);
#9701 = ORIENTED_EDGE('',*,*,#9702,.T.);
#9702 = EDGE_CURVE('',#9618,#9703,#9705,.T.);
#9703 = VERTEX_POINT('',#9704);
#9704 = CARTESIAN_POINT('',(2.175,9.6,-1.65));
#9705 = LINE('',#9706,#9707);
#9706 = CARTESIAN_POINT('',(2.175,6.,-1.65));
#9707 = VECTOR('',#9708,1.);
#9708 = DIRECTION('',(0.,1.,0.));
#9709 = ORIENTED_EDGE('',*,*,#9710,.T.);
#9710 = EDGE_CURVE('',#9703,#9672,#9711,.T.);
#9711 = LINE('',#9712,#9713);
#9712 = CARTESIAN_POINT('',(2.175,9.6,-1.65));
#9713 = VECTOR('',#9714,1.);
#9714 = DIRECTION('',(0.,0.,1.));
#9715 = ORIENTED_EDGE('',*,*,#9671,.F.);
#9716 = PLANE('',#9717);
#9717 = AXIS2_PLACEMENT_3D('',#9718,#9719,#9720);
#9718 = CARTESIAN_POINT('',(2.175,6.,-1.65));
#9719 = DIRECTION('',(-1.,0.,0.));
#9720 = DIRECTION('',(0.,0.,1.));
#9721 = ADVANCED_FACE('',(#9722),#9740,.T.);
#9722 = FACE_BOUND('',#9723,.F.);
#9723 = EDGE_LOOP('',(#9724,#9732,#9733,#9734));
#9724 = ORIENTED_EDGE('',*,*,#9725,.T.);
#9725 = EDGE_CURVE('',#9726,#9703,#9728,.T.);
#9726 = VERTEX_POINT('',#9727);
#9727 = CARTESIAN_POINT('',(0.825,9.6,-1.65));
#9728 = LINE('',#9729,#9730);
#9729 = CARTESIAN_POINT('',(0.825,9.6,-1.65));
#9730 = VECTOR('',#9731,1.);
#9731 = DIRECTION('',(1.,0.,0.));
#9732 = ORIENTED_EDGE('',*,*,#9702,.F.);
#9733 = ORIENTED_EDGE('',*,*,#9617,.F.);
#9734 = ORIENTED_EDGE('',*,*,#9735,.T.);
#9735 = EDGE_CURVE('',#9610,#9726,#9736,.T.);
#9736 = LINE('',#9737,#9738);
#9737 = CARTESIAN_POINT('',(0.825,6.,-1.65));
#9738 = VECTOR('',#9739,1.);
#9739 = DIRECTION('',(0.,1.,0.));
#9740 = PLANE('',#9741);
#9741 = AXIS2_PLACEMENT_3D('',#9742,#9743,#9744);
#9742 = CARTESIAN_POINT('',(0.825,6.,-1.65));
#9743 = DIRECTION('',(0.,0.,1.));
#9744 = DIRECTION('',(1.,0.,-0.));
#9745 = ADVANCED_FACE('',(#9746),#9771,.T.);
#9746 = FACE_BOUND('',#9747,.F.);
#9747 = EDGE_LOOP('',(#9748,#9749,#9757,#9765));
#9748 = ORIENTED_EDGE('',*,*,#9725,.F.);
#9749 = ORIENTED_EDGE('',*,*,#9750,.T.);
#9750 = EDGE_CURVE('',#9726,#9751,#9753,.T.);
#9751 = VERTEX_POINT('',#9752);
#9752 = CARTESIAN_POINT('',(0.925,9.7,-1.75));
#9753 = LINE('',#9754,#9755);
#9754 = CARTESIAN_POINT('',(0.825,9.6,-1.65));
#9755 = VECTOR('',#9756,1.);
#9756 = DIRECTION('',(0.57735026919,0.57735026919,-0.57735026919));
#9757 = ORIENTED_EDGE('',*,*,#9758,.T.);
#9758 = EDGE_CURVE('',#9751,#9759,#9761,.T.);
#9759 = VERTEX_POINT('',#9760);
#9760 = CARTESIAN_POINT('',(2.275,9.7,-1.75));
#9761 = LINE('',#9762,#9763);
#9762 = CARTESIAN_POINT('',(0.925,9.7,-1.75));
#9763 = VECTOR('',#9764,1.);
#9764 = DIRECTION('',(1.,0.,0.));
#9765 = ORIENTED_EDGE('',*,*,#9766,.F.);
#9766 = EDGE_CURVE('',#9703,#9759,#9767,.T.);
#9767 = LINE('',#9768,#9769);
#9768 = CARTESIAN_POINT('',(2.175,9.6,-1.65));
#9769 = VECTOR('',#9770,1.);
#9770 = DIRECTION('',(0.57735026919,0.57735026919,-0.57735026919));
#9771 = PLANE('',#9772);
#9772 = AXIS2_PLACEMENT_3D('',#9773,#9774,#9775);
#9773 = CARTESIAN_POINT('',(1.5,9.65,-1.7));
#9774 = DIRECTION('',(0.,0.707106781186,0.707106781187));
#9775 = DIRECTION('',(0.,-0.707106781187,0.707106781186));
#9776 = ADVANCED_FACE('',(#9777),#9802,.T.);
#9777 = FACE_BOUND('',#9778,.F.);
#9778 = EDGE_LOOP('',(#9779,#9787,#9795,#9801));
#9779 = ORIENTED_EDGE('',*,*,#9780,.F.);
#9780 = EDGE_CURVE('',#9781,#9726,#9783,.T.);
#9781 = VERTEX_POINT('',#9782);
#9782 = CARTESIAN_POINT('',(0.825,9.6,-2.75));
#9783 = LINE('',#9784,#9785);
#9784 = CARTESIAN_POINT('',(0.825,9.6,-2.75));
#9785 = VECTOR('',#9786,1.);
#9786 = DIRECTION('',(0.,0.,1.));
#9787 = ORIENTED_EDGE('',*,*,#9788,.T.);
#9788 = EDGE_CURVE('',#9781,#9789,#9791,.T.);
#9789 = VERTEX_POINT('',#9790);
#9790 = CARTESIAN_POINT('',(0.925,9.7,-2.65));
#9791 = LINE('',#9792,#9793);
#9792 = CARTESIAN_POINT('',(0.825,9.6,-2.75));
#9793 = VECTOR('',#9794,1.);
#9794 = DIRECTION('',(0.57735026919,0.57735026919,0.57735026919));
#9795 = ORIENTED_EDGE('',*,*,#9796,.T.);
#9796 = EDGE_CURVE('',#9789,#9751,#9797,.T.);
#9797 = LINE('',#9798,#9799);
#9798 = CARTESIAN_POINT('',(0.925,9.7,-2.65));
#9799 = VECTOR('',#9800,1.);
#9800 = DIRECTION('',(0.,0.,1.));
#9801 = ORIENTED_EDGE('',*,*,#9750,.F.);
#9802 = PLANE('',#9803);
#9803 = AXIS2_PLACEMENT_3D('',#9804,#9805,#9806);
#9804 = CARTESIAN_POINT('',(0.875,9.65,-2.2));
#9805 = DIRECTION('',(-0.707106781187,0.707106781186,0.));
#9806 = DIRECTION('',(-0.707106781186,-0.707106781187,0.));
#9807 = ADVANCED_FACE('',(#9808),#9819,.T.);
#9808 = FACE_BOUND('',#9809,.F.);
#9809 = EDGE_LOOP('',(#9810,#9811,#9812,#9813));
#9810 = ORIENTED_EDGE('',*,*,#9780,.T.);
#9811 = ORIENTED_EDGE('',*,*,#9735,.F.);
#9812 = ORIENTED_EDGE('',*,*,#9609,.F.);
#9813 = ORIENTED_EDGE('',*,*,#9814,.T.);
#9814 = EDGE_CURVE('',#9602,#9781,#9815,.T.);
#9815 = LINE('',#9816,#9817);
#9816 = CARTESIAN_POINT('',(0.825,6.,-2.75));
#9817 = VECTOR('',#9818,1.);
#9818 = DIRECTION('',(0.,1.,0.));
#9819 = PLANE('',#9820);
#9820 = AXIS2_PLACEMENT_3D('',#9821,#9822,#9823);
#9821 = CARTESIAN_POINT('',(0.825,6.,-2.75));
#9822 = DIRECTION('',(-1.,0.,0.));
#9823 = DIRECTION('',(0.,0.,1.));
#9824 = ADVANCED_FACE('',(#9825),#9843,.T.);
#9825 = FACE_BOUND('',#9826,.F.);
#9826 = EDGE_LOOP('',(#9827,#9835,#9836,#9837));
#9827 = ORIENTED_EDGE('',*,*,#9828,.T.);
#9828 = EDGE_CURVE('',#9829,#9781,#9831,.T.);
#9829 = VERTEX_POINT('',#9830);
#9830 = CARTESIAN_POINT('',(2.175,9.6,-2.75));
#9831 = LINE('',#9832,#9833);
#9832 = CARTESIAN_POINT('',(2.175,9.6,-2.75));
#9833 = VECTOR('',#9834,1.);
#9834 = DIRECTION('',(-1.,0.,0.));
#9835 = ORIENTED_EDGE('',*,*,#9814,.F.);
#9836 = ORIENTED_EDGE('',*,*,#9601,.F.);
#9837 = ORIENTED_EDGE('',*,*,#9838,.T.);
#9838 = EDGE_CURVE('',#9594,#9829,#9839,.T.);
#9839 = LINE('',#9840,#9841);
#9840 = CARTESIAN_POINT('',(2.175,6.,-2.75));
#9841 = VECTOR('',#9842,1.);
#9842 = DIRECTION('',(0.,1.,0.));
#9843 = PLANE('',#9844);
#9844 = AXIS2_PLACEMENT_3D('',#9845,#9846,#9847);
#9845 = CARTESIAN_POINT('',(2.175,6.,-2.75));
#9846 = DIRECTION('',(0.,0.,-1.));
#9847 = DIRECTION('',(-1.,0.,0.));
#9848 = ADVANCED_FACE('',(#9849),#9867,.T.);
#9849 = FACE_BOUND('',#9850,.F.);
#9850 = EDGE_LOOP('',(#9851,#9852,#9860,#9866));
#9851 = ORIENTED_EDGE('',*,*,#9828,.F.);
#9852 = ORIENTED_EDGE('',*,*,#9853,.T.);
#9853 = EDGE_CURVE('',#9829,#9854,#9856,.T.);
#9854 = VERTEX_POINT('',#9855);
#9855 = CARTESIAN_POINT('',(2.275,9.7,-2.65));
#9856 = LINE('',#9857,#9858);
#9857 = CARTESIAN_POINT('',(2.175,9.6,-2.75));
#9858 = VECTOR('',#9859,1.);
#9859 = DIRECTION('',(0.57735026919,0.57735026919,0.57735026919));
#9860 = ORIENTED_EDGE('',*,*,#9861,.T.);
#9861 = EDGE_CURVE('',#9854,#9789,#9862,.T.);
#9862 = LINE('',#9863,#9864);
#9863 = CARTESIAN_POINT('',(2.275,9.7,-2.65));
#9864 = VECTOR('',#9865,1.);
#9865 = DIRECTION('',(-1.,0.,0.));
#9866 = ORIENTED_EDGE('',*,*,#9788,.F.);
#9867 = PLANE('',#9868);
#9868 = AXIS2_PLACEMENT_3D('',#9869,#9870,#9871);
#9869 = CARTESIAN_POINT('',(1.5,9.65,-2.7));
#9870 = DIRECTION('',(0.,0.707106781186,-0.707106781187));
#9871 = DIRECTION('',(0.,-0.707106781187,-0.707106781186));
#9872 = ADVANCED_FACE('',(#9873),#9898,.T.);
#9873 = FACE_BOUND('',#9874,.F.);
#9874 = EDGE_LOOP('',(#9875,#9883,#9891,#9897));
#9875 = ORIENTED_EDGE('',*,*,#9876,.F.);
#9876 = EDGE_CURVE('',#9877,#9829,#9879,.T.);
#9877 = VERTEX_POINT('',#9878);
#9878 = CARTESIAN_POINT('',(2.175,9.6,-4.2));
#9879 = LINE('',#9880,#9881);
#9880 = CARTESIAN_POINT('',(2.175,9.6,-4.2));
#9881 = VECTOR('',#9882,1.);
#9882 = DIRECTION('',(0.,0.,1.));
#9883 = ORIENTED_EDGE('',*,*,#9884,.T.);
#9884 = EDGE_CURVE('',#9877,#9885,#9887,.T.);
#9885 = VERTEX_POINT('',#9886);
#9886 = CARTESIAN_POINT('',(2.275,9.7,-4.1));
#9887 = LINE('',#9888,#9889);
#9888 = CARTESIAN_POINT('',(2.175,9.6,-4.2));
#9889 = VECTOR('',#9890,1.);
#9890 = DIRECTION('',(0.57735026919,0.57735026919,0.57735026919));
#9891 = ORIENTED_EDGE('',*,*,#9892,.T.);
#9892 = EDGE_CURVE('',#9885,#9854,#9893,.T.);
#9893 = LINE('',#9894,#9895);
#9894 = CARTESIAN_POINT('',(2.275,9.7,-4.1));
#9895 = VECTOR('',#9896,1.);
#9896 = DIRECTION('',(0.,0.,1.));
#9897 = ORIENTED_EDGE('',*,*,#9853,.F.);
#9898 = PLANE('',#9899);
#9899 = AXIS2_PLACEMENT_3D('',#9900,#9901,#9902);
#9900 = CARTESIAN_POINT('',(2.225,9.65,-3.475));
#9901 = DIRECTION('',(-0.707106781187,0.707106781186,0.));
#9902 = DIRECTION('',(-0.707106781186,-0.707106781187,0.));
#9903 = ADVANCED_FACE('',(#9904),#9915,.T.);
#9904 = FACE_BOUND('',#9905,.F.);
#9905 = EDGE_LOOP('',(#9906,#9907,#9913,#9914));
#9906 = ORIENTED_EDGE('',*,*,#9593,.F.);
#9907 = ORIENTED_EDGE('',*,*,#9908,.T.);
#9908 = EDGE_CURVE('',#9586,#9877,#9909,.T.);
#9909 = LINE('',#9910,#9911);
#9910 = CARTESIAN_POINT('',(2.175,6.,-4.2));
#9911 = VECTOR('',#9912,1.);
#9912 = DIRECTION('',(0.,1.,0.));
#9913 = ORIENTED_EDGE('',*,*,#9876,.T.);
#9914 = ORIENTED_EDGE('',*,*,#9838,.F.);
#9915 = PLANE('',#9916);
#9916 = AXIS2_PLACEMENT_3D('',#9917,#9918,#9919);
#9917 = CARTESIAN_POINT('',(2.175,6.,-4.2));
#9918 = DIRECTION('',(-1.,0.,0.));
#9919 = DIRECTION('',(0.,0.,1.));
#9920 = ADVANCED_FACE('',(#9921),#9944,.T.);
#9921 = FACE_BOUND('',#9922,.F.);
#9922 = EDGE_LOOP('',(#9923,#9929,#9937,#9943));
#9923 = ORIENTED_EDGE('',*,*,#9924,.T.);
#9924 = EDGE_CURVE('',#9586,#9530,#9925,.T.);
#9925 = LINE('',#9926,#9927);
#9926 = CARTESIAN_POINT('',(2.175,6.,-4.2));
#9927 = VECTOR('',#9928,1.);
#9928 = DIRECTION('',(1.,0.,0.));
#9929 = ORIENTED_EDGE('',*,*,#9930,.T.);
#9930 = EDGE_CURVE('',#9530,#9931,#9933,.T.);
#9931 = VERTEX_POINT('',#9932);
#9932 = CARTESIAN_POINT('',(3.475,9.6,-4.2));
#9933 = LINE('',#9934,#9935);
#9934 = CARTESIAN_POINT('',(3.475,6.,-4.2));
#9935 = VECTOR('',#9936,1.);
#9936 = DIRECTION('',(0.,1.,0.));
#9937 = ORIENTED_EDGE('',*,*,#9938,.T.);
#9938 = EDGE_CURVE('',#9931,#9877,#9939,.T.);
#9939 = LINE('',#9940,#9941);
#9940 = CARTESIAN_POINT('',(3.475,9.6,-4.2));
#9941 = VECTOR('',#9942,1.);
#9942 = DIRECTION('',(-1.,0.,0.));
#9943 = ORIENTED_EDGE('',*,*,#9908,.F.);
#9944 = PLANE('',#9945);
#9945 = AXIS2_PLACEMENT_3D('',#9946,#9947,#9948);
#9946 = CARTESIAN_POINT('',(3.475,6.,-4.2));
#9947 = DIRECTION('',(0.,0.,-1.));
#9948 = DIRECTION('',(-1.,0.,0.));
#9949 = ADVANCED_FACE('',(#9950),#9970,.T.);
#9950 = FACE_BOUND('',#9951,.T.);
#9951 = EDGE_LOOP('',(#9952,#9959,#9960,#9967,#9968,#9969));
#9952 = ORIENTED_EDGE('',*,*,#9953,.F.);
#9953 = EDGE_CURVE('',#9319,#9538,#9954,.T.);
#9954 = CIRCLE('',#9955,0.2);
#9955 = AXIS2_PLACEMENT_3D('',#9956,#9957,#9958);
#9956 = CARTESIAN_POINT('',(5.45,5.8,-4.2));
#9957 = DIRECTION('',(1.,0.,0.));
#9958 = DIRECTION('',(0.,0.,-1.));
#9959 = ORIENTED_EDGE('',*,*,#9326,.F.);
#9960 = ORIENTED_EDGE('',*,*,#9961,.F.);
#9961 = EDGE_CURVE('',#9456,#9253,#9962,.T.);
#9962 = CIRCLE('',#9963,0.2);
#9963 = AXIS2_PLACEMENT_3D('',#9964,#9965,#9966);
#9964 = CARTESIAN_POINT('',(0.2,5.8,-4.2));
#9965 = DIRECTION('',(-1.,0.,0.));
#9966 = DIRECTION('',(0.,1.,0.));
#9967 = ORIENTED_EDGE('',*,*,#9585,.T.);
#9968 = ORIENTED_EDGE('',*,*,#9924,.T.);
#9969 = ORIENTED_EDGE('',*,*,#9537,.T.);
#9970 = CYLINDRICAL_SURFACE('',#9971,0.2);
#9971 = AXIS2_PLACEMENT_3D('',#9972,#9973,#9974);
#9972 = CARTESIAN_POINT('',(-12.11988,5.8,-4.2));
#9973 = DIRECTION('',(1.,0.,0.));
#9974 = DIRECTION('',(0.,0.,-1.));
#9975 = ADVANCED_FACE('',(#9976),#9981,.T.);
#9976 = FACE_BOUND('',#9977,.T.);
#9977 = EDGE_LOOP('',(#9978,#9979,#9980));
#9978 = ORIENTED_EDGE('',*,*,#9961,.T.);
#9979 = ORIENTED_EDGE('',*,*,#9350,.T.);
#9980 = ORIENTED_EDGE('',*,*,#9455,.T.);
#9981 = SPHERICAL_SURFACE('',#9982,0.2);
#9982 = AXIS2_PLACEMENT_3D('',#9983,#9984,#9985);
#9983 = CARTESIAN_POINT('',(0.2,5.8,-4.2));
#9984 = DIRECTION('',(0.707106781187,0.,-0.707106781187));
#9985 = DIRECTION('',(-0.707106781187,0.,-0.707106781187));
#9986 = ADVANCED_FACE('',(#9987),#10006,.T.);
#9987 = FACE_BOUND('',#9988,.T.);
#9988 = EDGE_LOOP('',(#9989,#9998,#10005));
#9989 = ORIENTED_EDGE('',*,*,#9990,.T.);
#9990 = EDGE_CURVE('',#9538,#9991,#9993,.T.);
#9991 = VERTEX_POINT('',#9992);
#9992 = CARTESIAN_POINT('',(5.65,5.8,-4.2));
#9993 = CIRCLE('',#9994,0.2);
#9994 = AXIS2_PLACEMENT_3D('',#9995,#9996,#9997);
#9995 = CARTESIAN_POINT('',(5.45,5.8,-4.2));
#9996 = DIRECTION('',(0.,0.,-1.));
#9997 = DIRECTION('',(0.,1.,0.));
#9998 = ORIENTED_EDGE('',*,*,#9999,.T.);
#9999 = EDGE_CURVE('',#9991,#9319,#10000,.T.);
#10000 = CIRCLE('',#10001,0.2);
#10001 = AXIS2_PLACEMENT_3D('',#10002,#10003,#10004);
#10002 = CARTESIAN_POINT('',(5.45,5.8,-4.2));
#10003 = DIRECTION('',(-0.,1.,0.));
#10004 = DIRECTION('',(1.,0.,0.));
#10005 = ORIENTED_EDGE('',*,*,#9953,.T.);
#10006 = SPHERICAL_SURFACE('',#10007,0.2);
#10007 = AXIS2_PLACEMENT_3D('',#10008,#10009,#10010);
#10008 = CARTESIAN_POINT('',(5.45,5.8,-4.2));
#10009 = DIRECTION('',(0.707106781187,0.,0.707106781187));
#10010 = DIRECTION('',(0.707106781187,0.,-0.707106781187));
#10011 = ADVANCED_FACE('',(#10012),#10031,.T.);
#10012 = FACE_BOUND('',#10013,.T.);
#10013 = EDGE_LOOP('',(#10014,#10023,#10024,#10025));
#10014 = ORIENTED_EDGE('',*,*,#10015,.F.);
#10015 = EDGE_CURVE('',#9311,#10016,#10018,.T.);
#10016 = VERTEX_POINT('',#10017);
#10017 = CARTESIAN_POINT('',(5.65,-0.1,-4.2));
#10018 = CIRCLE('',#10019,0.2);
#10019 = AXIS2_PLACEMENT_3D('',#10020,#10021,#10022);
#10020 = CARTESIAN_POINT('',(5.45,-0.1,-4.2));
#10021 = DIRECTION('',(0.,-1.,0.));
#10022 = DIRECTION('',(0.,0.,-1.));
#10023 = ORIENTED_EDGE('',*,*,#9318,.F.);
#10024 = ORIENTED_EDGE('',*,*,#9999,.F.);
#10025 = ORIENTED_EDGE('',*,*,#10026,.T.);
#10026 = EDGE_CURVE('',#9991,#10016,#10027,.T.);
#10027 = LINE('',#10028,#10029);
#10028 = CARTESIAN_POINT('',(5.65,5.8,-4.2));
#10029 = VECTOR('',#10030,1.);
#10030 = DIRECTION('',(0.,-1.,0.));
#10031 = CYLINDRICAL_SURFACE('',#10032,0.2);
#10032 = AXIS2_PLACEMENT_3D('',#10033,#10034,#10035);
#10033 = CARTESIAN_POINT('',(5.45,25.27802,-4.2));
#10034 = DIRECTION('',(0.,-1.,0.));
#10035 = DIRECTION('',(0.,0.,-1.));
#10036 = ADVANCED_FACE('',(#10037),#10062,.T.);
#10037 = FACE_BOUND('',#10038,.F.);
#10038 = EDGE_LOOP('',(#10039,#10040,#10048,#10056));
#10039 = ORIENTED_EDGE('',*,*,#10026,.T.);
#10040 = ORIENTED_EDGE('',*,*,#10041,.F.);
#10041 = EDGE_CURVE('',#10042,#10016,#10044,.T.);
#10042 = VERTEX_POINT('',#10043);
#10043 = CARTESIAN_POINT('',(5.65,-0.1,-3.3));
#10044 = LINE('',#10045,#10046);
#10045 = CARTESIAN_POINT('',(5.65,-0.1,-3.3));
#10046 = VECTOR('',#10047,1.);
#10047 = DIRECTION('',(0.,0.,-1.));
#10048 = ORIENTED_EDGE('',*,*,#10049,.F.);
#10049 = EDGE_CURVE('',#10050,#10042,#10052,.T.);
#10050 = VERTEX_POINT('',#10051);
#10051 = CARTESIAN_POINT('',(5.65,5.8,-3.3));
#10052 = LINE('',#10053,#10054);
#10053 = CARTESIAN_POINT('',(5.65,5.8,-3.3));
#10054 = VECTOR('',#10055,1.);
#10055 = DIRECTION('',(0.,-1.,0.));
#10056 = ORIENTED_EDGE('',*,*,#10057,.F.);
#10057 = EDGE_CURVE('',#9991,#10050,#10058,.T.);
#10058 = LINE('',#10059,#10060);
#10059 = CARTESIAN_POINT('',(5.65,5.8,-4.2));
#10060 = VECTOR('',#10061,1.);
#10061 = DIRECTION('',(0.,0.,1.));
#10062 = PLANE('',#10063);
#10063 = AXIS2_PLACEMENT_3D('',#10064,#10065,#10066);
#10064 = CARTESIAN_POINT('',(5.65,6.,-3.3));
#10065 = DIRECTION('',(1.,0.,0.));
#10066 = DIRECTION('',(0.,-1.,0.));
#10067 = ADVANCED_FACE('',(#10068),#10087,.T.);
#10068 = FACE_BOUND('',#10069,.F.);
#10069 = EDGE_LOOP('',(#10070,#10071,#10072,#10073,#10081));
#10070 = ORIENTED_EDGE('',*,*,#10041,.T.);
#10071 = ORIENTED_EDGE('',*,*,#10015,.F.);
#10072 = ORIENTED_EDGE('',*,*,#9310,.T.);
#10073 = ORIENTED_EDGE('',*,*,#10074,.F.);
#10074 = EDGE_CURVE('',#10075,#9303,#10077,.T.);
#10075 = VERTEX_POINT('',#10076);
#10076 = CARTESIAN_POINT('',(7.,-0.1,-3.3));
#10077 = LINE('',#10078,#10079);
#10078 = CARTESIAN_POINT('',(7.,-0.1,-3.3));
#10079 = VECTOR('',#10080,1.);
#10080 = DIRECTION('',(0.,0.,-1.));
#10081 = ORIENTED_EDGE('',*,*,#10082,.F.);
#10082 = EDGE_CURVE('',#10042,#10075,#10083,.T.);
#10083 = LINE('',#10084,#10085);
#10084 = CARTESIAN_POINT('',(5.65,-0.1,-3.3));
#10085 = VECTOR('',#10086,1.);
#10086 = DIRECTION('',(1.,0.,0.));
#10087 = PLANE('',#10088);
#10088 = AXIS2_PLACEMENT_3D('',#10089,#10090,#10091);
#10089 = CARTESIAN_POINT('',(5.65,-0.1,-3.3));
#10090 = DIRECTION('',(0.,1.,0.));
#10091 = DIRECTION('',(1.,0.,0.));
#10092 = ADVANCED_FACE('',(#10093),#10111,.T.);
#10093 = FACE_BOUND('',#10094,.F.);
#10094 = EDGE_LOOP('',(#10095,#10103,#10104,#10105));
#10095 = ORIENTED_EDGE('',*,*,#10096,.F.);
#10096 = EDGE_CURVE('',#10075,#10097,#10099,.T.);
#10097 = VERTEX_POINT('',#10098);
#10098 = CARTESIAN_POINT('',(7.,-1.1,-3.3));
#10099 = LINE('',#10100,#10101);
#10100 = CARTESIAN_POINT('',(7.,-0.1,-3.3));
#10101 = VECTOR('',#10102,1.);
#10102 = DIRECTION('',(0.,-1.,0.));
#10103 = ORIENTED_EDGE('',*,*,#10074,.T.);
#10104 = ORIENTED_EDGE('',*,*,#9302,.T.);
#10105 = ORIENTED_EDGE('',*,*,#10106,.F.);
#10106 = EDGE_CURVE('',#10097,#9295,#10107,.T.);
#10107 = LINE('',#10108,#10109);
#10108 = CARTESIAN_POINT('',(7.,-1.1,-3.3));
#10109 = VECTOR('',#10110,1.);
#10110 = DIRECTION('',(0.,0.,-1.));
#10111 = PLANE('',#10112);
#10112 = AXIS2_PLACEMENT_3D('',#10113,#10114,#10115);
#10113 = CARTESIAN_POINT('',(7.,-0.1,-3.3));
#10114 = DIRECTION('',(1.,0.,0.));
#10115 = DIRECTION('',(0.,-1.,0.));
#10116 = ADVANCED_FACE('',(#10117),#10133,.F.);
#10117 = FACE_BOUND('',#10118,.F.);
#10118 = EDGE_LOOP('',(#10119,#10125,#10126,#10132));
#10119 = ORIENTED_EDGE('',*,*,#10120,.T.);
#10120 = EDGE_CURVE('',#9135,#8884,#10121,.T.);
#10121 = LINE('',#10122,#10123);
#10122 = CARTESIAN_POINT('',(1.425,-1.7,-3.3));
#10123 = VECTOR('',#10124,1.);
#10124 = DIRECTION('',(0.,1.,0.));
#10125 = ORIENTED_EDGE('',*,*,#8883,.F.);
#10126 = ORIENTED_EDGE('',*,*,#10127,.T.);
#10127 = EDGE_CURVE('',#8876,#9143,#10128,.T.);
#10128 = LINE('',#10129,#10130);
#10129 = CARTESIAN_POINT('',(2.825,-1.2,-3.3));
#10130 = VECTOR('',#10131,1.);
#10131 = DIRECTION('',(0.,-1.,0.));
#10132 = ORIENTED_EDGE('',*,*,#9142,.T.);
#10133 = PLANE('',#10134);
#10134 = AXIS2_PLACEMENT_3D('',#10135,#10136,#10137);
#10135 = CARTESIAN_POINT('',(0.,0.,-3.3));
#10136 = DIRECTION('',(0.,0.,-1.));
#10137 = DIRECTION('',(-1.,0.,0.));
#10138 = ADVANCED_FACE('',(#10139),#10263,.F.);
#10139 = FACE_BOUND('',#10140,.F.);
#10140 = EDGE_LOOP('',(#10141,#10148,#10149,#10150,#10151,#10159,#10167,
    #10175,#10183,#10189,#10190,#10191,#10199,#10207,#10215,#10224,
    #10232,#10240,#10248,#10256,#10262));
#10141 = ORIENTED_EDGE('',*,*,#10142,.F.);
#10142 = EDGE_CURVE('',#10050,#9546,#10143,.T.);
#10143 = CIRCLE('',#10144,0.2);
#10144 = AXIS2_PLACEMENT_3D('',#10145,#10146,#10147);
#10145 = CARTESIAN_POINT('',(5.45,5.8,-3.3));
#10146 = DIRECTION('',(0.,0.,1.));
#10147 = DIRECTION('',(1.,0.,-0.));
#10148 = ORIENTED_EDGE('',*,*,#10049,.T.);
#10149 = ORIENTED_EDGE('',*,*,#10082,.T.);
#10150 = ORIENTED_EDGE('',*,*,#10096,.T.);
#10151 = ORIENTED_EDGE('',*,*,#10152,.T.);
#10152 = EDGE_CURVE('',#10097,#10153,#10155,.T.);
#10153 = VERTEX_POINT('',#10154);
#10154 = CARTESIAN_POINT('',(3.3,-1.1,-3.3));
#10155 = LINE('',#10156,#10157);
#10156 = CARTESIAN_POINT('',(7.,-1.1,-3.3));
#10157 = VECTOR('',#10158,1.);
#10158 = DIRECTION('',(-1.,0.,0.));
#10159 = ORIENTED_EDGE('',*,*,#10160,.T.);
#10160 = EDGE_CURVE('',#10153,#10161,#10163,.T.);
#10161 = VERTEX_POINT('',#10162);
#10162 = CARTESIAN_POINT('',(3.3,0.5,-3.3));
#10163 = LINE('',#10164,#10165);
#10164 = CARTESIAN_POINT('',(3.3,-1.1,-3.3));
#10165 = VECTOR('',#10166,1.);
#10166 = DIRECTION('',(0.,1.,0.));
#10167 = ORIENTED_EDGE('',*,*,#10168,.F.);
#10168 = EDGE_CURVE('',#10169,#10161,#10171,.T.);
#10169 = VERTEX_POINT('',#10170);
#10170 = CARTESIAN_POINT('',(2.01,0.5,-3.3));
#10171 = LINE('',#10172,#10173);
#10172 = CARTESIAN_POINT('',(2.01,0.5,-3.3));
#10173 = VECTOR('',#10174,1.);
#10174 = DIRECTION('',(1.,0.,0.));
#10175 = ORIENTED_EDGE('',*,*,#10176,.F.);
#10176 = EDGE_CURVE('',#10177,#10169,#10179,.T.);
#10177 = VERTEX_POINT('',#10178);
#10178 = CARTESIAN_POINT('',(1.3,-0.346145050742,-3.3));
#10179 = LINE('',#10180,#10181);
#10180 = CARTESIAN_POINT('',(1.3,-0.346145050742,-3.3));
#10181 = VECTOR('',#10182,1.);
#10182 = DIRECTION('',(0.642787609687,0.766044443119,0.));
#10183 = ORIENTED_EDGE('',*,*,#10184,.T.);
#10184 = EDGE_CURVE('',#10177,#9386,#10185,.T.);
#10185 = LINE('',#10186,#10187);
#10186 = CARTESIAN_POINT('',(1.3,-0.346145050742,-3.3));
#10187 = VECTOR('',#10188,1.);
#10188 = DIRECTION('',(0.,1.,0.));
#10189 = ORIENTED_EDGE('',*,*,#9385,.T.);
#10190 = ORIENTED_EDGE('',*,*,#9440,.T.);
#10191 = ORIENTED_EDGE('',*,*,#10192,.F.);
#10192 = EDGE_CURVE('',#10193,#9433,#10195,.T.);
#10193 = VERTEX_POINT('',#10194);
#10194 = CARTESIAN_POINT('',(2.715638299448,2.,-3.3));
#10195 = LINE('',#10196,#10197);
#10196 = CARTESIAN_POINT('',(2.715638299448,2.,-3.3));
#10197 = VECTOR('',#10198,1.);
#10198 = DIRECTION('',(-0.819152044289,0.573576436351,0.));
#10199 = ORIENTED_EDGE('',*,*,#10200,.F.);
#10200 = EDGE_CURVE('',#10201,#10193,#10203,.T.);
#10201 = VERTEX_POINT('',#10202);
#10202 = CARTESIAN_POINT('',(5.4,2.,-3.3));
#10203 = LINE('',#10204,#10205);
#10204 = CARTESIAN_POINT('',(5.4,2.,-3.3));
#10205 = VECTOR('',#10206,1.);
#10206 = DIRECTION('',(-1.,0.,0.));
#10207 = ORIENTED_EDGE('',*,*,#10208,.F.);
#10208 = EDGE_CURVE('',#10209,#10201,#10211,.T.);
#10209 = VERTEX_POINT('',#10210);
#10210 = CARTESIAN_POINT('',(5.4,2.8,-3.3));
#10211 = LINE('',#10212,#10213);
#10212 = CARTESIAN_POINT('',(5.4,2.8,-3.3));
#10213 = VECTOR('',#10214,1.);
#10214 = DIRECTION('',(0.,-1.,0.));
#10215 = ORIENTED_EDGE('',*,*,#10216,.F.);
#10216 = EDGE_CURVE('',#10217,#10209,#10219,.T.);
#10217 = VERTEX_POINT('',#10218);
#10218 = CARTESIAN_POINT('',(5.3,2.9,-3.3));
#10219 = CIRCLE('',#10220,0.1);
#10220 = AXIS2_PLACEMENT_3D('',#10221,#10222,#10223);
#10221 = CARTESIAN_POINT('',(5.3,2.8,-3.3));
#10222 = DIRECTION('',(0.,0.,-1.));
#10223 = DIRECTION('',(0.,1.,0.));
#10224 = ORIENTED_EDGE('',*,*,#10225,.F.);
#10225 = EDGE_CURVE('',#10226,#10217,#10228,.T.);
#10226 = VERTEX_POINT('',#10227);
#10227 = CARTESIAN_POINT('',(2.999407209439,2.9,-3.3));
#10228 = LINE('',#10229,#10230);
#10229 = CARTESIAN_POINT('',(2.999407209439,2.9,-3.3));
#10230 = VECTOR('',#10231,1.);
#10231 = DIRECTION('',(1.,0.,0.));
#10232 = ORIENTED_EDGE('',*,*,#10233,.F.);
#10233 = EDGE_CURVE('',#10234,#10226,#10236,.T.);
#10234 = VERTEX_POINT('',#10235);
#10235 = CARTESIAN_POINT('',(1.,4.3,-3.3));
#10236 = LINE('',#10237,#10238);
#10237 = CARTESIAN_POINT('',(1.,4.3,-3.3));
#10238 = VECTOR('',#10239,1.);
#10239 = DIRECTION('',(0.819152044289,-0.573576436351,0.));
#10240 = ORIENTED_EDGE('',*,*,#10241,.F.);
#10241 = EDGE_CURVE('',#10242,#10234,#10244,.T.);
#10242 = VERTEX_POINT('',#10243);
#10243 = CARTESIAN_POINT('',(1.,5.,-3.3));
#10244 = LINE('',#10245,#10246);
#10245 = CARTESIAN_POINT('',(1.,5.,-3.3));
#10246 = VECTOR('',#10247,1.);
#10247 = DIRECTION('',(0.,-1.,0.));
#10248 = ORIENTED_EDGE('',*,*,#10249,.F.);
#10249 = EDGE_CURVE('',#10250,#10242,#10252,.T.);
#10250 = VERTEX_POINT('',#10251);
#10251 = CARTESIAN_POINT('',(5.4,5.,-3.3));
#10252 = LINE('',#10253,#10254);
#10253 = CARTESIAN_POINT('',(5.4,5.,-3.3));
#10254 = VECTOR('',#10255,1.);
#10255 = DIRECTION('',(-1.,0.,0.));
#10256 = ORIENTED_EDGE('',*,*,#10257,.F.);
#10257 = EDGE_CURVE('',#9554,#10250,#10258,.T.);
#10258 = LINE('',#10259,#10260);
#10259 = CARTESIAN_POINT('',(5.4,6.,-3.3));
#10260 = VECTOR('',#10261,1.);
#10261 = DIRECTION('',(0.,-1.,0.));
#10262 = ORIENTED_EDGE('',*,*,#9553,.T.);
#10263 = PLANE('',#10264);
#10264 = AXIS2_PLACEMENT_3D('',#10265,#10266,#10267);
#10265 = CARTESIAN_POINT('',(0.,0.,-3.3));
#10266 = DIRECTION('',(0.,0.,-1.));
#10267 = DIRECTION('',(-1.,0.,0.));
#10268 = ADVANCED_FACE('',(#10269),#10275,.T.);
#10269 = FACE_BOUND('',#10270,.F.);
#10270 = EDGE_LOOP('',(#10271,#10272,#10273,#10274));
#10271 = ORIENTED_EDGE('',*,*,#8891,.F.);
#10272 = ORIENTED_EDGE('',*,*,#10120,.F.);
#10273 = ORIENTED_EDGE('',*,*,#9134,.T.);
#10274 = ORIENTED_EDGE('',*,*,#8947,.T.);
#10275 = PLANE('',#10276);
#10276 = AXIS2_PLACEMENT_3D('',#10277,#10278,#10279);
#10277 = CARTESIAN_POINT('',(1.425,-1.7,-3.3));
#10278 = DIRECTION('',(1.,0.,0.));
#10279 = DIRECTION('',(-0.,1.,0.));
#10280 = ADVANCED_FACE('',(#10281),#10294,.T.);
#10281 = FACE_BOUND('',#10282,.F.);
#10282 = EDGE_LOOP('',(#10283,#10289,#10290,#10291,#10292,#10293));
#10283 = ORIENTED_EDGE('',*,*,#10284,.T.);
#10284 = EDGE_CURVE('',#8544,#9287,#10285,.T.);
#10285 = LINE('',#10286,#10287);
#10286 = CARTESIAN_POINT('',(2.825,-1.1,-1.1));
#10287 = VECTOR('',#10288,1.);
#10288 = DIRECTION('',(0.,0.,-1.));
#10289 = ORIENTED_EDGE('',*,*,#9286,.T.);
#10290 = ORIENTED_EDGE('',*,*,#9150,.F.);
#10291 = ORIENTED_EDGE('',*,*,#10127,.F.);
#10292 = ORIENTED_EDGE('',*,*,#8875,.F.);
#10293 = ORIENTED_EDGE('',*,*,#8551,.F.);
#10294 = PLANE('',#10295);
#10295 = AXIS2_PLACEMENT_3D('',#10296,#10297,#10298);
#10296 = CARTESIAN_POINT('',(2.825,-1.1,-1.1));
#10297 = DIRECTION('',(1.,0.,0.));
#10298 = DIRECTION('',(0.,-1.,0.));
#10299 = ADVANCED_FACE('',(#10300),#10313,.T.);
#10300 = FACE_BOUND('',#10301,.T.);
#10301 = EDGE_LOOP('',(#10302,#10303,#10304,#10305,#10306,#10312));
#10302 = ORIENTED_EDGE('',*,*,#10284,.T.);
#10303 = ORIENTED_EDGE('',*,*,#9294,.F.);
#10304 = ORIENTED_EDGE('',*,*,#10106,.F.);
#10305 = ORIENTED_EDGE('',*,*,#10152,.T.);
#10306 = ORIENTED_EDGE('',*,*,#10307,.F.);
#10307 = EDGE_CURVE('',#8536,#10153,#10308,.T.);
#10308 = LINE('',#10309,#10310);
#10309 = CARTESIAN_POINT('',(3.3,-1.100127353866,-1.1));
#10310 = VECTOR('',#10311,1.);
#10311 = DIRECTION('',(0.,5.788812101996E-05,-0.999999998324));
#10312 = ORIENTED_EDGE('',*,*,#8543,.T.);
#10313 = PLANE('',#10314);
#10314 = AXIS2_PLACEMENT_3D('',#10315,#10316,#10317);
#10315 = CARTESIAN_POINT('',(3.3,-1.1,-1.1));
#10316 = DIRECTION('',(0.,-1.,0.));
#10317 = DIRECTION('',(-1.,0.,0.));
#10318 = ADVANCED_FACE('',(#10319),#10344,.T.);
#10319 = FACE_BOUND('',#10320,.F.);
#10320 = EDGE_LOOP('',(#10321,#10327,#10328,#10334,#10335,#10341,#10342,
    #10343));
#10321 = ORIENTED_EDGE('',*,*,#10322,.T.);
#10322 = EDGE_CURVE('',#8527,#8257,#10323,.T.);
#10323 = LINE('',#10324,#10325);
#10324 = CARTESIAN_POINT('',(3.3,-1.000382061599,-1.1));
#10325 = VECTOR('',#10326,1.);
#10326 = DIRECTION('',(0.,0.,1.));
#10327 = ORIENTED_EDGE('',*,*,#8256,.T.);
#10328 = ORIENTED_EDGE('',*,*,#10329,.F.);
#10329 = EDGE_CURVE('',#8736,#8248,#10330,.T.);
#10330 = LINE('',#10331,#10332);
#10331 = CARTESIAN_POINT('',(3.3,0.405812633102,-1.1));
#10332 = VECTOR('',#10333,1.);
#10333 = DIRECTION('',(0.,0.,1.));
#10334 = ORIENTED_EDGE('',*,*,#8735,.T.);
#10335 = ORIENTED_EDGE('',*,*,#10336,.T.);
#10336 = EDGE_CURVE('',#8728,#10161,#10337,.T.);
#10337 = LINE('',#10338,#10339);
#10338 = CARTESIAN_POINT('',(3.3,0.499872646134,-1.1));
#10339 = VECTOR('',#10340,1.);
#10340 = DIRECTION('',(0.,5.788812101989E-05,-0.999999998324));
#10341 = ORIENTED_EDGE('',*,*,#10160,.F.);
#10342 = ORIENTED_EDGE('',*,*,#10307,.F.);
#10343 = ORIENTED_EDGE('',*,*,#8535,.F.);
#10344 = PLANE('',#10345);
#10345 = AXIS2_PLACEMENT_3D('',#10346,#10347,#10348);
#10346 = CARTESIAN_POINT('',(3.3,-1.100382061599,0.));
#10347 = DIRECTION('',(1.,0.,0.));
#10348 = DIRECTION('',(-0.,1.,0.));
#10349 = ADVANCED_FACE('',(#10350),#10361,.F.);
#10350 = FACE_BOUND('',#10351,.F.);
#10351 = EDGE_LOOP('',(#10352,#10353,#10354,#10360));
#10352 = ORIENTED_EDGE('',*,*,#10322,.F.);
#10353 = ORIENTED_EDGE('',*,*,#8526,.T.);
#10354 = ORIENTED_EDGE('',*,*,#10355,.T.);
#10355 = EDGE_CURVE('',#8519,#8265,#10356,.T.);
#10356 = LINE('',#10357,#10358);
#10357 = CARTESIAN_POINT('',(3.4,-1.100382061599,-1.1));
#10358 = VECTOR('',#10359,1.);
#10359 = DIRECTION('',(0.,0.,1.));
#10360 = ORIENTED_EDGE('',*,*,#8264,.T.);
#10361 = CYLINDRICAL_SURFACE('',#10362,0.1);
#10362 = AXIS2_PLACEMENT_3D('',#10363,#10364,#10365);
#10363 = CARTESIAN_POINT('',(3.4,-1.000382061599,-10.13584));
#10364 = DIRECTION('',(0.,0.,1.));
#10365 = DIRECTION('',(-1.,0.,0.));
#10366 = ADVANCED_FACE('',(#10367),#10378,.T.);
#10367 = FACE_BOUND('',#10368,.F.);
#10368 = EDGE_LOOP('',(#10369,#10370,#10371,#10377));
#10369 = ORIENTED_EDGE('',*,*,#10355,.F.);
#10370 = ORIENTED_EDGE('',*,*,#8518,.F.);
#10371 = ORIENTED_EDGE('',*,*,#10372,.F.);
#10372 = EDGE_CURVE('',#8274,#8511,#10373,.T.);
#10373 = LINE('',#10374,#10375);
#10374 = CARTESIAN_POINT('',(6.825,-1.100382061599,0.));
#10375 = VECTOR('',#10376,1.);
#10376 = DIRECTION('',(0.,0.,-1.));
#10377 = ORIENTED_EDGE('',*,*,#8273,.T.);
#10378 = PLANE('',#10379);
#10379 = AXIS2_PLACEMENT_3D('',#10380,#10381,#10382);
#10380 = CARTESIAN_POINT('',(6.825,-1.100382061599,0.));
#10381 = DIRECTION('',(0.,1.,0.));
#10382 = DIRECTION('',(-1.,0.,0.));
#10383 = ADVANCED_FACE('',(#10384),#10390,.T.);
#10384 = FACE_BOUND('',#10385,.F.);
#10385 = EDGE_LOOP('',(#10386,#10387,#10388,#10389));
#10386 = ORIENTED_EDGE('',*,*,#8768,.F.);
#10387 = ORIENTED_EDGE('',*,*,#8281,.T.);
#10388 = ORIENTED_EDGE('',*,*,#10372,.T.);
#10389 = ORIENTED_EDGE('',*,*,#8510,.F.);
#10390 = PLANE('',#10391);
#10391 = AXIS2_PLACEMENT_3D('',#10392,#10393,#10394);
#10392 = CARTESIAN_POINT('',(6.825,-2.25,0.));
#10393 = DIRECTION('',(1.,0.,0.));
#10394 = DIRECTION('',(-0.,1.,0.));
#10395 = ADVANCED_FACE('',(#10396),#10402,.F.);
#10396 = FACE_BOUND('',#10397,.F.);
#10397 = EDGE_LOOP('',(#10398,#10399,#10400,#10401));
#10398 = ORIENTED_EDGE('',*,*,#8428,.F.);
#10399 = ORIENTED_EDGE('',*,*,#8743,.T.);
#10400 = ORIENTED_EDGE('',*,*,#10329,.T.);
#10401 = ORIENTED_EDGE('',*,*,#8247,.T.);
#10402 = CYLINDRICAL_SURFACE('',#10403,0.1);
#10403 = AXIS2_PLACEMENT_3D('',#10404,#10405,#10406);
#10404 = CARTESIAN_POINT('',(3.4,0.405812633102,-10.13584));
#10405 = DIRECTION('',(0.,0.,1.));
#10406 = DIRECTION('',(-6.38617425766E-02,0.997958755578,0.));
#10407 = ADVANCED_FACE('',(#10408),#10419,.T.);
#10408 = FACE_BOUND('',#10409,.T.);
#10409 = EDGE_LOOP('',(#10410,#10411,#10412,#10418));
#10410 = ORIENTED_EDGE('',*,*,#10336,.T.);
#10411 = ORIENTED_EDGE('',*,*,#10168,.F.);
#10412 = ORIENTED_EDGE('',*,*,#10413,.F.);
#10413 = EDGE_CURVE('',#8720,#10169,#10414,.T.);
#10414 = LINE('',#10415,#10416);
#10415 = CARTESIAN_POINT('',(2.01,0.5,-1.1));
#10416 = VECTOR('',#10417,1.);
#10417 = DIRECTION('',(0.,0.,-1.));
#10418 = ORIENTED_EDGE('',*,*,#8727,.T.);
#10419 = PLANE('',#10420);
#10420 = AXIS2_PLACEMENT_3D('',#10421,#10422,#10423);
#10421 = CARTESIAN_POINT('',(2.01,0.5,-1.1));
#10422 = DIRECTION('',(0.,1.,0.));
#10423 = DIRECTION('',(1.,0.,0.));
#10424 = ADVANCED_FACE('',(#10425),#10436,.T.);
#10425 = FACE_BOUND('',#10426,.F.);
#10426 = EDGE_LOOP('',(#10427,#10428,#10429,#10430));
#10427 = ORIENTED_EDGE('',*,*,#10176,.T.);
#10428 = ORIENTED_EDGE('',*,*,#10413,.F.);
#10429 = ORIENTED_EDGE('',*,*,#8719,.F.);
#10430 = ORIENTED_EDGE('',*,*,#10431,.T.);
#10431 = EDGE_CURVE('',#8712,#10177,#10432,.T.);
#10432 = LINE('',#10433,#10434);
#10433 = CARTESIAN_POINT('',(1.3,-0.346145050742,-1.1));
#10434 = VECTOR('',#10435,1.);
#10435 = DIRECTION('',(0.,0.,-1.));
#10436 = PLANE('',#10437);
#10437 = AXIS2_PLACEMENT_3D('',#10438,#10439,#10440);
#10438 = CARTESIAN_POINT('',(1.3,-0.346145050742,-1.1));
#10439 = DIRECTION('',(-0.766044443119,0.642787609687,0.));
#10440 = DIRECTION('',(0.642787609687,0.766044443119,0.));
#10441 = ADVANCED_FACE('',(#10442),#10457,.T.);
#10442 = FACE_BOUND('',#10443,.F.);
#10443 = EDGE_LOOP('',(#10444,#10450,#10451,#10452,#10453,#10454,#10455,
    #10456));
#10444 = ORIENTED_EDGE('',*,*,#10445,.F.);
#10445 = EDGE_CURVE('',#9269,#8932,#10446,.T.);
#10446 = LINE('',#10447,#10448);
#10447 = CARTESIAN_POINT('',(1.3,-1.1,-4.4));
#10448 = VECTOR('',#10449,1.);
#10449 = DIRECTION('',(0.,0.,1.));
#10450 = ORIENTED_EDGE('',*,*,#9268,.T.);
#10451 = ORIENTED_EDGE('',*,*,#9393,.F.);
#10452 = ORIENTED_EDGE('',*,*,#10184,.F.);
#10453 = ORIENTED_EDGE('',*,*,#10431,.F.);
#10454 = ORIENTED_EDGE('',*,*,#8711,.F.);
#10455 = ORIENTED_EDGE('',*,*,#8860,.T.);
#10456 = ORIENTED_EDGE('',*,*,#8940,.F.);
#10457 = PLANE('',#10458);
#10458 = AXIS2_PLACEMENT_3D('',#10459,#10460,#10461);
#10459 = CARTESIAN_POINT('',(1.3,-1.2,-1.1));
#10460 = DIRECTION('',(-1.,0.,0.));
#10461 = DIRECTION('',(0.,1.,0.));
#10462 = ADVANCED_FACE('',(#10463),#10469,.F.);
#10463 = FACE_BOUND('',#10464,.F.);
#10464 = EDGE_LOOP('',(#10465,#10466,#10467,#10468));
#10465 = ORIENTED_EDGE('',*,*,#9213,.F.);
#10466 = ORIENTED_EDGE('',*,*,#9276,.T.);
#10467 = ORIENTED_EDGE('',*,*,#10445,.T.);
#10468 = ORIENTED_EDGE('',*,*,#8931,.T.);
#10469 = CYLINDRICAL_SURFACE('',#10470,0.1);
#10470 = AXIS2_PLACEMENT_3D('',#10471,#10472,#10473);
#10471 = CARTESIAN_POINT('',(1.2,-1.1,-10.13584));
#10472 = DIRECTION('',(0.,0.,1.));
#10473 = DIRECTION('',(0.,-1.,0.));
#10474 = ADVANCED_FACE('',(#10475),#10481,.T.);
#10475 = FACE_BOUND('',#10476,.T.);
#10476 = EDGE_LOOP('',(#10477,#10478,#10479,#10480));
#10477 = ORIENTED_EDGE('',*,*,#10057,.F.);
#10478 = ORIENTED_EDGE('',*,*,#9990,.F.);
#10479 = ORIENTED_EDGE('',*,*,#9545,.T.);
#10480 = ORIENTED_EDGE('',*,*,#10142,.F.);
#10481 = CYLINDRICAL_SURFACE('',#10482,0.2);
#10482 = AXIS2_PLACEMENT_3D('',#10483,#10484,#10485);
#10483 = CARTESIAN_POINT('',(5.45,5.8,-10.13584));
#10484 = DIRECTION('',(0.,0.,1.));
#10485 = DIRECTION('',(1.,0.,-0.));
#10486 = ADVANCED_FACE('',(#10487),#10498,.T.);
#10487 = FACE_BOUND('',#10488,.F.);
#10488 = EDGE_LOOP('',(#10489,#10490,#10491,#10492));
#10489 = ORIENTED_EDGE('',*,*,#10192,.T.);
#10490 = ORIENTED_EDGE('',*,*,#9432,.F.);
#10491 = ORIENTED_EDGE('',*,*,#8671,.F.);
#10492 = ORIENTED_EDGE('',*,*,#10493,.T.);
#10493 = EDGE_CURVE('',#8664,#10193,#10494,.T.);
#10494 = LINE('',#10495,#10496);
#10495 = CARTESIAN_POINT('',(2.715638299448,2.,-1.1));
#10496 = VECTOR('',#10497,1.);
#10497 = DIRECTION('',(0.,0.,-1.));
#10498 = PLANE('',#10499);
#10499 = AXIS2_PLACEMENT_3D('',#10500,#10501,#10502);
#10500 = CARTESIAN_POINT('',(2.715638299448,2.,-1.1));
#10501 = DIRECTION('',(-0.573576436351,-0.819152044289,0.));
#10502 = DIRECTION('',(-0.819152044289,0.573576436351,0.));
#10503 = ADVANCED_FACE('',(#10504),#10515,.T.);
#10504 = FACE_BOUND('',#10505,.F.);
#10505 = EDGE_LOOP('',(#10506,#10507,#10508,#10509));
#10506 = ORIENTED_EDGE('',*,*,#10200,.T.);
#10507 = ORIENTED_EDGE('',*,*,#10493,.F.);
#10508 = ORIENTED_EDGE('',*,*,#8663,.F.);
#10509 = ORIENTED_EDGE('',*,*,#10510,.T.);
#10510 = EDGE_CURVE('',#8656,#10201,#10511,.T.);
#10511 = LINE('',#10512,#10513);
#10512 = CARTESIAN_POINT('',(5.4,2.,-1.1));
#10513 = VECTOR('',#10514,1.);
#10514 = DIRECTION('',(0.,0.,-1.));
#10515 = PLANE('',#10516);
#10516 = AXIS2_PLACEMENT_3D('',#10517,#10518,#10519);
#10517 = CARTESIAN_POINT('',(5.4,2.,-1.1));
#10518 = DIRECTION('',(0.,-1.,0.));
#10519 = DIRECTION('',(-1.,0.,0.));
#10520 = ADVANCED_FACE('',(#10521),#10532,.T.);
#10521 = FACE_BOUND('',#10522,.F.);
#10522 = EDGE_LOOP('',(#10523,#10529,#10530,#10531));
#10523 = ORIENTED_EDGE('',*,*,#10524,.F.);
#10524 = EDGE_CURVE('',#10209,#8647,#10525,.T.);
#10525 = LINE('',#10526,#10527);
#10526 = CARTESIAN_POINT('',(5.4,2.8,-3.3));
#10527 = VECTOR('',#10528,1.);
#10528 = DIRECTION('',(0.,0.,1.));
#10529 = ORIENTED_EDGE('',*,*,#10208,.T.);
#10530 = ORIENTED_EDGE('',*,*,#10510,.F.);
#10531 = ORIENTED_EDGE('',*,*,#8655,.F.);
#10532 = PLANE('',#10533);
#10533 = AXIS2_PLACEMENT_3D('',#10534,#10535,#10536);
#10534 = CARTESIAN_POINT('',(5.4,2.9,-1.1));
#10535 = DIRECTION('',(1.,0.,0.));
#10536 = DIRECTION('',(0.,-1.,0.));
#10537 = ADVANCED_FACE('',(#10538),#10549,.T.);
#10538 = FACE_BOUND('',#10539,.T.);
#10539 = EDGE_LOOP('',(#10540,#10541,#10542,#10543));
#10540 = ORIENTED_EDGE('',*,*,#8646,.F.);
#10541 = ORIENTED_EDGE('',*,*,#10524,.F.);
#10542 = ORIENTED_EDGE('',*,*,#10216,.F.);
#10543 = ORIENTED_EDGE('',*,*,#10544,.T.);
#10544 = EDGE_CURVE('',#10217,#8639,#10545,.T.);
#10545 = LINE('',#10546,#10547);
#10546 = CARTESIAN_POINT('',(5.3,2.9,-3.3));
#10547 = VECTOR('',#10548,1.);
#10548 = DIRECTION('',(0.,0.,1.));
#10549 = CYLINDRICAL_SURFACE('',#10550,0.1);
#10550 = AXIS2_PLACEMENT_3D('',#10551,#10552,#10553);
#10551 = CARTESIAN_POINT('',(5.3,2.8,-10.13584));
#10552 = DIRECTION('',(0.,0.,1.));
#10553 = DIRECTION('',(1.,0.,-0.));
#10554 = ADVANCED_FACE('',(#10555),#10566,.T.);
#10555 = FACE_BOUND('',#10556,.F.);
#10556 = EDGE_LOOP('',(#10557,#10558,#10559,#10565));
#10557 = ORIENTED_EDGE('',*,*,#10544,.T.);
#10558 = ORIENTED_EDGE('',*,*,#8638,.F.);
#10559 = ORIENTED_EDGE('',*,*,#10560,.T.);
#10560 = EDGE_CURVE('',#8631,#10226,#10561,.T.);
#10561 = LINE('',#10562,#10563);
#10562 = CARTESIAN_POINT('',(2.999407209439,2.9,-1.1));
#10563 = VECTOR('',#10564,1.);
#10564 = DIRECTION('',(0.,0.,-1.));
#10565 = ORIENTED_EDGE('',*,*,#10225,.T.);
#10566 = PLANE('',#10567);
#10567 = AXIS2_PLACEMENT_3D('',#10568,#10569,#10570);
#10568 = CARTESIAN_POINT('',(2.999407209439,2.9,-1.1));
#10569 = DIRECTION('',(0.,1.,0.));
#10570 = DIRECTION('',(1.,0.,0.));
#10571 = ADVANCED_FACE('',(#10572),#10583,.T.);
#10572 = FACE_BOUND('',#10573,.F.);
#10573 = EDGE_LOOP('',(#10574,#10575,#10576,#10577));
#10574 = ORIENTED_EDGE('',*,*,#10233,.T.);
#10575 = ORIENTED_EDGE('',*,*,#10560,.F.);
#10576 = ORIENTED_EDGE('',*,*,#8630,.F.);
#10577 = ORIENTED_EDGE('',*,*,#10578,.T.);
#10578 = EDGE_CURVE('',#8623,#10234,#10579,.T.);
#10579 = LINE('',#10580,#10581);
#10580 = CARTESIAN_POINT('',(1.,4.3,-1.1));
#10581 = VECTOR('',#10582,1.);
#10582 = DIRECTION('',(0.,0.,-1.));
#10583 = PLANE('',#10584);
#10584 = AXIS2_PLACEMENT_3D('',#10585,#10586,#10587);
#10585 = CARTESIAN_POINT('',(1.,4.3,-1.1));
#10586 = DIRECTION('',(0.573576436351,0.819152044289,0.));
#10587 = DIRECTION('',(0.819152044289,-0.573576436351,0.));
#10588 = ADVANCED_FACE('',(#10589),#10600,.T.);
#10589 = FACE_BOUND('',#10590,.F.);
#10590 = EDGE_LOOP('',(#10591,#10592,#10593,#10594));
#10591 = ORIENTED_EDGE('',*,*,#10241,.T.);
#10592 = ORIENTED_EDGE('',*,*,#10578,.F.);
#10593 = ORIENTED_EDGE('',*,*,#8622,.F.);
#10594 = ORIENTED_EDGE('',*,*,#10595,.T.);
#10595 = EDGE_CURVE('',#8615,#10242,#10596,.T.);
#10596 = LINE('',#10597,#10598);
#10597 = CARTESIAN_POINT('',(1.,5.,-1.1));
#10598 = VECTOR('',#10599,1.);
#10599 = DIRECTION('',(0.,0.,-1.));
#10600 = PLANE('',#10601);
#10601 = AXIS2_PLACEMENT_3D('',#10602,#10603,#10604);
#10602 = CARTESIAN_POINT('',(1.,5.,-1.1));
#10603 = DIRECTION('',(1.,0.,0.));
#10604 = DIRECTION('',(0.,-1.,0.));
#10605 = ADVANCED_FACE('',(#10606),#10617,.T.);
#10606 = FACE_BOUND('',#10607,.F.);
#10607 = EDGE_LOOP('',(#10608,#10609,#10610,#10611));
#10608 = ORIENTED_EDGE('',*,*,#10249,.T.);
#10609 = ORIENTED_EDGE('',*,*,#10595,.F.);
#10610 = ORIENTED_EDGE('',*,*,#8614,.F.);
#10611 = ORIENTED_EDGE('',*,*,#10612,.T.);
#10612 = EDGE_CURVE('',#8607,#10250,#10613,.T.);
#10613 = LINE('',#10614,#10615);
#10614 = CARTESIAN_POINT('',(5.4,5.,-1.1));
#10615 = VECTOR('',#10616,1.);
#10616 = DIRECTION('',(0.,0.,-1.));
#10617 = PLANE('',#10618);
#10618 = AXIS2_PLACEMENT_3D('',#10619,#10620,#10621);
#10619 = CARTESIAN_POINT('',(5.4,5.,-1.1));
#10620 = DIRECTION('',(0.,-1.,0.));
#10621 = DIRECTION('',(-1.,0.,0.));
#10622 = ADVANCED_FACE('',(#10623),#10629,.T.);
#10623 = FACE_BOUND('',#10624,.F.);
#10624 = EDGE_LOOP('',(#10625,#10626,#10627,#10628));
#10625 = ORIENTED_EDGE('',*,*,#10257,.T.);
#10626 = ORIENTED_EDGE('',*,*,#10612,.F.);
#10627 = ORIENTED_EDGE('',*,*,#8606,.F.);
#10628 = ORIENTED_EDGE('',*,*,#9561,.T.);
#10629 = PLANE('',#10630);
#10630 = AXIS2_PLACEMENT_3D('',#10631,#10632,#10633);
#10631 = CARTESIAN_POINT('',(5.4,6.,-1.1));
#10632 = DIRECTION('',(1.,0.,0.));
#10633 = DIRECTION('',(0.,-1.,0.));
#10634 = ADVANCED_FACE('',(#10635),#10653,.T.);
#10635 = FACE_BOUND('',#10636,.F.);
#10636 = EDGE_LOOP('',(#10637,#10638,#10646,#10652));
#10637 = ORIENTED_EDGE('',*,*,#9529,.F.);
#10638 = ORIENTED_EDGE('',*,*,#10639,.T.);
#10639 = EDGE_CURVE('',#9522,#10640,#10642,.T.);
#10640 = VERTEX_POINT('',#10641);
#10641 = CARTESIAN_POINT('',(3.475,9.6,-2.75));
#10642 = LINE('',#10643,#10644);
#10643 = CARTESIAN_POINT('',(3.475,6.,-2.75));
#10644 = VECTOR('',#10645,1.);
#10645 = DIRECTION('',(0.,1.,0.));
#10646 = ORIENTED_EDGE('',*,*,#10647,.T.);
#10647 = EDGE_CURVE('',#10640,#9931,#10648,.T.);
#10648 = LINE('',#10649,#10650);
#10649 = CARTESIAN_POINT('',(3.475,9.6,-2.75));
#10650 = VECTOR('',#10651,1.);
#10651 = DIRECTION('',(0.,0.,-1.));
#10652 = ORIENTED_EDGE('',*,*,#9930,.F.);
#10653 = PLANE('',#10654);
#10654 = AXIS2_PLACEMENT_3D('',#10655,#10656,#10657);
#10655 = CARTESIAN_POINT('',(3.475,6.,-2.75));
#10656 = DIRECTION('',(1.,0.,0.));
#10657 = DIRECTION('',(0.,0.,-1.));
#10658 = ADVANCED_FACE('',(#10659),#10677,.T.);
#10659 = FACE_BOUND('',#10660,.F.);
#10660 = EDGE_LOOP('',(#10661,#10669,#10670,#10671));
#10661 = ORIENTED_EDGE('',*,*,#10662,.T.);
#10662 = EDGE_CURVE('',#10663,#10640,#10665,.T.);
#10663 = VERTEX_POINT('',#10664);
#10664 = CARTESIAN_POINT('',(4.825,9.6,-2.75));
#10665 = LINE('',#10666,#10667);
#10666 = CARTESIAN_POINT('',(4.825,9.6,-2.75));
#10667 = VECTOR('',#10668,1.);
#10668 = DIRECTION('',(-1.,0.,0.));
#10669 = ORIENTED_EDGE('',*,*,#10639,.F.);
#10670 = ORIENTED_EDGE('',*,*,#9521,.F.);
#10671 = ORIENTED_EDGE('',*,*,#10672,.T.);
#10672 = EDGE_CURVE('',#9514,#10663,#10673,.T.);
#10673 = LINE('',#10674,#10675);
#10674 = CARTESIAN_POINT('',(4.825,6.,-2.75));
#10675 = VECTOR('',#10676,1.);
#10676 = DIRECTION('',(0.,1.,0.));
#10677 = PLANE('',#10678);
#10678 = AXIS2_PLACEMENT_3D('',#10679,#10680,#10681);
#10679 = CARTESIAN_POINT('',(4.825,6.,-2.75));
#10680 = DIRECTION('',(0.,0.,-1.));
#10681 = DIRECTION('',(-1.,0.,0.));
#10682 = ADVANCED_FACE('',(#10683),#10708,.T.);
#10683 = FACE_BOUND('',#10684,.F.);
#10684 = EDGE_LOOP('',(#10685,#10686,#10694,#10702));
#10685 = ORIENTED_EDGE('',*,*,#10662,.F.);
#10686 = ORIENTED_EDGE('',*,*,#10687,.T.);
#10687 = EDGE_CURVE('',#10663,#10688,#10690,.T.);
#10688 = VERTEX_POINT('',#10689);
#10689 = CARTESIAN_POINT('',(4.725,9.7,-2.65));
#10690 = LINE('',#10691,#10692);
#10691 = CARTESIAN_POINT('',(4.825,9.6,-2.75));
#10692 = VECTOR('',#10693,1.);
#10693 = DIRECTION('',(-0.57735026919,0.57735026919,0.57735026919));
#10694 = ORIENTED_EDGE('',*,*,#10695,.T.);
#10695 = EDGE_CURVE('',#10688,#10696,#10698,.T.);
#10696 = VERTEX_POINT('',#10697);
#10697 = CARTESIAN_POINT('',(3.375,9.7,-2.65));
#10698 = LINE('',#10699,#10700);
#10699 = CARTESIAN_POINT('',(4.725,9.7,-2.65));
#10700 = VECTOR('',#10701,1.);
#10701 = DIRECTION('',(-1.,0.,0.));
#10702 = ORIENTED_EDGE('',*,*,#10703,.F.);
#10703 = EDGE_CURVE('',#10640,#10696,#10704,.T.);
#10704 = LINE('',#10705,#10706);
#10705 = CARTESIAN_POINT('',(3.475,9.6,-2.75));
#10706 = VECTOR('',#10707,1.);
#10707 = DIRECTION('',(-0.57735026919,0.57735026919,0.57735026919));
#10708 = PLANE('',#10709);
#10709 = AXIS2_PLACEMENT_3D('',#10710,#10711,#10712);
#10710 = CARTESIAN_POINT('',(4.15,9.65,-2.7));
#10711 = DIRECTION('',(0.,0.707106781186,-0.707106781187));
#10712 = DIRECTION('',(0.,-0.707106781187,-0.707106781186));
#10713 = ADVANCED_FACE('',(#10714),#10739,.T.);
#10714 = FACE_BOUND('',#10715,.F.);
#10715 = EDGE_LOOP('',(#10716,#10724,#10732,#10738));
#10716 = ORIENTED_EDGE('',*,*,#10717,.F.);
#10717 = EDGE_CURVE('',#10718,#10663,#10720,.T.);
#10718 = VERTEX_POINT('',#10719);
#10719 = CARTESIAN_POINT('',(4.825,9.6,-1.65));
#10720 = LINE('',#10721,#10722);
#10721 = CARTESIAN_POINT('',(4.825,9.6,-1.65));
#10722 = VECTOR('',#10723,1.);
#10723 = DIRECTION('',(0.,0.,-1.));
#10724 = ORIENTED_EDGE('',*,*,#10725,.T.);
#10725 = EDGE_CURVE('',#10718,#10726,#10728,.T.);
#10726 = VERTEX_POINT('',#10727);
#10727 = CARTESIAN_POINT('',(4.725,9.7,-1.75));
#10728 = LINE('',#10729,#10730);
#10729 = CARTESIAN_POINT('',(4.825,9.6,-1.65));
#10730 = VECTOR('',#10731,1.);
#10731 = DIRECTION('',(-0.57735026919,0.57735026919,-0.57735026919));
#10732 = ORIENTED_EDGE('',*,*,#10733,.T.);
#10733 = EDGE_CURVE('',#10726,#10688,#10734,.T.);
#10734 = LINE('',#10735,#10736);
#10735 = CARTESIAN_POINT('',(4.725,9.7,-1.75));
#10736 = VECTOR('',#10737,1.);
#10737 = DIRECTION('',(0.,0.,-1.));
#10738 = ORIENTED_EDGE('',*,*,#10687,.F.);
#10739 = PLANE('',#10740);
#10740 = AXIS2_PLACEMENT_3D('',#10741,#10742,#10743);
#10741 = CARTESIAN_POINT('',(4.775,9.65,-2.2));
#10742 = DIRECTION('',(0.707106781187,0.707106781186,0.));
#10743 = DIRECTION('',(0.707106781186,-0.707106781187,0.));
#10744 = ADVANCED_FACE('',(#10745),#10756,.T.);
#10745 = FACE_BOUND('',#10746,.F.);
#10746 = EDGE_LOOP('',(#10747,#10748,#10749,#10750));
#10747 = ORIENTED_EDGE('',*,*,#10717,.T.);
#10748 = ORIENTED_EDGE('',*,*,#10672,.F.);
#10749 = ORIENTED_EDGE('',*,*,#9513,.F.);
#10750 = ORIENTED_EDGE('',*,*,#10751,.T.);
#10751 = EDGE_CURVE('',#9506,#10718,#10752,.T.);
#10752 = LINE('',#10753,#10754);
#10753 = CARTESIAN_POINT('',(4.825,6.,-1.65));
#10754 = VECTOR('',#10755,1.);
#10755 = DIRECTION('',(0.,1.,0.));
#10756 = PLANE('',#10757);
#10757 = AXIS2_PLACEMENT_3D('',#10758,#10759,#10760);
#10758 = CARTESIAN_POINT('',(4.825,6.,-1.65));
#10759 = DIRECTION('',(1.,0.,0.));
#10760 = DIRECTION('',(0.,0.,-1.));
#10761 = ADVANCED_FACE('',(#10762),#10780,.T.);
#10762 = FACE_BOUND('',#10763,.F.);
#10763 = EDGE_LOOP('',(#10764,#10772,#10773,#10774));
#10764 = ORIENTED_EDGE('',*,*,#10765,.T.);
#10765 = EDGE_CURVE('',#10766,#10718,#10768,.T.);
#10766 = VERTEX_POINT('',#10767);
#10767 = CARTESIAN_POINT('',(3.475,9.6,-1.65));
#10768 = LINE('',#10769,#10770);
#10769 = CARTESIAN_POINT('',(3.475,9.6,-1.65));
#10770 = VECTOR('',#10771,1.);
#10771 = DIRECTION('',(1.,0.,0.));
#10772 = ORIENTED_EDGE('',*,*,#10751,.F.);
#10773 = ORIENTED_EDGE('',*,*,#9505,.F.);
#10774 = ORIENTED_EDGE('',*,*,#10775,.T.);
#10775 = EDGE_CURVE('',#9498,#10766,#10776,.T.);
#10776 = LINE('',#10777,#10778);
#10777 = CARTESIAN_POINT('',(3.475,6.,-1.65));
#10778 = VECTOR('',#10779,1.);
#10779 = DIRECTION('',(0.,1.,0.));
#10780 = PLANE('',#10781);
#10781 = AXIS2_PLACEMENT_3D('',#10782,#10783,#10784);
#10782 = CARTESIAN_POINT('',(3.475,6.,-1.65));
#10783 = DIRECTION('',(0.,0.,1.));
#10784 = DIRECTION('',(1.,0.,-0.));
#10785 = ADVANCED_FACE('',(#10786),#10804,.T.);
#10786 = FACE_BOUND('',#10787,.F.);
#10787 = EDGE_LOOP('',(#10788,#10789,#10797,#10803));
#10788 = ORIENTED_EDGE('',*,*,#10765,.F.);
#10789 = ORIENTED_EDGE('',*,*,#10790,.T.);
#10790 = EDGE_CURVE('',#10766,#10791,#10793,.T.);
#10791 = VERTEX_POINT('',#10792);
#10792 = CARTESIAN_POINT('',(3.375,9.7,-1.75));
#10793 = LINE('',#10794,#10795);
#10794 = CARTESIAN_POINT('',(3.475,9.6,-1.65));
#10795 = VECTOR('',#10796,1.);
#10796 = DIRECTION('',(-0.57735026919,0.57735026919,-0.57735026919));
#10797 = ORIENTED_EDGE('',*,*,#10798,.T.);
#10798 = EDGE_CURVE('',#10791,#10726,#10799,.T.);
#10799 = LINE('',#10800,#10801);
#10800 = CARTESIAN_POINT('',(3.375,9.7,-1.75));
#10801 = VECTOR('',#10802,1.);
#10802 = DIRECTION('',(1.,0.,0.));
#10803 = ORIENTED_EDGE('',*,*,#10725,.F.);
#10804 = PLANE('',#10805);
#10805 = AXIS2_PLACEMENT_3D('',#10806,#10807,#10808);
#10806 = CARTESIAN_POINT('',(4.15,9.65,-1.7));
#10807 = DIRECTION('',(0.,0.707106781186,0.707106781187));
#10808 = DIRECTION('',(0.,-0.707106781187,0.707106781186));
#10809 = ADVANCED_FACE('',(#10810),#10833,.T.);
#10810 = FACE_BOUND('',#10811,.F.);
#10811 = EDGE_LOOP('',(#10812,#10818,#10826,#10832));
#10812 = ORIENTED_EDGE('',*,*,#10813,.F.);
#10813 = EDGE_CURVE('',#9680,#10766,#10814,.T.);
#10814 = LINE('',#10815,#10816);
#10815 = CARTESIAN_POINT('',(3.475,9.6,-0.2));
#10816 = VECTOR('',#10817,1.);
#10817 = DIRECTION('',(0.,0.,-1.));
#10818 = ORIENTED_EDGE('',*,*,#10819,.T.);
#10819 = EDGE_CURVE('',#9680,#10820,#10822,.T.);
#10820 = VERTEX_POINT('',#10821);
#10821 = CARTESIAN_POINT('',(3.375,9.7,-0.3));
#10822 = LINE('',#10823,#10824);
#10823 = CARTESIAN_POINT('',(3.475,9.6,-0.2));
#10824 = VECTOR('',#10825,1.);
#10825 = DIRECTION('',(-0.57735026919,0.57735026919,-0.57735026919));
#10826 = ORIENTED_EDGE('',*,*,#10827,.T.);
#10827 = EDGE_CURVE('',#10820,#10791,#10828,.T.);
#10828 = LINE('',#10829,#10830);
#10829 = CARTESIAN_POINT('',(3.375,9.7,-0.3));
#10830 = VECTOR('',#10831,1.);
#10831 = DIRECTION('',(0.,0.,-1.));
#10832 = ORIENTED_EDGE('',*,*,#10790,.F.);
#10833 = PLANE('',#10834);
#10834 = AXIS2_PLACEMENT_3D('',#10835,#10836,#10837);
#10835 = CARTESIAN_POINT('',(3.425,9.65,-0.925));
#10836 = DIRECTION('',(0.707106781187,0.707106781186,0.));
#10837 = DIRECTION('',(0.707106781186,-0.707106781187,0.));
#10838 = ADVANCED_FACE('',(#10839),#10845,.T.);
#10839 = FACE_BOUND('',#10840,.F.);
#10840 = EDGE_LOOP('',(#10841,#10842,#10843,#10844));
#10841 = ORIENTED_EDGE('',*,*,#9497,.F.);
#10842 = ORIENTED_EDGE('',*,*,#9687,.T.);
#10843 = ORIENTED_EDGE('',*,*,#10813,.T.);
#10844 = ORIENTED_EDGE('',*,*,#10775,.F.);
#10845 = PLANE('',#10846);
#10846 = AXIS2_PLACEMENT_3D('',#10847,#10848,#10849);
#10847 = CARTESIAN_POINT('',(3.475,6.,-0.2));
#10848 = DIRECTION('',(1.,0.,0.));
#10849 = DIRECTION('',(0.,0.,-1.));
#10850 = ADVANCED_FACE('',(#10851),#10869,.T.);
#10851 = FACE_BOUND('',#10852,.F.);
#10852 = EDGE_LOOP('',(#10853,#10854,#10862,#10868));
#10853 = ORIENTED_EDGE('',*,*,#9679,.F.);
#10854 = ORIENTED_EDGE('',*,*,#10855,.T.);
#10855 = EDGE_CURVE('',#9672,#10856,#10858,.T.);
#10856 = VERTEX_POINT('',#10857);
#10857 = CARTESIAN_POINT('',(2.275,9.7,-0.3));
#10858 = LINE('',#10859,#10860);
#10859 = CARTESIAN_POINT('',(2.175,9.6,-0.2));
#10860 = VECTOR('',#10861,1.);
#10861 = DIRECTION('',(0.57735026919,0.57735026919,-0.57735026919));
#10862 = ORIENTED_EDGE('',*,*,#10863,.T.);
#10863 = EDGE_CURVE('',#10856,#10820,#10864,.T.);
#10864 = LINE('',#10865,#10866);
#10865 = CARTESIAN_POINT('',(2.275,9.7,-0.3));
#10866 = VECTOR('',#10867,1.);
#10867 = DIRECTION('',(1.,0.,0.));
#10868 = ORIENTED_EDGE('',*,*,#10819,.F.);
#10869 = PLANE('',#10870);
#10870 = AXIS2_PLACEMENT_3D('',#10871,#10872,#10873);
#10871 = CARTESIAN_POINT('',(2.825,9.65,-0.25));
#10872 = DIRECTION('',(0.,0.707106781186,0.707106781187));
#10873 = DIRECTION('',(0.,-0.707106781187,0.707106781186));
#10874 = ADVANCED_FACE('',(#10875),#10886,.T.);
#10875 = FACE_BOUND('',#10876,.F.);
#10876 = EDGE_LOOP('',(#10877,#10878,#10879,#10885));
#10877 = ORIENTED_EDGE('',*,*,#9710,.F.);
#10878 = ORIENTED_EDGE('',*,*,#9766,.T.);
#10879 = ORIENTED_EDGE('',*,*,#10880,.T.);
#10880 = EDGE_CURVE('',#9759,#10856,#10881,.T.);
#10881 = LINE('',#10882,#10883);
#10882 = CARTESIAN_POINT('',(2.275,9.7,-1.75));
#10883 = VECTOR('',#10884,1.);
#10884 = DIRECTION('',(0.,0.,1.));
#10885 = ORIENTED_EDGE('',*,*,#10855,.F.);
#10886 = PLANE('',#10887);
#10887 = AXIS2_PLACEMENT_3D('',#10888,#10889,#10890);
#10888 = CARTESIAN_POINT('',(2.225,9.65,-0.925));
#10889 = DIRECTION('',(-0.707106781187,0.707106781186,0.));
#10890 = DIRECTION('',(-0.707106781186,-0.707106781187,0.));
#10891 = ADVANCED_FACE('',(#10892),#10918,.T.);
#10892 = FACE_BOUND('',#10893,.F.);
#10893 = EDGE_LOOP('',(#10894,#10895,#10896,#10897,#10898,#10906,#10912,
    #10913,#10914,#10915,#10916,#10917));
#10894 = ORIENTED_EDGE('',*,*,#9758,.F.);
#10895 = ORIENTED_EDGE('',*,*,#9796,.F.);
#10896 = ORIENTED_EDGE('',*,*,#9861,.F.);
#10897 = ORIENTED_EDGE('',*,*,#9892,.F.);
#10898 = ORIENTED_EDGE('',*,*,#10899,.F.);
#10899 = EDGE_CURVE('',#10900,#9885,#10902,.T.);
#10900 = VERTEX_POINT('',#10901);
#10901 = CARTESIAN_POINT('',(3.375,9.7,-4.1));
#10902 = LINE('',#10903,#10904);
#10903 = CARTESIAN_POINT('',(3.375,9.7,-4.1));
#10904 = VECTOR('',#10905,1.);
#10905 = DIRECTION('',(-1.,0.,0.));
#10906 = ORIENTED_EDGE('',*,*,#10907,.F.);
#10907 = EDGE_CURVE('',#10696,#10900,#10908,.T.);
#10908 = LINE('',#10909,#10910);
#10909 = CARTESIAN_POINT('',(3.375,9.7,-2.65));
#10910 = VECTOR('',#10911,1.);
#10911 = DIRECTION('',(0.,0.,-1.));
#10912 = ORIENTED_EDGE('',*,*,#10695,.F.);
#10913 = ORIENTED_EDGE('',*,*,#10733,.F.);
#10914 = ORIENTED_EDGE('',*,*,#10798,.F.);
#10915 = ORIENTED_EDGE('',*,*,#10827,.F.);
#10916 = ORIENTED_EDGE('',*,*,#10863,.F.);
#10917 = ORIENTED_EDGE('',*,*,#10880,.F.);
#10918 = PLANE('',#10919);
#10919 = AXIS2_PLACEMENT_3D('',#10920,#10921,#10922);
#10920 = CARTESIAN_POINT('',(0.,9.7,0.));
#10921 = DIRECTION('',(0.,1.,0.));
#10922 = DIRECTION('',(0.,-0.,1.));
#10923 = ADVANCED_FACE('',(#10924),#10935,.T.);
#10924 = FACE_BOUND('',#10925,.F.);
#10925 = EDGE_LOOP('',(#10926,#10927,#10933,#10934));
#10926 = ORIENTED_EDGE('',*,*,#9938,.F.);
#10927 = ORIENTED_EDGE('',*,*,#10928,.T.);
#10928 = EDGE_CURVE('',#9931,#10900,#10929,.T.);
#10929 = LINE('',#10930,#10931);
#10930 = CARTESIAN_POINT('',(3.475,9.6,-4.2));
#10931 = VECTOR('',#10932,1.);
#10932 = DIRECTION('',(-0.57735026919,0.57735026919,0.57735026919));
#10933 = ORIENTED_EDGE('',*,*,#10899,.T.);
#10934 = ORIENTED_EDGE('',*,*,#9884,.F.);
#10935 = PLANE('',#10936);
#10936 = AXIS2_PLACEMENT_3D('',#10937,#10938,#10939);
#10937 = CARTESIAN_POINT('',(2.825,9.65,-4.15));
#10938 = DIRECTION('',(0.,0.707106781186,-0.707106781187));
#10939 = DIRECTION('',(0.,-0.707106781187,-0.707106781186));
#10940 = ADVANCED_FACE('',(#10941),#10947,.T.);
#10941 = FACE_BOUND('',#10942,.F.);
#10942 = EDGE_LOOP('',(#10943,#10944,#10945,#10946));
#10943 = ORIENTED_EDGE('',*,*,#10907,.T.);
#10944 = ORIENTED_EDGE('',*,*,#10928,.F.);
#10945 = ORIENTED_EDGE('',*,*,#10647,.F.);
#10946 = ORIENTED_EDGE('',*,*,#10703,.T.);
#10947 = PLANE('',#10948);
#10948 = AXIS2_PLACEMENT_3D('',#10949,#10950,#10951);
#10949 = CARTESIAN_POINT('',(3.425,9.65,-3.475));
#10950 = DIRECTION('',(0.707106781187,0.707106781186,0.));
#10951 = DIRECTION('',(0.707106781186,-0.707106781187,0.));
#10952 = ADVANCED_FACE('',(#10953),#10958,.T.);
#10953 = FACE_BOUND('',#10954,.T.);
#10954 = EDGE_LOOP('',(#10955,#10956,#10957));
#10955 = ORIENTED_EDGE('',*,*,#8385,.T.);
#10956 = ORIENTED_EDGE('',*,*,#8477,.T.);
#10957 = ORIENTED_EDGE('',*,*,#9647,.T.);
#10958 = SPHERICAL_SURFACE('',#10959,0.2);
#10959 = AXIS2_PLACEMENT_3D('',#10960,#10961,#10962);
#10960 = CARTESIAN_POINT('',(5.45,5.8,-0.2));
#10961 = DIRECTION('',(0.,0.707106781187,-0.707106781187));
#10962 = DIRECTION('',(0.,0.707106781187,0.707106781187));
#10963 = ADVANCED_FACE('',(#10964),#10975,.T.);
#10964 = FACE_BOUND('',#10965,.T.);
#10965 = EDGE_LOOP('',(#10966,#10967,#10968));
#10966 = ORIENTED_EDGE('',*,*,#9639,.T.);
#10967 = ORIENTED_EDGE('',*,*,#9465,.T.);
#10968 = ORIENTED_EDGE('',*,*,#10969,.T.);
#10969 = EDGE_CURVE('',#9410,#8354,#10970,.T.);
#10970 = CIRCLE('',#10971,0.2);
#10971 = AXIS2_PLACEMENT_3D('',#10972,#10973,#10974);
#10972 = CARTESIAN_POINT('',(0.2,5.8,-0.2));
#10973 = DIRECTION('',(0.,1.,0.));
#10974 = DIRECTION('',(-1.,0.,0.));
#10975 = SPHERICAL_SURFACE('',#10976,0.2);
#10976 = AXIS2_PLACEMENT_3D('',#10977,#10978,#10979);
#10977 = CARTESIAN_POINT('',(0.2,5.8,-0.2));
#10978 = DIRECTION('',(-0.707106781187,0.,-0.707106781187));
#10979 = DIRECTION('',(-0.707106781187,0.,0.707106781187));
#10980 = ADVANCED_FACE('',(#10981),#10993,.T.);
#10981 = FACE_BOUND('',#10982,.T.);
#10982 = EDGE_LOOP('',(#10983,#10990,#10991,#10992));
#10983 = ORIENTED_EDGE('',*,*,#10984,.F.);
#10984 = EDGE_CURVE('',#8346,#9418,#10985,.T.);
#10985 = CIRCLE('',#10986,0.2);
#10986 = AXIS2_PLACEMENT_3D('',#10987,#10988,#10989);
#10987 = CARTESIAN_POINT('',(0.2,0.,-0.2));
#10988 = DIRECTION('',(0.,-1.,0.));
#10989 = DIRECTION('',(0.,0.,1.));
#10990 = ORIENTED_EDGE('',*,*,#8353,.F.);
#10991 = ORIENTED_EDGE('',*,*,#10969,.F.);
#10992 = ORIENTED_EDGE('',*,*,#9417,.T.);
#10993 = CYLINDRICAL_SURFACE('',#10994,0.2);
#10994 = AXIS2_PLACEMENT_3D('',#10995,#10996,#10997);
#10995 = CARTESIAN_POINT('',(0.2,25.27802,-0.2));
#10996 = DIRECTION('',(0.,-1.,0.));
#10997 = DIRECTION('',(0.,0.,1.));
#10998 = ADVANCED_FACE('',(#10999),#11011,.T.);
#10999 = FACE_BOUND('',#11000,.F.);
#11000 = EDGE_LOOP('',(#11001,#11002,#11003,#11004,#11010));
#11001 = ORIENTED_EDGE('',*,*,#9425,.F.);
#11002 = ORIENTED_EDGE('',*,*,#10984,.F.);
#11003 = ORIENTED_EDGE('',*,*,#8345,.T.);
#11004 = ORIENTED_EDGE('',*,*,#11005,.T.);
#11005 = EDGE_CURVE('',#8338,#8688,#11006,.T.);
#11006 = LINE('',#11007,#11008);
#11007 = CARTESIAN_POINT('',(-1.3,0.,0.));
#11008 = VECTOR('',#11009,1.);
#11009 = DIRECTION('',(0.,0.,-1.));
#11010 = ORIENTED_EDGE('',*,*,#8687,.F.);
#11011 = PLANE('',#11012);
#11012 = AXIS2_PLACEMENT_3D('',#11013,#11014,#11015);
#11013 = CARTESIAN_POINT('',(0.,0.,0.));
#11014 = DIRECTION('',(0.,1.,0.));
#11015 = DIRECTION('',(-1.,0.,0.));
#11016 = ADVANCED_FACE('',(#11017),#11023,.T.);
#11017 = FACE_BOUND('',#11018,.F.);
#11018 = EDGE_LOOP('',(#11019,#11020,#11021,#11022));
#11019 = ORIENTED_EDGE('',*,*,#8337,.T.);
#11020 = ORIENTED_EDGE('',*,*,#8867,.T.);
#11021 = ORIENTED_EDGE('',*,*,#8695,.F.);
#11022 = ORIENTED_EDGE('',*,*,#11005,.F.);
#11023 = PLANE('',#11024);
#11024 = AXIS2_PLACEMENT_3D('',#11025,#11026,#11027);
#11025 = CARTESIAN_POINT('',(-1.3,0.,0.));
#11026 = DIRECTION('',(-1.,0.,0.));
#11027 = DIRECTION('',(0.,-1.,0.));
#11028 = ADVANCED_FACE('',(#11029),#11035,.T.);
#11029 = FACE_BOUND('',#11030,.F.);
#11030 = EDGE_LOOP('',(#11031,#11032,#11033,#11034));
#11031 = ORIENTED_EDGE('',*,*,#8995,.T.);
#11032 = ORIENTED_EDGE('',*,*,#9057,.F.);
#11033 = ORIENTED_EDGE('',*,*,#9220,.T.);
#11034 = ORIENTED_EDGE('',*,*,#8915,.T.);
#11035 = PLANE('',#11036);
#11036 = AXIS2_PLACEMENT_3D('',#11037,#11038,#11039);
#11037 = CARTESIAN_POINT('',(-1.175,-1.2,-3.3));
#11038 = DIRECTION('',(-1.,0.,0.));
#11039 = DIRECTION('',(0.,-1.,0.));
#11040 = ADVANCED_FACE('',(#11041),#11052,.F.);
#11041 = FACE_BOUND('',#11042,.F.);
#11042 = EDGE_LOOP('',(#11043,#11049,#11050,#11051));
#11043 = ORIENTED_EDGE('',*,*,#11044,.F.);
#11044 = EDGE_CURVE('',#9228,#9117,#11045,.T.);
#11045 = LINE('',#11046,#11047);
#11046 = CARTESIAN_POINT('',(2.5E-02,-1.2,-3.4));
#11047 = VECTOR('',#11048,1.);
#11048 = DIRECTION('',(0.,-1.,0.));
#11049 = ORIENTED_EDGE('',*,*,#9227,.T.);
#11050 = ORIENTED_EDGE('',*,*,#9041,.T.);
#11051 = ORIENTED_EDGE('',*,*,#9124,.T.);
#11052 = CYLINDRICAL_SURFACE('',#11053,0.1);
#11053 = AXIS2_PLACEMENT_3D('',#11054,#11055,#11056);
#11054 = CARTESIAN_POINT('',(-7.5E-02,25.27802,-3.4));
#11055 = DIRECTION('',(0.,-1.,0.));
#11056 = DIRECTION('',(1.,0.,0.));
#11057 = ADVANCED_FACE('',(#11058),#11064,.T.);
#11058 = FACE_BOUND('',#11059,.F.);
#11059 = EDGE_LOOP('',(#11060,#11061,#11062,#11063));
#11060 = ORIENTED_EDGE('',*,*,#9181,.T.);
#11061 = ORIENTED_EDGE('',*,*,#9236,.F.);
#11062 = ORIENTED_EDGE('',*,*,#11044,.T.);
#11063 = ORIENTED_EDGE('',*,*,#9116,.T.);
#11064 = PLANE('',#11065);
#11065 = AXIS2_PLACEMENT_3D('',#11066,#11067,#11068);
#11066 = CARTESIAN_POINT('',(2.5E-02,-1.7,-3.3));
#11067 = DIRECTION('',(-1.,0.,0.));
#11068 = DIRECTION('',(0.,1.,0.));
#11069 = ( GEOMETRIC_REPRESENTATION_CONTEXT(3) 
GLOBAL_UNCERTAINTY_ASSIGNED_CONTEXT((#11073)) 
GLOBAL_UNIT_ASSIGNED_CONTEXT((#11070,#11071,#11072)) 
REPRESENTATION_CONTEXT('Context #1',
  '3D Context with UNIT and UNCERTAINTY') );
#11070 = ( LENGTH_UNIT() NAMED_UNIT(*) SI_UNIT(.MILLI.,.METRE.) );
#11071 = ( NAMED_UNIT(*) PLANE_ANGLE_UNIT() SI_UNIT($,.RADIAN.) );
#11072 = ( NAMED_UNIT(*) SI_UNIT($,.STERADIAN.) SOLID_ANGLE_UNIT() );
#11073 = UNCERTAINTY_MEASURE_WITH_UNIT(LENGTH_MEASURE(1.E-05),#11070,
  'distance_accuracy_value','confusion accuracy');
#11074 = CONTEXT_DEPENDENT_SHAPE_REPRESENTATION(#11075,#11077);
#11075 = ( REPRESENTATION_RELATIONSHIP('','',#8222,#10) 
REPRESENTATION_RELATIONSHIP_WITH_TRANSFORMATION(#11076) 
SHAPE_REPRESENTATION_RELATIONSHIP() );
#11076 = ITEM_DEFINED_TRANSFORMATION('','',#11,#19);
#11077 = PRODUCT_DEFINITION_SHAPE('Placement','Placement of an item',
  #11078);
#11078 = NEXT_ASSEMBLY_USAGE_OCCURRENCE('4','Cherry_Stabilizer001','',#5
  ,#8217,$);
#11079 = PRODUCT_RELATED_PRODUCT_CATEGORY('part',$,(#8219));
#11080 = MECHANICAL_DESIGN_GEOMETRIC_PRESENTATION_REPRESENTATION('',(
    #11081),#8204);
#11081 = STYLED_ITEM('color',(#11082),#37);
#11082 = PRESENTATION_STYLE_ASSIGNMENT((#11083,#11089));
#11083 = SURFACE_STYLE_USAGE(.BOTH.,#11084);
#11084 = SURFACE_SIDE_STYLE('',(#11085));
#11085 = SURFACE_STYLE_FILL_AREA(#11086);
#11086 = FILL_AREA_STYLE('',(#11087));
#11087 = FILL_AREA_STYLE_COLOUR('',#11088);
#11088 = COLOUR_RGB('',0.800000010877,0.800000010877,0.800000010877);
#11089 = CURVE_STYLE('',#11090,POSITIVE_LENGTH_MEASURE(0.1),#11091);
#11090 = DRAUGHTING_PRE_DEFINED_CURVE_FONT('continuous');
#11091 = COLOUR_RGB('',9.803921802644E-02,9.803921802644E-02,
  9.803921802644E-02);
#11092 = MECHANICAL_DESIGN_GEOMETRIC_PRESENTATION_REPRESENTATION('',(
    #11093),#11069);
#11093 = STYLED_ITEM('color',(#11094),#8223);
#11094 = PRESENTATION_STYLE_ASSIGNMENT((#11095,#11100));
#11095 = SURFACE_STYLE_USAGE(.BOTH.,#11096);
#11096 = SURFACE_SIDE_STYLE('',(#11097));
#11097 = SURFACE_STYLE_FILL_AREA(#11098);
#11098 = FILL_AREA_STYLE('',(#11099));
#11099 = FILL_AREA_STYLE_COLOUR('',#11088);
#11100 = CURVE_STYLE('',#11101,POSITIVE_LENGTH_MEASURE(0.1),#11091);
#11101 = DRAUGHTING_PRE_DEFINED_CURVE_FONT('continuous');
ENDSEC;
END-ISO-10303-21;
