ISO-10303-21;
HEADER;
FILE_DESCRIPTION(('FreeCAD Model'),'2;1');
FILE_NAME('Open CASCADE Shape Model','2023-02-23T10:59:03',(''),(''),
  'Open CASCADE STEP processor 7.6','FreeCAD','Unknown');
FILE_SCHEMA(('AUTOMOTIVE_DESIGN { 1 0 10303 214 1 1 1 1 }'));
ENDSEC;
DATA;
#1 = APPLICATION_PROTOCOL_DEFINITION('international standard',
  'automotive_design',2000,#2);
#2 = APPLICATION_CONTEXT(
  'core data for automotive mechanical design processes');
#3 = SHAPE_DEFINITION_REPRESENTATION(#4,#10);
#4 = PRODUCT_DEFINITION_SHAPE('','',#5);
#5 = PRODUCT_DEFINITION('design','',#6,#9);
#6 = PRODUCT_DEFINITION_FORMATION('','',#7);
#7 = PRODUCT('Frame','Frame','',(#8));
#8 = PRODUCT_CONTEXT('',#2,'mechanical');
#9 = PRODUCT_DEFINITION_CONTEXT('part definition',#2,'design');
#10 = ADVANCED_BREP_SHAPE_REPRESENTATION('',(#11,#15),#11971);
#11 = AXIS2_PLACEMENT_3D('',#12,#13,#14);
#12 = CARTESIAN_POINT('',(0.,0.,0.));
#13 = DIRECTION('',(0.,0.,1.));
#14 = DIRECTION('',(1.,0.,-0.));
#15 = MANIFOLD_SOLID_BREP('',#16);
#16 = CLOSED_SHELL('',(#17,#57,#88,#119,#150,#181,#205,#229,#260,#284,
    #315,#346,#370,#401,#423,#447,#471,#488,#512,#534,#551,#582,#599,
    #630,#654,#685,#716,#740,#764,#781,#805,#836,#860,#891,#916,#947,
    #964,#995,#1019,#1043,#1068,#1099,#1126,#1157,#1188,#1219,#1250,
    #1272,#1289,#1320,#1351,#1375,#1407,#1429,#1446,#1477,#1489,#1520,
    #1544,#1575,#1599,#1630,#1662,#1693,#1710,#1727,#1749,#1773,#1797,
    #1828,#1859,#1876,#1893,#1924,#1949,#1974,#1990,#2006,#2037,#2068,
    #2093,#2122,#2146,#2168,#2192,#2214,#2238,#2255,#2286,#2315,#2338,
    #2362,#2374,#2391,#2415,#2439,#2456,#2473,#2504,#2521,#2538,#2562,
    #2579,#2596,#2608,#2620,#2632,#2649,#2680,#2704,#2728,#2745,#2776,
    #2800,#2831,#2855,#2879,#2896,#2913,#2944,#2975,#2999,#3016,#3047,
    #3071,#3102,#3133,#3164,#3181,#3212,#3236,#3260,#3291,#3322,#3353,
    #3370,#3387,#3418,#3440,#3457,#3488,#3512,#3529,#3560,#3584,#3601,
    #3625,#3654,#3678,#3707,#3731,#3755,#3779,#3810,#3834,#3851,#3863,
    #3887,#3918,#3942,#3973,#3997,#4028,#4052,#4074,#4098,#4129,#4153,
    #4170,#4201,#4218,#4242,#4266,#4290,#4314,#4338,#4362,#4386,#4403,
    #4434,#4458,#4480,#4497,#4528,#4552,#4574,#4605,#4627,#4644,#4668,
    #4690,#4707,#4738,#4769,#4786,#4817,#4848,#4872,#4903,#4927,#4958,
    #4982,#5013,#5037,#5068,#5092,#5116,#5133,#5164,#5189,#5206,#5223,
    #5245,#5276,#5300,#5317,#5348,#5372,#5403,#5427,#5458,#5483,#5508,
    #5541,#5558,#5589,#5620,#5645,#5669,#5693,#5717,#5748,#5772,#5794,
    #5811,#5842,#5866,#5897,#5921,#5945,#5976,#6000,#6032,#6054,#6066,
    #6083,#6114,#6138,#6155,#6186,#6210,#6227,#6244,#6261,#6292,#6314,
    #6331,#6363,#6395,#6419,#6438,#6457,#6474,#6505,#6530,#6561,#6586,
    #6618,#6642,#6666,#6697,#6721,#6752,#6776,#6807,#6831,#6848,#6875,
    #6899,#6923,#6947,#6963,#6979,#7010,#7041,#7066,#7093,#7117,#7148,
    #7172,#7203,#7228,#7259,#7283,#7305,#7329,#7353,#7365,#7384,#7401,
    #7432,#7449,#7466,#7483,#7507,#7519,#7537,#7554,#7578,#7603,#7627,
    #7651,#7675,#7699,#7721,#7738,#7769,#7793,#7815,#7846,#7863,#7887,
    #7911,#7942,#7954,#7976,#7993,#8024,#8048,#8081,#8113,#8135,#8152,
    #8176,#8198,#8215,#8232,#8244,#8268,#8300,#8324,#8341,#8372,#8396,
    #8427,#8452,#8469,#8486,#8517,#8534,#8558,#8583,#8614,#8645,#8669,
    #8700,#8724,#8740,#8756,#8778,#8809,#8842,#8867,#8884,#8915,#8939,
    #8963,#8987,#9012,#9036,#9053,#9084,#9115,#9139,#9171,#9193,#9210,
    #9227,#9258,#9275,#9306,#9338,#9369,#9400,#9424,#9446,#9463,#9494,
    #9512,#9530,#9547,#9571,#9588,#9605,#9636,#9660,#9684,#9708,#9732,
    #9749,#9771,#9796,#9821,#9837,#9853,#9884,#9915,#9940,#9962,#9993,
    #10010,#10027,#10050,#10081,#10098,#10129,#10153,#10170,#10201,
    #10218,#10247,#10271,#10300,#10322,#10346,#10375,#10399,#10423,
    #10440,#10457,#10469,#10481,#10493,#10505,#10529,#10546,#10570,
    #10587,#10618,#10649,#10666,#10690,#10702,#10724,#10741,#10772,
    #10796,#10827,#10844,#10875,#10892,#10923,#10948,#10973,#11006,
    #11023,#11054,#11078,#11095,#11126,#11150,#11181,#11198,#11229,
    #11246,#11277,#11299,#11316,#11348,#11380,#11396,#11423,#11439,
    #11451,#11482,#11506,#11528,#11559,#11583,#11600,#11622,#11639,
    #11656,#11678,#11695,#11712,#11729,#11762,#11793,#11818,#11843,
    #11861,#11884,#11901,#11913,#11930,#11942,#11959));
#17 = ADVANCED_FACE('',(#18),#52,.F.);
#18 = FACE_BOUND('',#19,.F.);
#19 = EDGE_LOOP('',(#20,#30,#38,#46));
#20 = ORIENTED_EDGE('',*,*,#21,.F.);
#21 = EDGE_CURVE('',#22,#24,#26,.T.);
#22 = VERTEX_POINT('',#23);
#23 = CARTESIAN_POINT('',(0.,0.,0.));
#24 = VERTEX_POINT('',#25);
#25 = CARTESIAN_POINT('',(0.,0.,3.));
#26 = LINE('',#27,#28);
#27 = CARTESIAN_POINT('',(0.,0.,0.));
#28 = VECTOR('',#29,1.);
#29 = DIRECTION('',(0.,0.,1.));
#30 = ORIENTED_EDGE('',*,*,#31,.T.);
#31 = EDGE_CURVE('',#22,#32,#34,.T.);
#32 = VERTEX_POINT('',#33);
#33 = CARTESIAN_POINT('',(0.,3.,0.));
#34 = LINE('',#35,#36);
#35 = CARTESIAN_POINT('',(0.,0.,0.));
#36 = VECTOR('',#37,1.);
#37 = DIRECTION('',(0.,1.,0.));
#38 = ORIENTED_EDGE('',*,*,#39,.T.);
#39 = EDGE_CURVE('',#32,#40,#42,.T.);
#40 = VERTEX_POINT('',#41);
#41 = CARTESIAN_POINT('',(0.,3.,3.));
#42 = LINE('',#43,#44);
#43 = CARTESIAN_POINT('',(0.,3.,0.));
#44 = VECTOR('',#45,1.);
#45 = DIRECTION('',(0.,0.,1.));
#46 = ORIENTED_EDGE('',*,*,#47,.F.);
#47 = EDGE_CURVE('',#24,#40,#48,.T.);
#48 = LINE('',#49,#50);
#49 = CARTESIAN_POINT('',(0.,0.,3.));
#50 = VECTOR('',#51,1.);
#51 = DIRECTION('',(0.,1.,0.));
#52 = PLANE('',#53);
#53 = AXIS2_PLACEMENT_3D('',#54,#55,#56);
#54 = CARTESIAN_POINT('',(0.,0.,0.));
#55 = DIRECTION('',(1.,0.,0.));
#56 = DIRECTION('',(0.,0.,1.));
#57 = ADVANCED_FACE('',(#58),#83,.F.);
#58 = FACE_BOUND('',#59,.F.);
#59 = EDGE_LOOP('',(#60,#68,#76,#82));
#60 = ORIENTED_EDGE('',*,*,#61,.F.);
#61 = EDGE_CURVE('',#62,#24,#64,.T.);
#62 = VERTEX_POINT('',#63);
#63 = CARTESIAN_POINT('',(0.,-8.97,3.));
#64 = LINE('',#65,#66);
#65 = CARTESIAN_POINT('',(0.,-11.97,3.));
#66 = VECTOR('',#67,1.);
#67 = DIRECTION('',(0.,1.,0.));
#68 = ORIENTED_EDGE('',*,*,#69,.F.);
#69 = EDGE_CURVE('',#70,#62,#72,.T.);
#70 = VERTEX_POINT('',#71);
#71 = CARTESIAN_POINT('',(0.,-8.97,0.));
#72 = LINE('',#73,#74);
#73 = CARTESIAN_POINT('',(0.,-8.97,0.));
#74 = VECTOR('',#75,1.);
#75 = DIRECTION('',(0.,0.,1.));
#76 = ORIENTED_EDGE('',*,*,#77,.T.);
#77 = EDGE_CURVE('',#70,#22,#78,.T.);
#78 = LINE('',#79,#80);
#79 = CARTESIAN_POINT('',(0.,-11.97,0.));
#80 = VECTOR('',#81,1.);
#81 = DIRECTION('',(0.,1.,0.));
#82 = ORIENTED_EDGE('',*,*,#21,.T.);
#83 = PLANE('',#84);
#84 = AXIS2_PLACEMENT_3D('',#85,#86,#87);
#85 = CARTESIAN_POINT('',(0.,-11.97,0.));
#86 = DIRECTION('',(1.,0.,0.));
#87 = DIRECTION('',(0.,0.,1.));
#88 = ADVANCED_FACE('',(#89),#114,.T.);
#89 = FACE_BOUND('',#90,.T.);
#90 = EDGE_LOOP('',(#91,#92,#100,#108));
#91 = ORIENTED_EDGE('',*,*,#47,.F.);
#92 = ORIENTED_EDGE('',*,*,#93,.T.);
#93 = EDGE_CURVE('',#24,#94,#96,.T.);
#94 = VERTEX_POINT('',#95);
#95 = CARTESIAN_POINT('',(3.,0.,3.));
#96 = LINE('',#97,#98);
#97 = CARTESIAN_POINT('',(0.,0.,3.));
#98 = VECTOR('',#99,1.);
#99 = DIRECTION('',(1.,0.,0.));
#100 = ORIENTED_EDGE('',*,*,#101,.T.);
#101 = EDGE_CURVE('',#94,#102,#104,.T.);
#102 = VERTEX_POINT('',#103);
#103 = CARTESIAN_POINT('',(3.,3.,3.));
#104 = LINE('',#105,#106);
#105 = CARTESIAN_POINT('',(3.,0.,3.));
#106 = VECTOR('',#107,1.);
#107 = DIRECTION('',(0.,1.,0.));
#108 = ORIENTED_EDGE('',*,*,#109,.F.);
#109 = EDGE_CURVE('',#40,#102,#110,.T.);
#110 = LINE('',#111,#112);
#111 = CARTESIAN_POINT('',(0.,3.,3.));
#112 = VECTOR('',#113,1.);
#113 = DIRECTION('',(1.,0.,0.));
#114 = PLANE('',#115);
#115 = AXIS2_PLACEMENT_3D('',#116,#117,#118);
#116 = CARTESIAN_POINT('',(0.,0.,3.));
#117 = DIRECTION('',(0.,0.,1.));
#118 = DIRECTION('',(1.,0.,0.));
#119 = ADVANCED_FACE('',(#120),#145,.F.);
#120 = FACE_BOUND('',#121,.F.);
#121 = EDGE_LOOP('',(#122,#123,#131,#139));
#122 = ORIENTED_EDGE('',*,*,#39,.F.);
#123 = ORIENTED_EDGE('',*,*,#124,.T.);
#124 = EDGE_CURVE('',#32,#125,#127,.T.);
#125 = VERTEX_POINT('',#126);
#126 = CARTESIAN_POINT('',(0.,19.05,0.));
#127 = LINE('',#128,#129);
#128 = CARTESIAN_POINT('',(0.,0.,0.));
#129 = VECTOR('',#130,1.);
#130 = DIRECTION('',(0.,1.,0.));
#131 = ORIENTED_EDGE('',*,*,#132,.T.);
#132 = EDGE_CURVE('',#125,#133,#135,.T.);
#133 = VERTEX_POINT('',#134);
#134 = CARTESIAN_POINT('',(0.,19.05,3.));
#135 = LINE('',#136,#137);
#136 = CARTESIAN_POINT('',(0.,19.05,0.));
#137 = VECTOR('',#138,1.);
#138 = DIRECTION('',(0.,0.,1.));
#139 = ORIENTED_EDGE('',*,*,#140,.F.);
#140 = EDGE_CURVE('',#40,#133,#141,.T.);
#141 = LINE('',#142,#143);
#142 = CARTESIAN_POINT('',(0.,0.,3.));
#143 = VECTOR('',#144,1.);
#144 = DIRECTION('',(0.,1.,0.));
#145 = PLANE('',#146);
#146 = AXIS2_PLACEMENT_3D('',#147,#148,#149);
#147 = CARTESIAN_POINT('',(0.,0.,0.));
#148 = DIRECTION('',(1.,0.,0.));
#149 = DIRECTION('',(0.,0.,1.));
#150 = ADVANCED_FACE('',(#151),#176,.F.);
#151 = FACE_BOUND('',#152,.F.);
#152 = EDGE_LOOP('',(#153,#154,#162,#170));
#153 = ORIENTED_EDGE('',*,*,#31,.F.);
#154 = ORIENTED_EDGE('',*,*,#155,.T.);
#155 = EDGE_CURVE('',#22,#156,#158,.T.);
#156 = VERTEX_POINT('',#157);
#157 = CARTESIAN_POINT('',(3.,0.,0.));
#158 = LINE('',#159,#160);
#159 = CARTESIAN_POINT('',(0.,0.,0.));
#160 = VECTOR('',#161,1.);
#161 = DIRECTION('',(1.,0.,0.));
#162 = ORIENTED_EDGE('',*,*,#163,.T.);
#163 = EDGE_CURVE('',#156,#164,#166,.T.);
#164 = VERTEX_POINT('',#165);
#165 = CARTESIAN_POINT('',(3.,3.,0.));
#166 = LINE('',#167,#168);
#167 = CARTESIAN_POINT('',(3.,0.,0.));
#168 = VECTOR('',#169,1.);
#169 = DIRECTION('',(0.,1.,0.));
#170 = ORIENTED_EDGE('',*,*,#171,.F.);
#171 = EDGE_CURVE('',#32,#164,#172,.T.);
#172 = LINE('',#173,#174);
#173 = CARTESIAN_POINT('',(0.,3.,0.));
#174 = VECTOR('',#175,1.);
#175 = DIRECTION('',(1.,0.,0.));
#176 = PLANE('',#177);
#177 = AXIS2_PLACEMENT_3D('',#178,#179,#180);
#178 = CARTESIAN_POINT('',(0.,0.,0.));
#179 = DIRECTION('',(0.,0.,1.));
#180 = DIRECTION('',(1.,0.,0.));
#181 = ADVANCED_FACE('',(#182),#200,.T.);
#182 = FACE_BOUND('',#183,.T.);
#183 = EDGE_LOOP('',(#184,#185,#193,#199));
#184 = ORIENTED_EDGE('',*,*,#61,.F.);
#185 = ORIENTED_EDGE('',*,*,#186,.T.);
#186 = EDGE_CURVE('',#62,#187,#189,.T.);
#187 = VERTEX_POINT('',#188);
#188 = CARTESIAN_POINT('',(3.,-8.97,3.));
#189 = LINE('',#190,#191);
#190 = CARTESIAN_POINT('',(0.,-8.97,3.));
#191 = VECTOR('',#192,1.);
#192 = DIRECTION('',(1.,0.,0.));
#193 = ORIENTED_EDGE('',*,*,#194,.T.);
#194 = EDGE_CURVE('',#187,#94,#195,.T.);
#195 = LINE('',#196,#197);
#196 = CARTESIAN_POINT('',(3.,-11.97,3.));
#197 = VECTOR('',#198,1.);
#198 = DIRECTION('',(0.,1.,0.));
#199 = ORIENTED_EDGE('',*,*,#93,.F.);
#200 = PLANE('',#201);
#201 = AXIS2_PLACEMENT_3D('',#202,#203,#204);
#202 = CARTESIAN_POINT('',(0.,-11.97,3.));
#203 = DIRECTION('',(0.,0.,1.));
#204 = DIRECTION('',(1.,0.,0.));
#205 = ADVANCED_FACE('',(#206),#224,.F.);
#206 = FACE_BOUND('',#207,.F.);
#207 = EDGE_LOOP('',(#208,#209,#217,#223));
#208 = ORIENTED_EDGE('',*,*,#77,.F.);
#209 = ORIENTED_EDGE('',*,*,#210,.T.);
#210 = EDGE_CURVE('',#70,#211,#213,.T.);
#211 = VERTEX_POINT('',#212);
#212 = CARTESIAN_POINT('',(3.,-8.97,0.));
#213 = LINE('',#214,#215);
#214 = CARTESIAN_POINT('',(0.,-8.97,0.));
#215 = VECTOR('',#216,1.);
#216 = DIRECTION('',(1.,0.,0.));
#217 = ORIENTED_EDGE('',*,*,#218,.T.);
#218 = EDGE_CURVE('',#211,#156,#219,.T.);
#219 = LINE('',#220,#221);
#220 = CARTESIAN_POINT('',(3.,-11.97,0.));
#221 = VECTOR('',#222,1.);
#222 = DIRECTION('',(0.,1.,0.));
#223 = ORIENTED_EDGE('',*,*,#155,.F.);
#224 = PLANE('',#225);
#225 = AXIS2_PLACEMENT_3D('',#226,#227,#228);
#226 = CARTESIAN_POINT('',(0.,-11.97,0.));
#227 = DIRECTION('',(0.,0.,1.));
#228 = DIRECTION('',(1.,0.,0.));
#229 = ADVANCED_FACE('',(#230),#255,.F.);
#230 = FACE_BOUND('',#231,.F.);
#231 = EDGE_LOOP('',(#232,#242,#248,#249));
#232 = ORIENTED_EDGE('',*,*,#233,.F.);
#233 = EDGE_CURVE('',#234,#236,#238,.T.);
#234 = VERTEX_POINT('',#235);
#235 = CARTESIAN_POINT('',(0.,-11.97,0.));
#236 = VERTEX_POINT('',#237);
#237 = CARTESIAN_POINT('',(0.,-11.97,3.));
#238 = LINE('',#239,#240);
#239 = CARTESIAN_POINT('',(0.,-11.97,0.));
#240 = VECTOR('',#241,1.);
#241 = DIRECTION('',(0.,0.,1.));
#242 = ORIENTED_EDGE('',*,*,#243,.T.);
#243 = EDGE_CURVE('',#234,#70,#244,.T.);
#244 = LINE('',#245,#246);
#245 = CARTESIAN_POINT('',(0.,-11.97,0.));
#246 = VECTOR('',#247,1.);
#247 = DIRECTION('',(0.,1.,0.));
#248 = ORIENTED_EDGE('',*,*,#69,.T.);
#249 = ORIENTED_EDGE('',*,*,#250,.F.);
#250 = EDGE_CURVE('',#236,#62,#251,.T.);
#251 = LINE('',#252,#253);
#252 = CARTESIAN_POINT('',(0.,-11.97,3.));
#253 = VECTOR('',#254,1.);
#254 = DIRECTION('',(0.,1.,0.));
#255 = PLANE('',#256);
#256 = AXIS2_PLACEMENT_3D('',#257,#258,#259);
#257 = CARTESIAN_POINT('',(0.,-11.97,0.));
#258 = DIRECTION('',(1.,0.,0.));
#259 = DIRECTION('',(0.,0.,1.));
#260 = ADVANCED_FACE('',(#261),#279,.T.);
#261 = FACE_BOUND('',#262,.T.);
#262 = EDGE_LOOP('',(#263,#264,#265,#273));
#263 = ORIENTED_EDGE('',*,*,#140,.F.);
#264 = ORIENTED_EDGE('',*,*,#109,.T.);
#265 = ORIENTED_EDGE('',*,*,#266,.T.);
#266 = EDGE_CURVE('',#102,#267,#269,.T.);
#267 = VERTEX_POINT('',#268);
#268 = CARTESIAN_POINT('',(3.,19.05,3.));
#269 = LINE('',#270,#271);
#270 = CARTESIAN_POINT('',(3.,0.,3.));
#271 = VECTOR('',#272,1.);
#272 = DIRECTION('',(0.,1.,0.));
#273 = ORIENTED_EDGE('',*,*,#274,.F.);
#274 = EDGE_CURVE('',#133,#267,#275,.T.);
#275 = LINE('',#276,#277);
#276 = CARTESIAN_POINT('',(0.,19.05,3.));
#277 = VECTOR('',#278,1.);
#278 = DIRECTION('',(1.,0.,0.));
#279 = PLANE('',#280);
#280 = AXIS2_PLACEMENT_3D('',#281,#282,#283);
#281 = CARTESIAN_POINT('',(0.,0.,3.));
#282 = DIRECTION('',(0.,0.,1.));
#283 = DIRECTION('',(1.,0.,0.));
#284 = ADVANCED_FACE('',(#285),#310,.T.);
#285 = FACE_BOUND('',#286,.T.);
#286 = EDGE_LOOP('',(#287,#288,#296,#304));
#287 = ORIENTED_EDGE('',*,*,#101,.F.);
#288 = ORIENTED_EDGE('',*,*,#289,.T.);
#289 = EDGE_CURVE('',#94,#290,#292,.T.);
#290 = VERTEX_POINT('',#291);
#291 = CARTESIAN_POINT('',(31.2,0.,3.));
#292 = LINE('',#293,#294);
#293 = CARTESIAN_POINT('',(0.,0.,3.));
#294 = VECTOR('',#295,1.);
#295 = DIRECTION('',(1.,0.,0.));
#296 = ORIENTED_EDGE('',*,*,#297,.T.);
#297 = EDGE_CURVE('',#290,#298,#300,.T.);
#298 = VERTEX_POINT('',#299);
#299 = CARTESIAN_POINT('',(31.2,3.,3.));
#300 = LINE('',#301,#302);
#301 = CARTESIAN_POINT('',(31.2,0.,3.));
#302 = VECTOR('',#303,1.);
#303 = DIRECTION('',(0.,1.,0.));
#304 = ORIENTED_EDGE('',*,*,#305,.F.);
#305 = EDGE_CURVE('',#102,#298,#306,.T.);
#306 = LINE('',#307,#308);
#307 = CARTESIAN_POINT('',(0.,3.,3.));
#308 = VECTOR('',#309,1.);
#309 = DIRECTION('',(1.,0.,0.));
#310 = PLANE('',#311);
#311 = AXIS2_PLACEMENT_3D('',#312,#313,#314);
#312 = CARTESIAN_POINT('',(0.,0.,3.));
#313 = DIRECTION('',(0.,0.,1.));
#314 = DIRECTION('',(1.,0.,0.));
#315 = ADVANCED_FACE('',(#316),#341,.F.);
#316 = FACE_BOUND('',#317,.F.);
#317 = EDGE_LOOP('',(#318,#319,#327,#335));
#318 = ORIENTED_EDGE('',*,*,#132,.F.);
#319 = ORIENTED_EDGE('',*,*,#320,.T.);
#320 = EDGE_CURVE('',#125,#321,#323,.T.);
#321 = VERTEX_POINT('',#322);
#322 = CARTESIAN_POINT('',(0.,22.05,0.));
#323 = LINE('',#324,#325);
#324 = CARTESIAN_POINT('',(0.,19.05,0.));
#325 = VECTOR('',#326,1.);
#326 = DIRECTION('',(0.,1.,0.));
#327 = ORIENTED_EDGE('',*,*,#328,.T.);
#328 = EDGE_CURVE('',#321,#329,#331,.T.);
#329 = VERTEX_POINT('',#330);
#330 = CARTESIAN_POINT('',(0.,22.05,3.));
#331 = LINE('',#332,#333);
#332 = CARTESIAN_POINT('',(0.,22.05,0.));
#333 = VECTOR('',#334,1.);
#334 = DIRECTION('',(0.,0.,1.));
#335 = ORIENTED_EDGE('',*,*,#336,.F.);
#336 = EDGE_CURVE('',#133,#329,#337,.T.);
#337 = LINE('',#338,#339);
#338 = CARTESIAN_POINT('',(0.,19.05,3.));
#339 = VECTOR('',#340,1.);
#340 = DIRECTION('',(0.,1.,0.));
#341 = PLANE('',#342);
#342 = AXIS2_PLACEMENT_3D('',#343,#344,#345);
#343 = CARTESIAN_POINT('',(0.,19.05,0.));
#344 = DIRECTION('',(1.,0.,0.));
#345 = DIRECTION('',(0.,0.,1.));
#346 = ADVANCED_FACE('',(#347),#365,.F.);
#347 = FACE_BOUND('',#348,.F.);
#348 = EDGE_LOOP('',(#349,#350,#351,#359));
#349 = ORIENTED_EDGE('',*,*,#124,.F.);
#350 = ORIENTED_EDGE('',*,*,#171,.T.);
#351 = ORIENTED_EDGE('',*,*,#352,.T.);
#352 = EDGE_CURVE('',#164,#353,#355,.T.);
#353 = VERTEX_POINT('',#354);
#354 = CARTESIAN_POINT('',(3.,19.05,0.));
#355 = LINE('',#356,#357);
#356 = CARTESIAN_POINT('',(3.,0.,0.));
#357 = VECTOR('',#358,1.);
#358 = DIRECTION('',(0.,1.,0.));
#359 = ORIENTED_EDGE('',*,*,#360,.F.);
#360 = EDGE_CURVE('',#125,#353,#361,.T.);
#361 = LINE('',#362,#363);
#362 = CARTESIAN_POINT('',(0.,19.05,0.));
#363 = VECTOR('',#364,1.);
#364 = DIRECTION('',(1.,0.,0.));
#365 = PLANE('',#366);
#366 = AXIS2_PLACEMENT_3D('',#367,#368,#369);
#367 = CARTESIAN_POINT('',(0.,0.,0.));
#368 = DIRECTION('',(0.,0.,1.));
#369 = DIRECTION('',(1.,0.,0.));
#370 = ADVANCED_FACE('',(#371),#396,.F.);
#371 = FACE_BOUND('',#372,.F.);
#372 = EDGE_LOOP('',(#373,#374,#382,#390));
#373 = ORIENTED_EDGE('',*,*,#163,.F.);
#374 = ORIENTED_EDGE('',*,*,#375,.T.);
#375 = EDGE_CURVE('',#156,#376,#378,.T.);
#376 = VERTEX_POINT('',#377);
#377 = CARTESIAN_POINT('',(31.2,0.,0.));
#378 = LINE('',#379,#380);
#379 = CARTESIAN_POINT('',(0.,0.,0.));
#380 = VECTOR('',#381,1.);
#381 = DIRECTION('',(1.,0.,0.));
#382 = ORIENTED_EDGE('',*,*,#383,.T.);
#383 = EDGE_CURVE('',#376,#384,#386,.T.);
#384 = VERTEX_POINT('',#385);
#385 = CARTESIAN_POINT('',(31.2,3.,0.));
#386 = LINE('',#387,#388);
#387 = CARTESIAN_POINT('',(31.2,0.,0.));
#388 = VECTOR('',#389,1.);
#389 = DIRECTION('',(0.,1.,0.));
#390 = ORIENTED_EDGE('',*,*,#391,.F.);
#391 = EDGE_CURVE('',#164,#384,#392,.T.);
#392 = LINE('',#393,#394);
#393 = CARTESIAN_POINT('',(0.,3.,0.));
#394 = VECTOR('',#395,1.);
#395 = DIRECTION('',(1.,0.,0.));
#396 = PLANE('',#397);
#397 = AXIS2_PLACEMENT_3D('',#398,#399,#400);
#398 = CARTESIAN_POINT('',(0.,0.,0.));
#399 = DIRECTION('',(0.,0.,1.));
#400 = DIRECTION('',(1.,0.,0.));
#401 = ADVANCED_FACE('',(#402),#418,.T.);
#402 = FACE_BOUND('',#403,.T.);
#403 = EDGE_LOOP('',(#404,#405,#411,#412));
#404 = ORIENTED_EDGE('',*,*,#194,.F.);
#405 = ORIENTED_EDGE('',*,*,#406,.T.);
#406 = EDGE_CURVE('',#187,#211,#407,.T.);
#407 = LINE('',#408,#409);
#408 = CARTESIAN_POINT('',(3.,-8.97,0.));
#409 = VECTOR('',#410,1.);
#410 = DIRECTION('',(0.,0.,-1.));
#411 = ORIENTED_EDGE('',*,*,#218,.T.);
#412 = ORIENTED_EDGE('',*,*,#413,.T.);
#413 = EDGE_CURVE('',#156,#94,#414,.T.);
#414 = LINE('',#415,#416);
#415 = CARTESIAN_POINT('',(3.,0.,0.));
#416 = VECTOR('',#417,1.);
#417 = DIRECTION('',(0.,0.,1.));
#418 = PLANE('',#419);
#419 = AXIS2_PLACEMENT_3D('',#420,#421,#422);
#420 = CARTESIAN_POINT('',(3.,-11.97,0.));
#421 = DIRECTION('',(1.,0.,0.));
#422 = DIRECTION('',(0.,0.,1.));
#423 = ADVANCED_FACE('',(#424),#442,.T.);
#424 = FACE_BOUND('',#425,.T.);
#425 = EDGE_LOOP('',(#426,#427,#435,#441));
#426 = ORIENTED_EDGE('',*,*,#250,.F.);
#427 = ORIENTED_EDGE('',*,*,#428,.T.);
#428 = EDGE_CURVE('',#236,#429,#431,.T.);
#429 = VERTEX_POINT('',#430);
#430 = CARTESIAN_POINT('',(3.,-11.97,3.));
#431 = LINE('',#432,#433);
#432 = CARTESIAN_POINT('',(0.,-11.97,3.));
#433 = VECTOR('',#434,1.);
#434 = DIRECTION('',(1.,0.,0.));
#435 = ORIENTED_EDGE('',*,*,#436,.T.);
#436 = EDGE_CURVE('',#429,#187,#437,.T.);
#437 = LINE('',#438,#439);
#438 = CARTESIAN_POINT('',(3.,-11.97,3.));
#439 = VECTOR('',#440,1.);
#440 = DIRECTION('',(0.,1.,0.));
#441 = ORIENTED_EDGE('',*,*,#186,.F.);
#442 = PLANE('',#443);
#443 = AXIS2_PLACEMENT_3D('',#444,#445,#446);
#444 = CARTESIAN_POINT('',(0.,-11.97,3.));
#445 = DIRECTION('',(0.,0.,1.));
#446 = DIRECTION('',(1.,0.,0.));
#447 = ADVANCED_FACE('',(#448),#466,.F.);
#448 = FACE_BOUND('',#449,.F.);
#449 = EDGE_LOOP('',(#450,#451,#459,#465));
#450 = ORIENTED_EDGE('',*,*,#243,.F.);
#451 = ORIENTED_EDGE('',*,*,#452,.T.);
#452 = EDGE_CURVE('',#234,#453,#455,.T.);
#453 = VERTEX_POINT('',#454);
#454 = CARTESIAN_POINT('',(3.,-11.97,0.));
#455 = LINE('',#456,#457);
#456 = CARTESIAN_POINT('',(0.,-11.97,0.));
#457 = VECTOR('',#458,1.);
#458 = DIRECTION('',(1.,0.,0.));
#459 = ORIENTED_EDGE('',*,*,#460,.T.);
#460 = EDGE_CURVE('',#453,#211,#461,.T.);
#461 = LINE('',#462,#463);
#462 = CARTESIAN_POINT('',(3.,-11.97,0.));
#463 = VECTOR('',#464,1.);
#464 = DIRECTION('',(0.,1.,0.));
#465 = ORIENTED_EDGE('',*,*,#210,.F.);
#466 = PLANE('',#467);
#467 = AXIS2_PLACEMENT_3D('',#468,#469,#470);
#468 = CARTESIAN_POINT('',(0.,-11.97,0.));
#469 = DIRECTION('',(0.,0.,1.));
#470 = DIRECTION('',(1.,0.,0.));
#471 = ADVANCED_FACE('',(#472),#483,.F.);
#472 = FACE_BOUND('',#473,.F.);
#473 = EDGE_LOOP('',(#474,#475,#476,#477));
#474 = ORIENTED_EDGE('',*,*,#452,.F.);
#475 = ORIENTED_EDGE('',*,*,#233,.T.);
#476 = ORIENTED_EDGE('',*,*,#428,.T.);
#477 = ORIENTED_EDGE('',*,*,#478,.F.);
#478 = EDGE_CURVE('',#453,#429,#479,.T.);
#479 = LINE('',#480,#481);
#480 = CARTESIAN_POINT('',(3.,-11.97,0.));
#481 = VECTOR('',#482,1.);
#482 = DIRECTION('',(0.,0.,1.));
#483 = PLANE('',#484);
#484 = AXIS2_PLACEMENT_3D('',#485,#486,#487);
#485 = CARTESIAN_POINT('',(0.,-11.97,0.));
#486 = DIRECTION('',(0.,1.,0.));
#487 = DIRECTION('',(0.,0.,1.));
#488 = ADVANCED_FACE('',(#489),#507,.T.);
#489 = FACE_BOUND('',#490,.T.);
#490 = EDGE_LOOP('',(#491,#492,#493,#501));
#491 = ORIENTED_EDGE('',*,*,#336,.F.);
#492 = ORIENTED_EDGE('',*,*,#274,.T.);
#493 = ORIENTED_EDGE('',*,*,#494,.T.);
#494 = EDGE_CURVE('',#267,#495,#497,.T.);
#495 = VERTEX_POINT('',#496);
#496 = CARTESIAN_POINT('',(3.,22.05,3.));
#497 = LINE('',#498,#499);
#498 = CARTESIAN_POINT('',(3.,0.,3.));
#499 = VECTOR('',#500,1.);
#500 = DIRECTION('',(0.,1.,0.));
#501 = ORIENTED_EDGE('',*,*,#502,.F.);
#502 = EDGE_CURVE('',#329,#495,#503,.T.);
#503 = LINE('',#504,#505);
#504 = CARTESIAN_POINT('',(0.,22.05,3.));
#505 = VECTOR('',#506,1.);
#506 = DIRECTION('',(1.,0.,0.));
#507 = PLANE('',#508);
#508 = AXIS2_PLACEMENT_3D('',#509,#510,#511);
#509 = CARTESIAN_POINT('',(0.,0.,3.));
#510 = DIRECTION('',(0.,0.,1.));
#511 = DIRECTION('',(1.,0.,0.));
#512 = ADVANCED_FACE('',(#513),#529,.T.);
#513 = FACE_BOUND('',#514,.T.);
#514 = EDGE_LOOP('',(#515,#516,#522,#523));
#515 = ORIENTED_EDGE('',*,*,#266,.F.);
#516 = ORIENTED_EDGE('',*,*,#517,.F.);
#517 = EDGE_CURVE('',#164,#102,#518,.T.);
#518 = LINE('',#519,#520);
#519 = CARTESIAN_POINT('',(3.,3.,0.));
#520 = VECTOR('',#521,1.);
#521 = DIRECTION('',(0.,0.,1.));
#522 = ORIENTED_EDGE('',*,*,#352,.T.);
#523 = ORIENTED_EDGE('',*,*,#524,.T.);
#524 = EDGE_CURVE('',#353,#267,#525,.T.);
#525 = LINE('',#526,#527);
#526 = CARTESIAN_POINT('',(3.,19.05,0.));
#527 = VECTOR('',#528,1.);
#528 = DIRECTION('',(0.,0.,1.));
#529 = PLANE('',#530);
#530 = AXIS2_PLACEMENT_3D('',#531,#532,#533);
#531 = CARTESIAN_POINT('',(3.,0.,0.));
#532 = DIRECTION('',(1.,0.,0.));
#533 = DIRECTION('',(0.,0.,1.));
#534 = ADVANCED_FACE('',(#535),#546,.T.);
#535 = FACE_BOUND('',#536,.T.);
#536 = EDGE_LOOP('',(#537,#538,#539,#540));
#537 = ORIENTED_EDGE('',*,*,#391,.F.);
#538 = ORIENTED_EDGE('',*,*,#517,.T.);
#539 = ORIENTED_EDGE('',*,*,#305,.T.);
#540 = ORIENTED_EDGE('',*,*,#541,.F.);
#541 = EDGE_CURVE('',#384,#298,#542,.T.);
#542 = LINE('',#543,#544);
#543 = CARTESIAN_POINT('',(31.2,3.,0.));
#544 = VECTOR('',#545,1.);
#545 = DIRECTION('',(0.,0.,1.));
#546 = PLANE('',#547);
#547 = AXIS2_PLACEMENT_3D('',#548,#549,#550);
#548 = CARTESIAN_POINT('',(0.,3.,0.));
#549 = DIRECTION('',(0.,1.,0.));
#550 = DIRECTION('',(0.,0.,1.));
#551 = ADVANCED_FACE('',(#552),#577,.T.);
#552 = FACE_BOUND('',#553,.T.);
#553 = EDGE_LOOP('',(#554,#555,#563,#571));
#554 = ORIENTED_EDGE('',*,*,#297,.F.);
#555 = ORIENTED_EDGE('',*,*,#556,.T.);
#556 = EDGE_CURVE('',#290,#557,#559,.T.);
#557 = VERTEX_POINT('',#558);
#558 = CARTESIAN_POINT('',(34.2,0.,3.));
#559 = LINE('',#560,#561);
#560 = CARTESIAN_POINT('',(31.2,0.,3.));
#561 = VECTOR('',#562,1.);
#562 = DIRECTION('',(1.,0.,0.));
#563 = ORIENTED_EDGE('',*,*,#564,.T.);
#564 = EDGE_CURVE('',#557,#565,#567,.T.);
#565 = VERTEX_POINT('',#566);
#566 = CARTESIAN_POINT('',(34.2,3.,3.));
#567 = LINE('',#568,#569);
#568 = CARTESIAN_POINT('',(34.2,0.,3.));
#569 = VECTOR('',#570,1.);
#570 = DIRECTION('',(0.,1.,0.));
#571 = ORIENTED_EDGE('',*,*,#572,.F.);
#572 = EDGE_CURVE('',#298,#565,#573,.T.);
#573 = LINE('',#574,#575);
#574 = CARTESIAN_POINT('',(0.,3.,3.));
#575 = VECTOR('',#576,1.);
#576 = DIRECTION('',(1.,0.,0.));
#577 = PLANE('',#578);
#578 = AXIS2_PLACEMENT_3D('',#579,#580,#581);
#579 = CARTESIAN_POINT('',(31.2,0.,3.));
#580 = DIRECTION('',(0.,0.,1.));
#581 = DIRECTION('',(1.,0.,0.));
#582 = ADVANCED_FACE('',(#583),#594,.F.);
#583 = FACE_BOUND('',#584,.F.);
#584 = EDGE_LOOP('',(#585,#586,#587,#588));
#585 = ORIENTED_EDGE('',*,*,#375,.F.);
#586 = ORIENTED_EDGE('',*,*,#413,.T.);
#587 = ORIENTED_EDGE('',*,*,#289,.T.);
#588 = ORIENTED_EDGE('',*,*,#589,.F.);
#589 = EDGE_CURVE('',#376,#290,#590,.T.);
#590 = LINE('',#591,#592);
#591 = CARTESIAN_POINT('',(31.2,0.,0.));
#592 = VECTOR('',#593,1.);
#593 = DIRECTION('',(0.,0.,1.));
#594 = PLANE('',#595);
#595 = AXIS2_PLACEMENT_3D('',#596,#597,#598);
#596 = CARTESIAN_POINT('',(0.,0.,0.));
#597 = DIRECTION('',(0.,1.,0.));
#598 = DIRECTION('',(0.,0.,1.));
#599 = ADVANCED_FACE('',(#600),#625,.F.);
#600 = FACE_BOUND('',#601,.F.);
#601 = EDGE_LOOP('',(#602,#603,#611,#619));
#602 = ORIENTED_EDGE('',*,*,#328,.F.);
#603 = ORIENTED_EDGE('',*,*,#604,.T.);
#604 = EDGE_CURVE('',#321,#605,#607,.T.);
#605 = VERTEX_POINT('',#606);
#606 = CARTESIAN_POINT('',(0.,33.2,0.));
#607 = LINE('',#608,#609);
#608 = CARTESIAN_POINT('',(0.,0.,0.));
#609 = VECTOR('',#610,1.);
#610 = DIRECTION('',(0.,1.,0.));
#611 = ORIENTED_EDGE('',*,*,#612,.T.);
#612 = EDGE_CURVE('',#605,#613,#615,.T.);
#613 = VERTEX_POINT('',#614);
#614 = CARTESIAN_POINT('',(0.,33.2,3.));
#615 = LINE('',#616,#617);
#616 = CARTESIAN_POINT('',(0.,33.2,0.));
#617 = VECTOR('',#618,1.);
#618 = DIRECTION('',(0.,0.,1.));
#619 = ORIENTED_EDGE('',*,*,#620,.F.);
#620 = EDGE_CURVE('',#329,#613,#621,.T.);
#621 = LINE('',#622,#623);
#622 = CARTESIAN_POINT('',(0.,0.,3.));
#623 = VECTOR('',#624,1.);
#624 = DIRECTION('',(0.,1.,0.));
#625 = PLANE('',#626);
#626 = AXIS2_PLACEMENT_3D('',#627,#628,#629);
#627 = CARTESIAN_POINT('',(0.,0.,0.));
#628 = DIRECTION('',(1.,0.,0.));
#629 = DIRECTION('',(0.,0.,1.));
#630 = ADVANCED_FACE('',(#631),#649,.F.);
#631 = FACE_BOUND('',#632,.F.);
#632 = EDGE_LOOP('',(#633,#634,#635,#643));
#633 = ORIENTED_EDGE('',*,*,#320,.F.);
#634 = ORIENTED_EDGE('',*,*,#360,.T.);
#635 = ORIENTED_EDGE('',*,*,#636,.T.);
#636 = EDGE_CURVE('',#353,#637,#639,.T.);
#637 = VERTEX_POINT('',#638);
#638 = CARTESIAN_POINT('',(3.,22.05,0.));
#639 = LINE('',#640,#641);
#640 = CARTESIAN_POINT('',(3.,0.,0.));
#641 = VECTOR('',#642,1.);
#642 = DIRECTION('',(0.,1.,0.));
#643 = ORIENTED_EDGE('',*,*,#644,.F.);
#644 = EDGE_CURVE('',#321,#637,#645,.T.);
#645 = LINE('',#646,#647);
#646 = CARTESIAN_POINT('',(0.,22.05,0.));
#647 = VECTOR('',#648,1.);
#648 = DIRECTION('',(1.,0.,0.));
#649 = PLANE('',#650);
#650 = AXIS2_PLACEMENT_3D('',#651,#652,#653);
#651 = CARTESIAN_POINT('',(0.,0.,0.));
#652 = DIRECTION('',(0.,0.,1.));
#653 = DIRECTION('',(1.,0.,0.));
#654 = ADVANCED_FACE('',(#655),#680,.F.);
#655 = FACE_BOUND('',#656,.F.);
#656 = EDGE_LOOP('',(#657,#658,#666,#674));
#657 = ORIENTED_EDGE('',*,*,#383,.F.);
#658 = ORIENTED_EDGE('',*,*,#659,.T.);
#659 = EDGE_CURVE('',#376,#660,#662,.T.);
#660 = VERTEX_POINT('',#661);
#661 = CARTESIAN_POINT('',(34.2,0.,0.));
#662 = LINE('',#663,#664);
#663 = CARTESIAN_POINT('',(31.2,0.,0.));
#664 = VECTOR('',#665,1.);
#665 = DIRECTION('',(1.,0.,0.));
#666 = ORIENTED_EDGE('',*,*,#667,.T.);
#667 = EDGE_CURVE('',#660,#668,#670,.T.);
#668 = VERTEX_POINT('',#669);
#669 = CARTESIAN_POINT('',(34.2,3.,0.));
#670 = LINE('',#671,#672);
#671 = CARTESIAN_POINT('',(34.2,0.,0.));
#672 = VECTOR('',#673,1.);
#673 = DIRECTION('',(0.,1.,0.));
#674 = ORIENTED_EDGE('',*,*,#675,.F.);
#675 = EDGE_CURVE('',#384,#668,#676,.T.);
#676 = LINE('',#677,#678);
#677 = CARTESIAN_POINT('',(0.,3.,0.));
#678 = VECTOR('',#679,1.);
#679 = DIRECTION('',(1.,0.,0.));
#680 = PLANE('',#681);
#681 = AXIS2_PLACEMENT_3D('',#682,#683,#684);
#682 = CARTESIAN_POINT('',(31.2,0.,0.));
#683 = DIRECTION('',(0.,0.,1.));
#684 = DIRECTION('',(1.,0.,0.));
#685 = ADVANCED_FACE('',(#686),#711,.T.);
#686 = FACE_BOUND('',#687,.T.);
#687 = EDGE_LOOP('',(#688,#696,#697,#705));
#688 = ORIENTED_EDGE('',*,*,#689,.F.);
#689 = EDGE_CURVE('',#211,#690,#692,.T.);
#690 = VERTEX_POINT('',#691);
#691 = CARTESIAN_POINT('',(69.3,-8.97,0.));
#692 = LINE('',#693,#694);
#693 = CARTESIAN_POINT('',(0.,-8.97,0.));
#694 = VECTOR('',#695,1.);
#695 = DIRECTION('',(1.,0.,0.));
#696 = ORIENTED_EDGE('',*,*,#406,.F.);
#697 = ORIENTED_EDGE('',*,*,#698,.T.);
#698 = EDGE_CURVE('',#187,#699,#701,.T.);
#699 = VERTEX_POINT('',#700);
#700 = CARTESIAN_POINT('',(69.3,-8.97,3.));
#701 = LINE('',#702,#703);
#702 = CARTESIAN_POINT('',(0.,-8.97,3.));
#703 = VECTOR('',#704,1.);
#704 = DIRECTION('',(1.,0.,0.));
#705 = ORIENTED_EDGE('',*,*,#706,.F.);
#706 = EDGE_CURVE('',#690,#699,#707,.T.);
#707 = LINE('',#708,#709);
#708 = CARTESIAN_POINT('',(69.3,-8.97,0.));
#709 = VECTOR('',#710,1.);
#710 = DIRECTION('',(0.,0.,1.));
#711 = PLANE('',#712);
#712 = AXIS2_PLACEMENT_3D('',#713,#714,#715);
#713 = CARTESIAN_POINT('',(0.,-8.97,0.));
#714 = DIRECTION('',(0.,1.,0.));
#715 = DIRECTION('',(0.,0.,1.));
#716 = ADVANCED_FACE('',(#717),#735,.T.);
#717 = FACE_BOUND('',#718,.T.);
#718 = EDGE_LOOP('',(#719,#720,#728,#734));
#719 = ORIENTED_EDGE('',*,*,#436,.F.);
#720 = ORIENTED_EDGE('',*,*,#721,.T.);
#721 = EDGE_CURVE('',#429,#722,#724,.T.);
#722 = VERTEX_POINT('',#723);
#723 = CARTESIAN_POINT('',(69.3,-11.97,3.));
#724 = LINE('',#725,#726);
#725 = CARTESIAN_POINT('',(0.,-11.97,3.));
#726 = VECTOR('',#727,1.);
#727 = DIRECTION('',(1.,0.,0.));
#728 = ORIENTED_EDGE('',*,*,#729,.T.);
#729 = EDGE_CURVE('',#722,#699,#730,.T.);
#730 = LINE('',#731,#732);
#731 = CARTESIAN_POINT('',(69.3,-19.05,3.));
#732 = VECTOR('',#733,1.);
#733 = DIRECTION('',(0.,1.,0.));
#734 = ORIENTED_EDGE('',*,*,#698,.F.);
#735 = PLANE('',#736);
#736 = AXIS2_PLACEMENT_3D('',#737,#738,#739);
#737 = CARTESIAN_POINT('',(0.,-11.97,3.));
#738 = DIRECTION('',(0.,0.,1.));
#739 = DIRECTION('',(1.,0.,0.));
#740 = ADVANCED_FACE('',(#741),#759,.F.);
#741 = FACE_BOUND('',#742,.F.);
#742 = EDGE_LOOP('',(#743,#744,#752,#758));
#743 = ORIENTED_EDGE('',*,*,#460,.F.);
#744 = ORIENTED_EDGE('',*,*,#745,.T.);
#745 = EDGE_CURVE('',#453,#746,#748,.T.);
#746 = VERTEX_POINT('',#747);
#747 = CARTESIAN_POINT('',(69.3,-11.97,0.));
#748 = LINE('',#749,#750);
#749 = CARTESIAN_POINT('',(0.,-11.97,0.));
#750 = VECTOR('',#751,1.);
#751 = DIRECTION('',(1.,0.,0.));
#752 = ORIENTED_EDGE('',*,*,#753,.T.);
#753 = EDGE_CURVE('',#746,#690,#754,.T.);
#754 = LINE('',#755,#756);
#755 = CARTESIAN_POINT('',(69.3,-19.05,0.));
#756 = VECTOR('',#757,1.);
#757 = DIRECTION('',(0.,1.,0.));
#758 = ORIENTED_EDGE('',*,*,#689,.F.);
#759 = PLANE('',#760);
#760 = AXIS2_PLACEMENT_3D('',#761,#762,#763);
#761 = CARTESIAN_POINT('',(0.,-11.97,0.));
#762 = DIRECTION('',(0.,0.,1.));
#763 = DIRECTION('',(1.,0.,0.));
#764 = ADVANCED_FACE('',(#765),#776,.F.);
#765 = FACE_BOUND('',#766,.F.);
#766 = EDGE_LOOP('',(#767,#768,#769,#770));
#767 = ORIENTED_EDGE('',*,*,#745,.F.);
#768 = ORIENTED_EDGE('',*,*,#478,.T.);
#769 = ORIENTED_EDGE('',*,*,#721,.T.);
#770 = ORIENTED_EDGE('',*,*,#771,.F.);
#771 = EDGE_CURVE('',#746,#722,#772,.T.);
#772 = LINE('',#773,#774);
#773 = CARTESIAN_POINT('',(69.3,-11.97,0.));
#774 = VECTOR('',#775,1.);
#775 = DIRECTION('',(0.,0.,1.));
#776 = PLANE('',#777);
#777 = AXIS2_PLACEMENT_3D('',#778,#779,#780);
#778 = CARTESIAN_POINT('',(0.,-11.97,0.));
#779 = DIRECTION('',(0.,1.,0.));
#780 = DIRECTION('',(0.,0.,1.));
#781 = ADVANCED_FACE('',(#782),#800,.T.);
#782 = FACE_BOUND('',#783,.T.);
#783 = EDGE_LOOP('',(#784,#785,#786,#794));
#784 = ORIENTED_EDGE('',*,*,#620,.F.);
#785 = ORIENTED_EDGE('',*,*,#502,.T.);
#786 = ORIENTED_EDGE('',*,*,#787,.T.);
#787 = EDGE_CURVE('',#495,#788,#790,.T.);
#788 = VERTEX_POINT('',#789);
#789 = CARTESIAN_POINT('',(3.,33.2,3.));
#790 = LINE('',#791,#792);
#791 = CARTESIAN_POINT('',(3.,0.,3.));
#792 = VECTOR('',#793,1.);
#793 = DIRECTION('',(0.,1.,0.));
#794 = ORIENTED_EDGE('',*,*,#795,.F.);
#795 = EDGE_CURVE('',#613,#788,#796,.T.);
#796 = LINE('',#797,#798);
#797 = CARTESIAN_POINT('',(-11.,33.2,3.));
#798 = VECTOR('',#799,1.);
#799 = DIRECTION('',(1.,0.,0.));
#800 = PLANE('',#801);
#801 = AXIS2_PLACEMENT_3D('',#802,#803,#804);
#802 = CARTESIAN_POINT('',(0.,0.,3.));
#803 = DIRECTION('',(0.,0.,1.));
#804 = DIRECTION('',(1.,0.,0.));
#805 = ADVANCED_FACE('',(#806),#831,.T.);
#806 = FACE_BOUND('',#807,.T.);
#807 = EDGE_LOOP('',(#808,#816,#817,#825));
#808 = ORIENTED_EDGE('',*,*,#809,.F.);
#809 = EDGE_CURVE('',#495,#810,#812,.T.);
#810 = VERTEX_POINT('',#811);
#811 = CARTESIAN_POINT('',(31.2,22.05,3.));
#812 = LINE('',#813,#814);
#813 = CARTESIAN_POINT('',(0.,22.05,3.));
#814 = VECTOR('',#815,1.);
#815 = DIRECTION('',(1.,0.,0.));
#816 = ORIENTED_EDGE('',*,*,#494,.F.);
#817 = ORIENTED_EDGE('',*,*,#818,.T.);
#818 = EDGE_CURVE('',#267,#819,#821,.T.);
#819 = VERTEX_POINT('',#820);
#820 = CARTESIAN_POINT('',(31.2,19.05,3.));
#821 = LINE('',#822,#823);
#822 = CARTESIAN_POINT('',(0.,19.05,3.));
#823 = VECTOR('',#824,1.);
#824 = DIRECTION('',(1.,0.,0.));
#825 = ORIENTED_EDGE('',*,*,#826,.T.);
#826 = EDGE_CURVE('',#819,#810,#827,.T.);
#827 = LINE('',#828,#829);
#828 = CARTESIAN_POINT('',(31.2,0.,3.));
#829 = VECTOR('',#830,1.);
#830 = DIRECTION('',(0.,1.,0.));
#831 = PLANE('',#832);
#832 = AXIS2_PLACEMENT_3D('',#833,#834,#835);
#833 = CARTESIAN_POINT('',(0.,19.05,3.));
#834 = DIRECTION('',(0.,0.,1.));
#835 = DIRECTION('',(1.,0.,0.));
#836 = ADVANCED_FACE('',(#837),#855,.F.);
#837 = FACE_BOUND('',#838,.F.);
#838 = EDGE_LOOP('',(#839,#847,#853,#854));
#839 = ORIENTED_EDGE('',*,*,#840,.F.);
#840 = EDGE_CURVE('',#841,#819,#843,.T.);
#841 = VERTEX_POINT('',#842);
#842 = CARTESIAN_POINT('',(31.2,19.05,0.));
#843 = LINE('',#844,#845);
#844 = CARTESIAN_POINT('',(31.2,19.05,0.));
#845 = VECTOR('',#846,1.);
#846 = DIRECTION('',(0.,0.,1.));
#847 = ORIENTED_EDGE('',*,*,#848,.F.);
#848 = EDGE_CURVE('',#353,#841,#849,.T.);
#849 = LINE('',#850,#851);
#850 = CARTESIAN_POINT('',(0.,19.05,0.));
#851 = VECTOR('',#852,1.);
#852 = DIRECTION('',(1.,0.,0.));
#853 = ORIENTED_EDGE('',*,*,#524,.T.);
#854 = ORIENTED_EDGE('',*,*,#818,.T.);
#855 = PLANE('',#856);
#856 = AXIS2_PLACEMENT_3D('',#857,#858,#859);
#857 = CARTESIAN_POINT('',(0.,19.05,0.));
#858 = DIRECTION('',(0.,1.,0.));
#859 = DIRECTION('',(0.,0.,1.));
#860 = ADVANCED_FACE('',(#861),#886,.F.);
#861 = FACE_BOUND('',#862,.F.);
#862 = EDGE_LOOP('',(#863,#871,#872,#880));
#863 = ORIENTED_EDGE('',*,*,#864,.F.);
#864 = EDGE_CURVE('',#298,#865,#867,.T.);
#865 = VERTEX_POINT('',#866);
#866 = CARTESIAN_POINT('',(31.2,8.431923788647,3.));
#867 = LINE('',#868,#869);
#868 = CARTESIAN_POINT('',(31.2,0.,3.));
#869 = VECTOR('',#870,1.);
#870 = DIRECTION('',(0.,1.,0.));
#871 = ORIENTED_EDGE('',*,*,#541,.F.);
#872 = ORIENTED_EDGE('',*,*,#873,.T.);
#873 = EDGE_CURVE('',#384,#874,#876,.T.);
#874 = VERTEX_POINT('',#875);
#875 = CARTESIAN_POINT('',(31.2,8.431923788647,0.));
#876 = LINE('',#877,#878);
#877 = CARTESIAN_POINT('',(31.2,0.,0.));
#878 = VECTOR('',#879,1.);
#879 = DIRECTION('',(0.,1.,0.));
#880 = ORIENTED_EDGE('',*,*,#881,.F.);
#881 = EDGE_CURVE('',#865,#874,#882,.T.);
#882 = LINE('',#883,#884);
#883 = CARTESIAN_POINT('',(31.2,8.431923788647,0.));
#884 = VECTOR('',#885,1.);
#885 = DIRECTION('',(-0.,-0.,-1.));
#886 = PLANE('',#887);
#887 = AXIS2_PLACEMENT_3D('',#888,#889,#890);
#888 = CARTESIAN_POINT('',(31.2,0.,0.));
#889 = DIRECTION('',(1.,0.,0.));
#890 = DIRECTION('',(0.,0.,1.));
#891 = ADVANCED_FACE('',(#892),#911,.T.);
#892 = FACE_BOUND('',#893,.T.);
#893 = EDGE_LOOP('',(#894,#895,#896,#904));
#894 = ORIENTED_EDGE('',*,*,#864,.F.);
#895 = ORIENTED_EDGE('',*,*,#572,.T.);
#896 = ORIENTED_EDGE('',*,*,#897,.T.);
#897 = EDGE_CURVE('',#565,#898,#900,.T.);
#898 = VERTEX_POINT('',#899);
#899 = CARTESIAN_POINT('',(34.2,8.431923788647,3.));
#900 = LINE('',#901,#902);
#901 = CARTESIAN_POINT('',(34.2,0.,3.));
#902 = VECTOR('',#903,1.);
#903 = DIRECTION('',(0.,1.,0.));
#904 = ORIENTED_EDGE('',*,*,#905,.F.);
#905 = EDGE_CURVE('',#865,#898,#906,.T.);
#906 = CIRCLE('',#907,3.);
#907 = AXIS2_PLACEMENT_3D('',#908,#909,#910);
#908 = CARTESIAN_POINT('',(32.7,11.03,3.));
#909 = DIRECTION('',(0.,0.,1.));
#910 = DIRECTION('',(1.,0.,0.));
#911 = PLANE('',#912);
#912 = AXIS2_PLACEMENT_3D('',#913,#914,#915);
#913 = CARTESIAN_POINT('',(31.2,0.,3.));
#914 = DIRECTION('',(0.,0.,1.));
#915 = DIRECTION('',(1.,0.,0.));
#916 = ADVANCED_FACE('',(#917),#942,.T.);
#917 = FACE_BOUND('',#918,.T.);
#918 = EDGE_LOOP('',(#919,#920,#928,#936));
#919 = ORIENTED_EDGE('',*,*,#564,.F.);
#920 = ORIENTED_EDGE('',*,*,#921,.T.);
#921 = EDGE_CURVE('',#557,#922,#924,.T.);
#922 = VERTEX_POINT('',#923);
#923 = CARTESIAN_POINT('',(69.3,0.,3.));
#924 = LINE('',#925,#926);
#925 = CARTESIAN_POINT('',(0.,0.,3.));
#926 = VECTOR('',#927,1.);
#927 = DIRECTION('',(1.,0.,0.));
#928 = ORIENTED_EDGE('',*,*,#929,.T.);
#929 = EDGE_CURVE('',#922,#930,#932,.T.);
#930 = VERTEX_POINT('',#931);
#931 = CARTESIAN_POINT('',(69.3,3.,3.));
#932 = LINE('',#933,#934);
#933 = CARTESIAN_POINT('',(69.3,-19.05,3.));
#934 = VECTOR('',#935,1.);
#935 = DIRECTION('',(0.,1.,0.));
#936 = ORIENTED_EDGE('',*,*,#937,.F.);
#937 = EDGE_CURVE('',#565,#930,#938,.T.);
#938 = LINE('',#939,#940);
#939 = CARTESIAN_POINT('',(0.,3.,3.));
#940 = VECTOR('',#941,1.);
#941 = DIRECTION('',(1.,0.,0.));
#942 = PLANE('',#943);
#943 = AXIS2_PLACEMENT_3D('',#944,#945,#946);
#944 = CARTESIAN_POINT('',(0.,0.,3.));
#945 = DIRECTION('',(0.,0.,1.));
#946 = DIRECTION('',(1.,0.,0.));
#947 = ADVANCED_FACE('',(#948),#959,.F.);
#948 = FACE_BOUND('',#949,.F.);
#949 = EDGE_LOOP('',(#950,#951,#952,#953));
#950 = ORIENTED_EDGE('',*,*,#659,.F.);
#951 = ORIENTED_EDGE('',*,*,#589,.T.);
#952 = ORIENTED_EDGE('',*,*,#556,.T.);
#953 = ORIENTED_EDGE('',*,*,#954,.F.);
#954 = EDGE_CURVE('',#660,#557,#955,.T.);
#955 = LINE('',#956,#957);
#956 = CARTESIAN_POINT('',(34.2,0.,0.));
#957 = VECTOR('',#958,1.);
#958 = DIRECTION('',(0.,0.,1.));
#959 = PLANE('',#960);
#960 = AXIS2_PLACEMENT_3D('',#961,#962,#963);
#961 = CARTESIAN_POINT('',(31.2,0.,0.));
#962 = DIRECTION('',(0.,1.,0.));
#963 = DIRECTION('',(0.,0.,1.));
#964 = ADVANCED_FACE('',(#965),#990,.F.);
#965 = FACE_BOUND('',#966,.F.);
#966 = EDGE_LOOP('',(#967,#975,#983,#989));
#967 = ORIENTED_EDGE('',*,*,#968,.F.);
#968 = EDGE_CURVE('',#969,#605,#971,.T.);
#969 = VERTEX_POINT('',#970);
#970 = CARTESIAN_POINT('',(-8.,33.2,0.));
#971 = LINE('',#972,#973);
#972 = CARTESIAN_POINT('',(-11.,33.2,0.));
#973 = VECTOR('',#974,1.);
#974 = DIRECTION('',(1.,0.,0.));
#975 = ORIENTED_EDGE('',*,*,#976,.T.);
#976 = EDGE_CURVE('',#969,#977,#979,.T.);
#977 = VERTEX_POINT('',#978);
#978 = CARTESIAN_POINT('',(-8.,33.2,3.));
#979 = LINE('',#980,#981);
#980 = CARTESIAN_POINT('',(-8.,33.2,0.));
#981 = VECTOR('',#982,1.);
#982 = DIRECTION('',(0.,0.,1.));
#983 = ORIENTED_EDGE('',*,*,#984,.T.);
#984 = EDGE_CURVE('',#977,#613,#985,.T.);
#985 = LINE('',#986,#987);
#986 = CARTESIAN_POINT('',(-11.,33.2,3.));
#987 = VECTOR('',#988,1.);
#988 = DIRECTION('',(1.,0.,0.));
#989 = ORIENTED_EDGE('',*,*,#612,.F.);
#990 = PLANE('',#991);
#991 = AXIS2_PLACEMENT_3D('',#992,#993,#994);
#992 = CARTESIAN_POINT('',(-11.,33.2,0.));
#993 = DIRECTION('',(0.,1.,0.));
#994 = DIRECTION('',(0.,0.,1.));
#995 = ADVANCED_FACE('',(#996),#1014,.F.);
#996 = FACE_BOUND('',#997,.F.);
#997 = EDGE_LOOP('',(#998,#999,#1000,#1008));
#998 = ORIENTED_EDGE('',*,*,#604,.F.);
#999 = ORIENTED_EDGE('',*,*,#644,.T.);
#1000 = ORIENTED_EDGE('',*,*,#1001,.T.);
#1001 = EDGE_CURVE('',#637,#1002,#1004,.T.);
#1002 = VERTEX_POINT('',#1003);
#1003 = CARTESIAN_POINT('',(3.,33.2,0.));
#1004 = LINE('',#1005,#1006);
#1005 = CARTESIAN_POINT('',(3.,0.,0.));
#1006 = VECTOR('',#1007,1.);
#1007 = DIRECTION('',(0.,1.,0.));
#1008 = ORIENTED_EDGE('',*,*,#1009,.F.);
#1009 = EDGE_CURVE('',#605,#1002,#1010,.T.);
#1010 = LINE('',#1011,#1012);
#1011 = CARTESIAN_POINT('',(-11.,33.2,0.));
#1012 = VECTOR('',#1013,1.);
#1013 = DIRECTION('',(1.,0.,0.));
#1014 = PLANE('',#1015);
#1015 = AXIS2_PLACEMENT_3D('',#1016,#1017,#1018);
#1016 = CARTESIAN_POINT('',(0.,0.,0.));
#1017 = DIRECTION('',(0.,0.,1.));
#1018 = DIRECTION('',(1.,0.,0.));
#1019 = ADVANCED_FACE('',(#1020),#1038,.F.);
#1020 = FACE_BOUND('',#1021,.F.);
#1021 = EDGE_LOOP('',(#1022,#1030,#1031,#1032));
#1022 = ORIENTED_EDGE('',*,*,#1023,.F.);
#1023 = EDGE_CURVE('',#637,#1024,#1026,.T.);
#1024 = VERTEX_POINT('',#1025);
#1025 = CARTESIAN_POINT('',(31.2,22.05,0.));
#1026 = LINE('',#1027,#1028);
#1027 = CARTESIAN_POINT('',(0.,22.05,0.));
#1028 = VECTOR('',#1029,1.);
#1029 = DIRECTION('',(1.,0.,0.));
#1030 = ORIENTED_EDGE('',*,*,#636,.F.);
#1031 = ORIENTED_EDGE('',*,*,#848,.T.);
#1032 = ORIENTED_EDGE('',*,*,#1033,.T.);
#1033 = EDGE_CURVE('',#841,#1024,#1034,.T.);
#1034 = LINE('',#1035,#1036);
#1035 = CARTESIAN_POINT('',(31.2,0.,0.));
#1036 = VECTOR('',#1037,1.);
#1037 = DIRECTION('',(0.,1.,0.));
#1038 = PLANE('',#1039);
#1039 = AXIS2_PLACEMENT_3D('',#1040,#1041,#1042);
#1040 = CARTESIAN_POINT('',(0.,19.05,0.));
#1041 = DIRECTION('',(0.,0.,1.));
#1042 = DIRECTION('',(1.,0.,0.));
#1043 = ADVANCED_FACE('',(#1044),#1063,.F.);
#1044 = FACE_BOUND('',#1045,.F.);
#1045 = EDGE_LOOP('',(#1046,#1047,#1048,#1056));
#1046 = ORIENTED_EDGE('',*,*,#873,.F.);
#1047 = ORIENTED_EDGE('',*,*,#675,.T.);
#1048 = ORIENTED_EDGE('',*,*,#1049,.T.);
#1049 = EDGE_CURVE('',#668,#1050,#1052,.T.);
#1050 = VERTEX_POINT('',#1051);
#1051 = CARTESIAN_POINT('',(34.2,8.431923788647,0.));
#1052 = LINE('',#1053,#1054);
#1053 = CARTESIAN_POINT('',(34.2,0.,0.));
#1054 = VECTOR('',#1055,1.);
#1055 = DIRECTION('',(0.,1.,0.));
#1056 = ORIENTED_EDGE('',*,*,#1057,.F.);
#1057 = EDGE_CURVE('',#874,#1050,#1058,.T.);
#1058 = CIRCLE('',#1059,3.);
#1059 = AXIS2_PLACEMENT_3D('',#1060,#1061,#1062);
#1060 = CARTESIAN_POINT('',(32.7,11.03,0.));
#1061 = DIRECTION('',(0.,0.,1.));
#1062 = DIRECTION('',(1.,0.,0.));
#1063 = PLANE('',#1064);
#1064 = AXIS2_PLACEMENT_3D('',#1065,#1066,#1067);
#1065 = CARTESIAN_POINT('',(31.2,0.,0.));
#1066 = DIRECTION('',(0.,0.,1.));
#1067 = DIRECTION('',(1.,0.,0.));
#1068 = ADVANCED_FACE('',(#1069),#1094,.F.);
#1069 = FACE_BOUND('',#1070,.F.);
#1070 = EDGE_LOOP('',(#1071,#1072,#1080,#1088));
#1071 = ORIENTED_EDGE('',*,*,#667,.F.);
#1072 = ORIENTED_EDGE('',*,*,#1073,.T.);
#1073 = EDGE_CURVE('',#660,#1074,#1076,.T.);
#1074 = VERTEX_POINT('',#1075);
#1075 = CARTESIAN_POINT('',(69.3,0.,0.));
#1076 = LINE('',#1077,#1078);
#1077 = CARTESIAN_POINT('',(0.,0.,0.));
#1078 = VECTOR('',#1079,1.);
#1079 = DIRECTION('',(1.,0.,0.));
#1080 = ORIENTED_EDGE('',*,*,#1081,.T.);
#1081 = EDGE_CURVE('',#1074,#1082,#1084,.T.);
#1082 = VERTEX_POINT('',#1083);
#1083 = CARTESIAN_POINT('',(69.3,3.,0.));
#1084 = LINE('',#1085,#1086);
#1085 = CARTESIAN_POINT('',(69.3,-19.05,0.));
#1086 = VECTOR('',#1087,1.);
#1087 = DIRECTION('',(0.,1.,0.));
#1088 = ORIENTED_EDGE('',*,*,#1089,.F.);
#1089 = EDGE_CURVE('',#668,#1082,#1090,.T.);
#1090 = LINE('',#1091,#1092);
#1091 = CARTESIAN_POINT('',(0.,3.,0.));
#1092 = VECTOR('',#1093,1.);
#1093 = DIRECTION('',(1.,0.,0.));
#1094 = PLANE('',#1095);
#1095 = AXIS2_PLACEMENT_3D('',#1096,#1097,#1098);
#1096 = CARTESIAN_POINT('',(0.,0.,0.));
#1097 = DIRECTION('',(0.,0.,1.));
#1098 = DIRECTION('',(1.,0.,0.));
#1099 = ADVANCED_FACE('',(#1100),#1121,.F.);
#1100 = FACE_BOUND('',#1101,.F.);
#1101 = EDGE_LOOP('',(#1102,#1108,#1109,#1115));
#1102 = ORIENTED_EDGE('',*,*,#1103,.F.);
#1103 = EDGE_CURVE('',#699,#922,#1104,.T.);
#1104 = LINE('',#1105,#1106);
#1105 = CARTESIAN_POINT('',(69.3,-19.05,3.));
#1106 = VECTOR('',#1107,1.);
#1107 = DIRECTION('',(0.,1.,0.));
#1108 = ORIENTED_EDGE('',*,*,#706,.F.);
#1109 = ORIENTED_EDGE('',*,*,#1110,.T.);
#1110 = EDGE_CURVE('',#690,#1074,#1111,.T.);
#1111 = LINE('',#1112,#1113);
#1112 = CARTESIAN_POINT('',(69.3,-19.05,0.));
#1113 = VECTOR('',#1114,1.);
#1114 = DIRECTION('',(0.,1.,0.));
#1115 = ORIENTED_EDGE('',*,*,#1116,.T.);
#1116 = EDGE_CURVE('',#1074,#922,#1117,.T.);
#1117 = LINE('',#1118,#1119);
#1118 = CARTESIAN_POINT('',(69.3,0.,0.));
#1119 = VECTOR('',#1120,1.);
#1120 = DIRECTION('',(0.,0.,1.));
#1121 = PLANE('',#1122);
#1122 = AXIS2_PLACEMENT_3D('',#1123,#1124,#1125);
#1123 = CARTESIAN_POINT('',(69.3,-19.05,0.));
#1124 = DIRECTION('',(1.,0.,0.));
#1125 = DIRECTION('',(0.,0.,1.));
#1126 = ADVANCED_FACE('',(#1127),#1152,.T.);
#1127 = FACE_BOUND('',#1128,.T.);
#1128 = EDGE_LOOP('',(#1129,#1130,#1138,#1146));
#1129 = ORIENTED_EDGE('',*,*,#729,.F.);
#1130 = ORIENTED_EDGE('',*,*,#1131,.T.);
#1131 = EDGE_CURVE('',#722,#1132,#1134,.T.);
#1132 = VERTEX_POINT('',#1133);
#1133 = CARTESIAN_POINT('',(72.3,-11.97,3.));
#1134 = LINE('',#1135,#1136);
#1135 = CARTESIAN_POINT('',(0.,-11.97,3.));
#1136 = VECTOR('',#1137,1.);
#1137 = DIRECTION('',(1.,0.,0.));
#1138 = ORIENTED_EDGE('',*,*,#1139,.T.);
#1139 = EDGE_CURVE('',#1132,#1140,#1142,.T.);
#1140 = VERTEX_POINT('',#1141);
#1141 = CARTESIAN_POINT('',(72.3,-8.97,3.));
#1142 = LINE('',#1143,#1144);
#1143 = CARTESIAN_POINT('',(72.3,-11.97,3.));
#1144 = VECTOR('',#1145,1.);
#1145 = DIRECTION('',(0.,1.,0.));
#1146 = ORIENTED_EDGE('',*,*,#1147,.F.);
#1147 = EDGE_CURVE('',#699,#1140,#1148,.T.);
#1148 = LINE('',#1149,#1150);
#1149 = CARTESIAN_POINT('',(0.,-8.97,3.));
#1150 = VECTOR('',#1151,1.);
#1151 = DIRECTION('',(1.,0.,0.));
#1152 = PLANE('',#1153);
#1153 = AXIS2_PLACEMENT_3D('',#1154,#1155,#1156);
#1154 = CARTESIAN_POINT('',(69.3,-19.05,3.));
#1155 = DIRECTION('',(0.,0.,1.));
#1156 = DIRECTION('',(1.,0.,0.));
#1157 = ADVANCED_FACE('',(#1158),#1183,.F.);
#1158 = FACE_BOUND('',#1159,.F.);
#1159 = EDGE_LOOP('',(#1160,#1161,#1169,#1177));
#1160 = ORIENTED_EDGE('',*,*,#753,.F.);
#1161 = ORIENTED_EDGE('',*,*,#1162,.T.);
#1162 = EDGE_CURVE('',#746,#1163,#1165,.T.);
#1163 = VERTEX_POINT('',#1164);
#1164 = CARTESIAN_POINT('',(72.3,-11.97,0.));
#1165 = LINE('',#1166,#1167);
#1166 = CARTESIAN_POINT('',(0.,-11.97,0.));
#1167 = VECTOR('',#1168,1.);
#1168 = DIRECTION('',(1.,0.,0.));
#1169 = ORIENTED_EDGE('',*,*,#1170,.T.);
#1170 = EDGE_CURVE('',#1163,#1171,#1173,.T.);
#1171 = VERTEX_POINT('',#1172);
#1172 = CARTESIAN_POINT('',(72.3,-8.97,0.));
#1173 = LINE('',#1174,#1175);
#1174 = CARTESIAN_POINT('',(72.3,-11.97,0.));
#1175 = VECTOR('',#1176,1.);
#1176 = DIRECTION('',(0.,1.,0.));
#1177 = ORIENTED_EDGE('',*,*,#1178,.F.);
#1178 = EDGE_CURVE('',#690,#1171,#1179,.T.);
#1179 = LINE('',#1180,#1181);
#1180 = CARTESIAN_POINT('',(0.,-8.97,0.));
#1181 = VECTOR('',#1182,1.);
#1182 = DIRECTION('',(1.,0.,0.));
#1183 = PLANE('',#1184);
#1184 = AXIS2_PLACEMENT_3D('',#1185,#1186,#1187);
#1185 = CARTESIAN_POINT('',(69.3,-19.05,0.));
#1186 = DIRECTION('',(0.,0.,1.));
#1187 = DIRECTION('',(1.,0.,0.));
#1188 = ADVANCED_FACE('',(#1189),#1214,.F.);
#1189 = FACE_BOUND('',#1190,.F.);
#1190 = EDGE_LOOP('',(#1191,#1199,#1207,#1213));
#1191 = ORIENTED_EDGE('',*,*,#1192,.F.);
#1192 = EDGE_CURVE('',#1193,#722,#1195,.T.);
#1193 = VERTEX_POINT('',#1194);
#1194 = CARTESIAN_POINT('',(69.3,-16.05,3.));
#1195 = LINE('',#1196,#1197);
#1196 = CARTESIAN_POINT('',(69.3,-19.05,3.));
#1197 = VECTOR('',#1198,1.);
#1198 = DIRECTION('',(0.,1.,0.));
#1199 = ORIENTED_EDGE('',*,*,#1200,.F.);
#1200 = EDGE_CURVE('',#1201,#1193,#1203,.T.);
#1201 = VERTEX_POINT('',#1202);
#1202 = CARTESIAN_POINT('',(69.3,-16.05,0.));
#1203 = LINE('',#1204,#1205);
#1204 = CARTESIAN_POINT('',(69.3,-16.05,0.));
#1205 = VECTOR('',#1206,1.);
#1206 = DIRECTION('',(0.,0.,1.));
#1207 = ORIENTED_EDGE('',*,*,#1208,.T.);
#1208 = EDGE_CURVE('',#1201,#746,#1209,.T.);
#1209 = LINE('',#1210,#1211);
#1210 = CARTESIAN_POINT('',(69.3,-19.05,0.));
#1211 = VECTOR('',#1212,1.);
#1212 = DIRECTION('',(0.,1.,0.));
#1213 = ORIENTED_EDGE('',*,*,#771,.T.);
#1214 = PLANE('',#1215);
#1215 = AXIS2_PLACEMENT_3D('',#1216,#1217,#1218);
#1216 = CARTESIAN_POINT('',(69.3,-19.05,0.));
#1217 = DIRECTION('',(1.,0.,0.));
#1218 = DIRECTION('',(0.,0.,1.));
#1219 = ADVANCED_FACE('',(#1220),#1245,.T.);
#1220 = FACE_BOUND('',#1221,.T.);
#1221 = EDGE_LOOP('',(#1222,#1230,#1231,#1239));
#1222 = ORIENTED_EDGE('',*,*,#1223,.F.);
#1223 = EDGE_CURVE('',#613,#1224,#1226,.T.);
#1224 = VERTEX_POINT('',#1225);
#1225 = CARTESIAN_POINT('',(0.,36.2,3.));
#1226 = LINE('',#1227,#1228);
#1227 = CARTESIAN_POINT('',(0.,0.,3.));
#1228 = VECTOR('',#1229,1.);
#1229 = DIRECTION('',(0.,1.,0.));
#1230 = ORIENTED_EDGE('',*,*,#795,.T.);
#1231 = ORIENTED_EDGE('',*,*,#1232,.T.);
#1232 = EDGE_CURVE('',#788,#1233,#1235,.T.);
#1233 = VERTEX_POINT('',#1234);
#1234 = CARTESIAN_POINT('',(3.,36.2,3.));
#1235 = LINE('',#1236,#1237);
#1236 = CARTESIAN_POINT('',(3.,33.2,3.));
#1237 = VECTOR('',#1238,1.);
#1238 = DIRECTION('',(0.,1.,0.));
#1239 = ORIENTED_EDGE('',*,*,#1240,.F.);
#1240 = EDGE_CURVE('',#1224,#1233,#1241,.T.);
#1241 = LINE('',#1242,#1243);
#1242 = CARTESIAN_POINT('',(-11.,36.2,3.));
#1243 = VECTOR('',#1244,1.);
#1244 = DIRECTION('',(1.,0.,0.));
#1245 = PLANE('',#1246);
#1246 = AXIS2_PLACEMENT_3D('',#1247,#1248,#1249);
#1247 = CARTESIAN_POINT('',(0.,0.,3.));
#1248 = DIRECTION('',(0.,0.,1.));
#1249 = DIRECTION('',(1.,0.,0.));
#1250 = ADVANCED_FACE('',(#1251),#1267,.T.);
#1251 = FACE_BOUND('',#1252,.T.);
#1252 = EDGE_LOOP('',(#1253,#1254,#1260,#1261));
#1253 = ORIENTED_EDGE('',*,*,#787,.F.);
#1254 = ORIENTED_EDGE('',*,*,#1255,.F.);
#1255 = EDGE_CURVE('',#637,#495,#1256,.T.);
#1256 = LINE('',#1257,#1258);
#1257 = CARTESIAN_POINT('',(3.,22.05,0.));
#1258 = VECTOR('',#1259,1.);
#1259 = DIRECTION('',(0.,0.,1.));
#1260 = ORIENTED_EDGE('',*,*,#1001,.T.);
#1261 = ORIENTED_EDGE('',*,*,#1262,.T.);
#1262 = EDGE_CURVE('',#1002,#788,#1263,.T.);
#1263 = LINE('',#1264,#1265);
#1264 = CARTESIAN_POINT('',(3.,33.2,0.));
#1265 = VECTOR('',#1266,1.);
#1266 = DIRECTION('',(0.,0.,1.));
#1267 = PLANE('',#1268);
#1268 = AXIS2_PLACEMENT_3D('',#1269,#1270,#1271);
#1269 = CARTESIAN_POINT('',(3.,0.,0.));
#1270 = DIRECTION('',(1.,0.,0.));
#1271 = DIRECTION('',(0.,0.,1.));
#1272 = ADVANCED_FACE('',(#1273),#1284,.T.);
#1273 = FACE_BOUND('',#1274,.T.);
#1274 = EDGE_LOOP('',(#1275,#1281,#1282,#1283));
#1275 = ORIENTED_EDGE('',*,*,#1276,.F.);
#1276 = EDGE_CURVE('',#1024,#810,#1277,.T.);
#1277 = LINE('',#1278,#1279);
#1278 = CARTESIAN_POINT('',(31.2,22.05,0.));
#1279 = VECTOR('',#1280,1.);
#1280 = DIRECTION('',(0.,0.,1.));
#1281 = ORIENTED_EDGE('',*,*,#1023,.F.);
#1282 = ORIENTED_EDGE('',*,*,#1255,.T.);
#1283 = ORIENTED_EDGE('',*,*,#809,.T.);
#1284 = PLANE('',#1285);
#1285 = AXIS2_PLACEMENT_3D('',#1286,#1287,#1288);
#1286 = CARTESIAN_POINT('',(0.,22.05,0.));
#1287 = DIRECTION('',(0.,1.,0.));
#1288 = DIRECTION('',(0.,0.,1.));
#1289 = ADVANCED_FACE('',(#1290),#1315,.T.);
#1290 = FACE_BOUND('',#1291,.T.);
#1291 = EDGE_LOOP('',(#1292,#1293,#1301,#1309));
#1292 = ORIENTED_EDGE('',*,*,#826,.F.);
#1293 = ORIENTED_EDGE('',*,*,#1294,.T.);
#1294 = EDGE_CURVE('',#819,#1295,#1297,.T.);
#1295 = VERTEX_POINT('',#1296);
#1296 = CARTESIAN_POINT('',(34.2,19.05,3.));
#1297 = LINE('',#1298,#1299);
#1298 = CARTESIAN_POINT('',(0.,19.05,3.));
#1299 = VECTOR('',#1300,1.);
#1300 = DIRECTION('',(1.,0.,0.));
#1301 = ORIENTED_EDGE('',*,*,#1302,.T.);
#1302 = EDGE_CURVE('',#1295,#1303,#1305,.T.);
#1303 = VERTEX_POINT('',#1304);
#1304 = CARTESIAN_POINT('',(34.2,22.05,3.));
#1305 = LINE('',#1306,#1307);
#1306 = CARTESIAN_POINT('',(34.2,0.,3.));
#1307 = VECTOR('',#1308,1.);
#1308 = DIRECTION('',(0.,1.,0.));
#1309 = ORIENTED_EDGE('',*,*,#1310,.F.);
#1310 = EDGE_CURVE('',#810,#1303,#1311,.T.);
#1311 = LINE('',#1312,#1313);
#1312 = CARTESIAN_POINT('',(31.2,22.05,3.));
#1313 = VECTOR('',#1314,1.);
#1314 = DIRECTION('',(1.,0.,0.));
#1315 = PLANE('',#1316);
#1316 = AXIS2_PLACEMENT_3D('',#1317,#1318,#1319);
#1317 = CARTESIAN_POINT('',(31.2,0.,3.));
#1318 = DIRECTION('',(0.,0.,1.));
#1319 = DIRECTION('',(1.,0.,0.));
#1320 = ADVANCED_FACE('',(#1321),#1346,.F.);
#1321 = FACE_BOUND('',#1322,.F.);
#1322 = EDGE_LOOP('',(#1323,#1331,#1339,#1345));
#1323 = ORIENTED_EDGE('',*,*,#1324,.F.);
#1324 = EDGE_CURVE('',#1325,#819,#1327,.T.);
#1325 = VERTEX_POINT('',#1326);
#1326 = CARTESIAN_POINT('',(31.2,13.628076211353,3.));
#1327 = LINE('',#1328,#1329);
#1328 = CARTESIAN_POINT('',(31.2,0.,3.));
#1329 = VECTOR('',#1330,1.);
#1330 = DIRECTION('',(0.,1.,0.));
#1331 = ORIENTED_EDGE('',*,*,#1332,.T.);
#1332 = EDGE_CURVE('',#1325,#1333,#1335,.T.);
#1333 = VERTEX_POINT('',#1334);
#1334 = CARTESIAN_POINT('',(31.2,13.628076211353,0.));
#1335 = LINE('',#1336,#1337);
#1336 = CARTESIAN_POINT('',(31.2,13.628076211353,0.));
#1337 = VECTOR('',#1338,1.);
#1338 = DIRECTION('',(-0.,-0.,-1.));
#1339 = ORIENTED_EDGE('',*,*,#1340,.T.);
#1340 = EDGE_CURVE('',#1333,#841,#1341,.T.);
#1341 = LINE('',#1342,#1343);
#1342 = CARTESIAN_POINT('',(31.2,0.,0.));
#1343 = VECTOR('',#1344,1.);
#1344 = DIRECTION('',(0.,1.,0.));
#1345 = ORIENTED_EDGE('',*,*,#840,.T.);
#1346 = PLANE('',#1347);
#1347 = AXIS2_PLACEMENT_3D('',#1348,#1349,#1350);
#1348 = CARTESIAN_POINT('',(31.2,0.,0.));
#1349 = DIRECTION('',(1.,0.,0.));
#1350 = DIRECTION('',(0.,0.,1.));
#1351 = ADVANCED_FACE('',(#1352),#1370,.T.);
#1352 = FACE_BOUND('',#1353,.F.);
#1353 = EDGE_LOOP('',(#1354,#1361,#1362,#1369));
#1354 = ORIENTED_EDGE('',*,*,#1355,.F.);
#1355 = EDGE_CURVE('',#1333,#874,#1356,.T.);
#1356 = CIRCLE('',#1357,3.);
#1357 = AXIS2_PLACEMENT_3D('',#1358,#1359,#1360);
#1358 = CARTESIAN_POINT('',(32.7,11.03,0.));
#1359 = DIRECTION('',(0.,0.,1.));
#1360 = DIRECTION('',(1.,0.,0.));
#1361 = ORIENTED_EDGE('',*,*,#1332,.F.);
#1362 = ORIENTED_EDGE('',*,*,#1363,.T.);
#1363 = EDGE_CURVE('',#1325,#865,#1364,.T.);
#1364 = CIRCLE('',#1365,3.);
#1365 = AXIS2_PLACEMENT_3D('',#1366,#1367,#1368);
#1366 = CARTESIAN_POINT('',(32.7,11.03,3.));
#1367 = DIRECTION('',(0.,0.,1.));
#1368 = DIRECTION('',(1.,0.,0.));
#1369 = ORIENTED_EDGE('',*,*,#881,.T.);
#1370 = CYLINDRICAL_SURFACE('',#1371,3.);
#1371 = AXIS2_PLACEMENT_3D('',#1372,#1373,#1374);
#1372 = CARTESIAN_POINT('',(32.7,11.03,0.));
#1373 = DIRECTION('',(-0.,-0.,-1.));
#1374 = DIRECTION('',(1.,0.,0.));
#1375 = ADVANCED_FACE('',(#1376),#1402,.T.);
#1376 = FACE_BOUND('',#1377,.T.);
#1377 = EDGE_LOOP('',(#1378,#1379,#1387,#1396));
#1378 = ORIENTED_EDGE('',*,*,#905,.T.);
#1379 = ORIENTED_EDGE('',*,*,#1380,.T.);
#1380 = EDGE_CURVE('',#898,#1381,#1383,.T.);
#1381 = VERTEX_POINT('',#1382);
#1382 = CARTESIAN_POINT('',(34.2,11.03,3.));
#1383 = LINE('',#1384,#1385);
#1384 = CARTESIAN_POINT('',(34.2,0.,3.));
#1385 = VECTOR('',#1386,1.);
#1386 = DIRECTION('',(0.,1.,0.));
#1387 = ORIENTED_EDGE('',*,*,#1388,.F.);
#1388 = EDGE_CURVE('',#1389,#1381,#1391,.T.);
#1389 = VERTEX_POINT('',#1390);
#1390 = CARTESIAN_POINT('',(31.2,11.03,3.));
#1391 = CIRCLE('',#1392,1.5);
#1392 = AXIS2_PLACEMENT_3D('',#1393,#1394,#1395);
#1393 = CARTESIAN_POINT('',(32.7,11.03,3.));
#1394 = DIRECTION('',(0.,0.,1.));
#1395 = DIRECTION('',(1.,0.,0.));
#1396 = ORIENTED_EDGE('',*,*,#1397,.F.);
#1397 = EDGE_CURVE('',#865,#1389,#1398,.T.);
#1398 = LINE('',#1399,#1400);
#1399 = CARTESIAN_POINT('',(31.2,0.,3.));
#1400 = VECTOR('',#1401,1.);
#1401 = DIRECTION('',(0.,1.,0.));
#1402 = PLANE('',#1403);
#1403 = AXIS2_PLACEMENT_3D('',#1404,#1405,#1406);
#1404 = CARTESIAN_POINT('',(32.7,11.03,3.));
#1405 = DIRECTION('',(0.,0.,1.));
#1406 = DIRECTION('',(1.,0.,0.));
#1407 = ADVANCED_FACE('',(#1408),#1424,.T.);
#1408 = FACE_BOUND('',#1409,.T.);
#1409 = EDGE_LOOP('',(#1410,#1411,#1417,#1418));
#1410 = ORIENTED_EDGE('',*,*,#897,.F.);
#1411 = ORIENTED_EDGE('',*,*,#1412,.F.);
#1412 = EDGE_CURVE('',#668,#565,#1413,.T.);
#1413 = LINE('',#1414,#1415);
#1414 = CARTESIAN_POINT('',(34.2,3.,0.));
#1415 = VECTOR('',#1416,1.);
#1416 = DIRECTION('',(0.,0.,1.));
#1417 = ORIENTED_EDGE('',*,*,#1049,.T.);
#1418 = ORIENTED_EDGE('',*,*,#1419,.F.);
#1419 = EDGE_CURVE('',#898,#1050,#1420,.T.);
#1420 = LINE('',#1421,#1422);
#1421 = CARTESIAN_POINT('',(34.2,8.431923788647,0.));
#1422 = VECTOR('',#1423,1.);
#1423 = DIRECTION('',(-0.,-0.,-1.));
#1424 = PLANE('',#1425);
#1425 = AXIS2_PLACEMENT_3D('',#1426,#1427,#1428);
#1426 = CARTESIAN_POINT('',(34.2,0.,0.));
#1427 = DIRECTION('',(1.,0.,0.));
#1428 = DIRECTION('',(0.,0.,1.));
#1429 = ADVANCED_FACE('',(#1430),#1441,.T.);
#1430 = FACE_BOUND('',#1431,.T.);
#1431 = EDGE_LOOP('',(#1432,#1433,#1434,#1435));
#1432 = ORIENTED_EDGE('',*,*,#1089,.F.);
#1433 = ORIENTED_EDGE('',*,*,#1412,.T.);
#1434 = ORIENTED_EDGE('',*,*,#937,.T.);
#1435 = ORIENTED_EDGE('',*,*,#1436,.F.);
#1436 = EDGE_CURVE('',#1082,#930,#1437,.T.);
#1437 = LINE('',#1438,#1439);
#1438 = CARTESIAN_POINT('',(69.3,3.,0.));
#1439 = VECTOR('',#1440,1.);
#1440 = DIRECTION('',(0.,0.,1.));
#1441 = PLANE('',#1442);
#1442 = AXIS2_PLACEMENT_3D('',#1443,#1444,#1445);
#1443 = CARTESIAN_POINT('',(0.,3.,0.));
#1444 = DIRECTION('',(0.,1.,0.));
#1445 = DIRECTION('',(0.,0.,1.));
#1446 = ADVANCED_FACE('',(#1447),#1472,.T.);
#1447 = FACE_BOUND('',#1448,.T.);
#1448 = EDGE_LOOP('',(#1449,#1450,#1458,#1466));
#1449 = ORIENTED_EDGE('',*,*,#929,.F.);
#1450 = ORIENTED_EDGE('',*,*,#1451,.T.);
#1451 = EDGE_CURVE('',#922,#1452,#1454,.T.);
#1452 = VERTEX_POINT('',#1453);
#1453 = CARTESIAN_POINT('',(72.3,0.,3.));
#1454 = LINE('',#1455,#1456);
#1455 = CARTESIAN_POINT('',(0.,0.,3.));
#1456 = VECTOR('',#1457,1.);
#1457 = DIRECTION('',(1.,0.,0.));
#1458 = ORIENTED_EDGE('',*,*,#1459,.T.);
#1459 = EDGE_CURVE('',#1452,#1460,#1462,.T.);
#1460 = VERTEX_POINT('',#1461);
#1461 = CARTESIAN_POINT('',(72.3,3.,3.));
#1462 = LINE('',#1463,#1464);
#1463 = CARTESIAN_POINT('',(72.3,0.,3.));
#1464 = VECTOR('',#1465,1.);
#1465 = DIRECTION('',(0.,1.,0.));
#1466 = ORIENTED_EDGE('',*,*,#1467,.F.);
#1467 = EDGE_CURVE('',#930,#1460,#1468,.T.);
#1468 = LINE('',#1469,#1470);
#1469 = CARTESIAN_POINT('',(0.,3.,3.));
#1470 = VECTOR('',#1471,1.);
#1471 = DIRECTION('',(1.,0.,0.));
#1472 = PLANE('',#1473);
#1473 = AXIS2_PLACEMENT_3D('',#1474,#1475,#1476);
#1474 = CARTESIAN_POINT('',(69.3,-19.05,3.));
#1475 = DIRECTION('',(0.,0.,1.));
#1476 = DIRECTION('',(1.,0.,0.));
#1477 = ADVANCED_FACE('',(#1478),#1484,.F.);
#1478 = FACE_BOUND('',#1479,.F.);
#1479 = EDGE_LOOP('',(#1480,#1481,#1482,#1483));
#1480 = ORIENTED_EDGE('',*,*,#1073,.F.);
#1481 = ORIENTED_EDGE('',*,*,#954,.T.);
#1482 = ORIENTED_EDGE('',*,*,#921,.T.);
#1483 = ORIENTED_EDGE('',*,*,#1116,.F.);
#1484 = PLANE('',#1485);
#1485 = AXIS2_PLACEMENT_3D('',#1486,#1487,#1488);
#1486 = CARTESIAN_POINT('',(0.,0.,0.));
#1487 = DIRECTION('',(0.,1.,0.));
#1488 = DIRECTION('',(0.,0.,1.));
#1489 = ADVANCED_FACE('',(#1490),#1515,.F.);
#1490 = FACE_BOUND('',#1491,.F.);
#1491 = EDGE_LOOP('',(#1492,#1500,#1501,#1509));
#1492 = ORIENTED_EDGE('',*,*,#1493,.F.);
#1493 = EDGE_CURVE('',#969,#1494,#1496,.T.);
#1494 = VERTEX_POINT('',#1495);
#1495 = CARTESIAN_POINT('',(-8.,36.2,0.));
#1496 = LINE('',#1497,#1498);
#1497 = CARTESIAN_POINT('',(-8.,33.2,0.));
#1498 = VECTOR('',#1499,1.);
#1499 = DIRECTION('',(0.,1.,0.));
#1500 = ORIENTED_EDGE('',*,*,#968,.T.);
#1501 = ORIENTED_EDGE('',*,*,#1502,.T.);
#1502 = EDGE_CURVE('',#605,#1503,#1505,.T.);
#1503 = VERTEX_POINT('',#1504);
#1504 = CARTESIAN_POINT('',(0.,36.2,0.));
#1505 = LINE('',#1506,#1507);
#1506 = CARTESIAN_POINT('',(0.,0.,0.));
#1507 = VECTOR('',#1508,1.);
#1508 = DIRECTION('',(0.,1.,0.));
#1509 = ORIENTED_EDGE('',*,*,#1510,.F.);
#1510 = EDGE_CURVE('',#1494,#1503,#1511,.T.);
#1511 = LINE('',#1512,#1513);
#1512 = CARTESIAN_POINT('',(-11.,36.2,0.));
#1513 = VECTOR('',#1514,1.);
#1514 = DIRECTION('',(1.,0.,0.));
#1515 = PLANE('',#1516);
#1516 = AXIS2_PLACEMENT_3D('',#1517,#1518,#1519);
#1517 = CARTESIAN_POINT('',(-11.,33.2,0.));
#1518 = DIRECTION('',(0.,0.,1.));
#1519 = DIRECTION('',(1.,0.,0.));
#1520 = ADVANCED_FACE('',(#1521),#1539,.T.);
#1521 = FACE_BOUND('',#1522,.T.);
#1522 = EDGE_LOOP('',(#1523,#1531,#1532,#1533));
#1523 = ORIENTED_EDGE('',*,*,#1524,.F.);
#1524 = EDGE_CURVE('',#977,#1525,#1527,.T.);
#1525 = VERTEX_POINT('',#1526);
#1526 = CARTESIAN_POINT('',(-8.,36.2,3.));
#1527 = LINE('',#1528,#1529);
#1528 = CARTESIAN_POINT('',(-8.,33.2,3.));
#1529 = VECTOR('',#1530,1.);
#1530 = DIRECTION('',(0.,1.,0.));
#1531 = ORIENTED_EDGE('',*,*,#984,.T.);
#1532 = ORIENTED_EDGE('',*,*,#1223,.T.);
#1533 = ORIENTED_EDGE('',*,*,#1534,.F.);
#1534 = EDGE_CURVE('',#1525,#1224,#1535,.T.);
#1535 = LINE('',#1536,#1537);
#1536 = CARTESIAN_POINT('',(-11.,36.2,3.));
#1537 = VECTOR('',#1538,1.);
#1538 = DIRECTION('',(1.,0.,0.));
#1539 = PLANE('',#1540);
#1540 = AXIS2_PLACEMENT_3D('',#1541,#1542,#1543);
#1541 = CARTESIAN_POINT('',(-11.,33.2,3.));
#1542 = DIRECTION('',(0.,0.,1.));
#1543 = DIRECTION('',(1.,0.,0.));
#1544 = ADVANCED_FACE('',(#1545),#1570,.F.);
#1545 = FACE_BOUND('',#1546,.F.);
#1546 = EDGE_LOOP('',(#1547,#1555,#1563,#1569));
#1547 = ORIENTED_EDGE('',*,*,#1548,.F.);
#1548 = EDGE_CURVE('',#1549,#969,#1551,.T.);
#1549 = VERTEX_POINT('',#1550);
#1550 = CARTESIAN_POINT('',(-11.,33.2,0.));
#1551 = LINE('',#1552,#1553);
#1552 = CARTESIAN_POINT('',(-11.,33.2,0.));
#1553 = VECTOR('',#1554,1.);
#1554 = DIRECTION('',(1.,0.,0.));
#1555 = ORIENTED_EDGE('',*,*,#1556,.T.);
#1556 = EDGE_CURVE('',#1549,#1557,#1559,.T.);
#1557 = VERTEX_POINT('',#1558);
#1558 = CARTESIAN_POINT('',(-11.,33.2,3.));
#1559 = LINE('',#1560,#1561);
#1560 = CARTESIAN_POINT('',(-11.,33.2,0.));
#1561 = VECTOR('',#1562,1.);
#1562 = DIRECTION('',(0.,0.,1.));
#1563 = ORIENTED_EDGE('',*,*,#1564,.T.);
#1564 = EDGE_CURVE('',#1557,#977,#1565,.T.);
#1565 = LINE('',#1566,#1567);
#1566 = CARTESIAN_POINT('',(-11.,33.2,3.));
#1567 = VECTOR('',#1568,1.);
#1568 = DIRECTION('',(1.,0.,0.));
#1569 = ORIENTED_EDGE('',*,*,#976,.F.);
#1570 = PLANE('',#1571);
#1571 = AXIS2_PLACEMENT_3D('',#1572,#1573,#1574);
#1572 = CARTESIAN_POINT('',(-11.,33.2,0.));
#1573 = DIRECTION('',(0.,1.,0.));
#1574 = DIRECTION('',(0.,0.,1.));
#1575 = ADVANCED_FACE('',(#1576),#1594,.F.);
#1576 = FACE_BOUND('',#1577,.F.);
#1577 = EDGE_LOOP('',(#1578,#1579,#1580,#1588));
#1578 = ORIENTED_EDGE('',*,*,#1502,.F.);
#1579 = ORIENTED_EDGE('',*,*,#1009,.T.);
#1580 = ORIENTED_EDGE('',*,*,#1581,.T.);
#1581 = EDGE_CURVE('',#1002,#1582,#1584,.T.);
#1582 = VERTEX_POINT('',#1583);
#1583 = CARTESIAN_POINT('',(3.,36.2,0.));
#1584 = LINE('',#1585,#1586);
#1585 = CARTESIAN_POINT('',(3.,33.2,0.));
#1586 = VECTOR('',#1587,1.);
#1587 = DIRECTION('',(0.,1.,0.));
#1588 = ORIENTED_EDGE('',*,*,#1589,.F.);
#1589 = EDGE_CURVE('',#1503,#1582,#1590,.T.);
#1590 = LINE('',#1591,#1592);
#1591 = CARTESIAN_POINT('',(-11.,36.2,0.));
#1592 = VECTOR('',#1593,1.);
#1593 = DIRECTION('',(1.,0.,0.));
#1594 = PLANE('',#1595);
#1595 = AXIS2_PLACEMENT_3D('',#1596,#1597,#1598);
#1596 = CARTESIAN_POINT('',(0.,0.,0.));
#1597 = DIRECTION('',(0.,0.,1.));
#1598 = DIRECTION('',(1.,0.,0.));
#1599 = ADVANCED_FACE('',(#1600),#1625,.F.);
#1600 = FACE_BOUND('',#1601,.F.);
#1601 = EDGE_LOOP('',(#1602,#1603,#1611,#1619));
#1602 = ORIENTED_EDGE('',*,*,#1033,.F.);
#1603 = ORIENTED_EDGE('',*,*,#1604,.T.);
#1604 = EDGE_CURVE('',#841,#1605,#1607,.T.);
#1605 = VERTEX_POINT('',#1606);
#1606 = CARTESIAN_POINT('',(34.2,19.05,0.));
#1607 = LINE('',#1608,#1609);
#1608 = CARTESIAN_POINT('',(0.,19.05,0.));
#1609 = VECTOR('',#1610,1.);
#1610 = DIRECTION('',(1.,0.,0.));
#1611 = ORIENTED_EDGE('',*,*,#1612,.T.);
#1612 = EDGE_CURVE('',#1605,#1613,#1615,.T.);
#1613 = VERTEX_POINT('',#1614);
#1614 = CARTESIAN_POINT('',(34.2,22.05,0.));
#1615 = LINE('',#1616,#1617);
#1616 = CARTESIAN_POINT('',(34.2,0.,0.));
#1617 = VECTOR('',#1618,1.);
#1618 = DIRECTION('',(0.,1.,0.));
#1619 = ORIENTED_EDGE('',*,*,#1620,.F.);
#1620 = EDGE_CURVE('',#1024,#1613,#1621,.T.);
#1621 = LINE('',#1622,#1623);
#1622 = CARTESIAN_POINT('',(31.2,22.05,0.));
#1623 = VECTOR('',#1624,1.);
#1624 = DIRECTION('',(1.,0.,0.));
#1625 = PLANE('',#1626);
#1626 = AXIS2_PLACEMENT_3D('',#1627,#1628,#1629);
#1627 = CARTESIAN_POINT('',(31.2,0.,0.));
#1628 = DIRECTION('',(0.,0.,1.));
#1629 = DIRECTION('',(1.,0.,0.));
#1630 = ADVANCED_FACE('',(#1631),#1657,.F.);
#1631 = FACE_BOUND('',#1632,.F.);
#1632 = EDGE_LOOP('',(#1633,#1634,#1642,#1651));
#1633 = ORIENTED_EDGE('',*,*,#1057,.T.);
#1634 = ORIENTED_EDGE('',*,*,#1635,.T.);
#1635 = EDGE_CURVE('',#1050,#1636,#1638,.T.);
#1636 = VERTEX_POINT('',#1637);
#1637 = CARTESIAN_POINT('',(34.2,11.03,0.));
#1638 = LINE('',#1639,#1640);
#1639 = CARTESIAN_POINT('',(34.2,0.,0.));
#1640 = VECTOR('',#1641,1.);
#1641 = DIRECTION('',(0.,1.,0.));
#1642 = ORIENTED_EDGE('',*,*,#1643,.F.);
#1643 = EDGE_CURVE('',#1644,#1636,#1646,.T.);
#1644 = VERTEX_POINT('',#1645);
#1645 = CARTESIAN_POINT('',(31.2,11.03,0.));
#1646 = CIRCLE('',#1647,1.5);
#1647 = AXIS2_PLACEMENT_3D('',#1648,#1649,#1650);
#1648 = CARTESIAN_POINT('',(32.7,11.03,0.));
#1649 = DIRECTION('',(0.,0.,1.));
#1650 = DIRECTION('',(1.,0.,0.));
#1651 = ORIENTED_EDGE('',*,*,#1652,.F.);
#1652 = EDGE_CURVE('',#874,#1644,#1653,.T.);
#1653 = LINE('',#1654,#1655);
#1654 = CARTESIAN_POINT('',(31.2,0.,0.));
#1655 = VECTOR('',#1656,1.);
#1656 = DIRECTION('',(0.,1.,0.));
#1657 = PLANE('',#1658);
#1658 = AXIS2_PLACEMENT_3D('',#1659,#1660,#1661);
#1659 = CARTESIAN_POINT('',(32.7,11.03,0.));
#1660 = DIRECTION('',(0.,0.,1.));
#1661 = DIRECTION('',(1.,0.,0.));
#1662 = ADVANCED_FACE('',(#1663),#1688,.F.);
#1663 = FACE_BOUND('',#1664,.F.);
#1664 = EDGE_LOOP('',(#1665,#1666,#1674,#1682));
#1665 = ORIENTED_EDGE('',*,*,#1081,.F.);
#1666 = ORIENTED_EDGE('',*,*,#1667,.T.);
#1667 = EDGE_CURVE('',#1074,#1668,#1670,.T.);
#1668 = VERTEX_POINT('',#1669);
#1669 = CARTESIAN_POINT('',(72.3,0.,0.));
#1670 = LINE('',#1671,#1672);
#1671 = CARTESIAN_POINT('',(0.,0.,0.));
#1672 = VECTOR('',#1673,1.);
#1673 = DIRECTION('',(1.,0.,0.));
#1674 = ORIENTED_EDGE('',*,*,#1675,.T.);
#1675 = EDGE_CURVE('',#1668,#1676,#1678,.T.);
#1676 = VERTEX_POINT('',#1677);
#1677 = CARTESIAN_POINT('',(72.3,3.,0.));
#1678 = LINE('',#1679,#1680);
#1679 = CARTESIAN_POINT('',(72.3,0.,0.));
#1680 = VECTOR('',#1681,1.);
#1681 = DIRECTION('',(0.,1.,0.));
#1682 = ORIENTED_EDGE('',*,*,#1683,.F.);
#1683 = EDGE_CURVE('',#1082,#1676,#1684,.T.);
#1684 = LINE('',#1685,#1686);
#1685 = CARTESIAN_POINT('',(0.,3.,0.));
#1686 = VECTOR('',#1687,1.);
#1687 = DIRECTION('',(1.,0.,0.));
#1688 = PLANE('',#1689);
#1689 = AXIS2_PLACEMENT_3D('',#1690,#1691,#1692);
#1690 = CARTESIAN_POINT('',(69.3,-19.05,0.));
#1691 = DIRECTION('',(0.,0.,1.));
#1692 = DIRECTION('',(1.,0.,0.));
#1693 = ADVANCED_FACE('',(#1694),#1705,.T.);
#1694 = FACE_BOUND('',#1695,.T.);
#1695 = EDGE_LOOP('',(#1696,#1697,#1698,#1704));
#1696 = ORIENTED_EDGE('',*,*,#1103,.F.);
#1697 = ORIENTED_EDGE('',*,*,#1147,.T.);
#1698 = ORIENTED_EDGE('',*,*,#1699,.T.);
#1699 = EDGE_CURVE('',#1140,#1452,#1700,.T.);
#1700 = LINE('',#1701,#1702);
#1701 = CARTESIAN_POINT('',(72.3,-19.05,3.));
#1702 = VECTOR('',#1703,1.);
#1703 = DIRECTION('',(0.,1.,0.));
#1704 = ORIENTED_EDGE('',*,*,#1451,.F.);
#1705 = PLANE('',#1706);
#1706 = AXIS2_PLACEMENT_3D('',#1707,#1708,#1709);
#1707 = CARTESIAN_POINT('',(69.3,-19.05,3.));
#1708 = DIRECTION('',(0.,0.,1.));
#1709 = DIRECTION('',(1.,0.,0.));
#1710 = ADVANCED_FACE('',(#1711),#1722,.F.);
#1711 = FACE_BOUND('',#1712,.F.);
#1712 = EDGE_LOOP('',(#1713,#1714,#1715,#1721));
#1713 = ORIENTED_EDGE('',*,*,#1110,.F.);
#1714 = ORIENTED_EDGE('',*,*,#1178,.T.);
#1715 = ORIENTED_EDGE('',*,*,#1716,.T.);
#1716 = EDGE_CURVE('',#1171,#1668,#1717,.T.);
#1717 = LINE('',#1718,#1719);
#1718 = CARTESIAN_POINT('',(72.3,-19.05,0.));
#1719 = VECTOR('',#1720,1.);
#1720 = DIRECTION('',(0.,1.,0.));
#1721 = ORIENTED_EDGE('',*,*,#1667,.F.);
#1722 = PLANE('',#1723);
#1723 = AXIS2_PLACEMENT_3D('',#1724,#1725,#1726);
#1724 = CARTESIAN_POINT('',(69.3,-19.05,0.));
#1725 = DIRECTION('',(0.,0.,1.));
#1726 = DIRECTION('',(1.,0.,0.));
#1727 = ADVANCED_FACE('',(#1728),#1744,.T.);
#1728 = FACE_BOUND('',#1729,.T.);
#1729 = EDGE_LOOP('',(#1730,#1736,#1737,#1743));
#1730 = ORIENTED_EDGE('',*,*,#1731,.F.);
#1731 = EDGE_CURVE('',#1163,#1132,#1732,.T.);
#1732 = LINE('',#1733,#1734);
#1733 = CARTESIAN_POINT('',(72.3,-11.97,0.));
#1734 = VECTOR('',#1735,1.);
#1735 = DIRECTION('',(0.,0.,1.));
#1736 = ORIENTED_EDGE('',*,*,#1170,.T.);
#1737 = ORIENTED_EDGE('',*,*,#1738,.T.);
#1738 = EDGE_CURVE('',#1171,#1140,#1739,.T.);
#1739 = LINE('',#1740,#1741);
#1740 = CARTESIAN_POINT('',(72.3,-8.97,0.));
#1741 = VECTOR('',#1742,1.);
#1742 = DIRECTION('',(0.,0.,1.));
#1743 = ORIENTED_EDGE('',*,*,#1139,.F.);
#1744 = PLANE('',#1745);
#1745 = AXIS2_PLACEMENT_3D('',#1746,#1747,#1748);
#1746 = CARTESIAN_POINT('',(72.3,-11.97,0.));
#1747 = DIRECTION('',(1.,0.,0.));
#1748 = DIRECTION('',(0.,0.,1.));
#1749 = ADVANCED_FACE('',(#1750),#1768,.T.);
#1750 = FACE_BOUND('',#1751,.T.);
#1751 = EDGE_LOOP('',(#1752,#1753,#1761,#1767));
#1752 = ORIENTED_EDGE('',*,*,#1192,.F.);
#1753 = ORIENTED_EDGE('',*,*,#1754,.T.);
#1754 = EDGE_CURVE('',#1193,#1755,#1757,.T.);
#1755 = VERTEX_POINT('',#1756);
#1756 = CARTESIAN_POINT('',(72.3,-16.05,3.));
#1757 = LINE('',#1758,#1759);
#1758 = CARTESIAN_POINT('',(69.3,-16.05,3.));
#1759 = VECTOR('',#1760,1.);
#1760 = DIRECTION('',(1.,0.,0.));
#1761 = ORIENTED_EDGE('',*,*,#1762,.T.);
#1762 = EDGE_CURVE('',#1755,#1132,#1763,.T.);
#1763 = LINE('',#1764,#1765);
#1764 = CARTESIAN_POINT('',(72.3,-19.05,3.));
#1765 = VECTOR('',#1766,1.);
#1766 = DIRECTION('',(0.,1.,0.));
#1767 = ORIENTED_EDGE('',*,*,#1131,.F.);
#1768 = PLANE('',#1769);
#1769 = AXIS2_PLACEMENT_3D('',#1770,#1771,#1772);
#1770 = CARTESIAN_POINT('',(69.3,-19.05,3.));
#1771 = DIRECTION('',(0.,0.,1.));
#1772 = DIRECTION('',(1.,0.,0.));
#1773 = ADVANCED_FACE('',(#1774),#1792,.F.);
#1774 = FACE_BOUND('',#1775,.F.);
#1775 = EDGE_LOOP('',(#1776,#1777,#1785,#1791));
#1776 = ORIENTED_EDGE('',*,*,#1208,.F.);
#1777 = ORIENTED_EDGE('',*,*,#1778,.T.);
#1778 = EDGE_CURVE('',#1201,#1779,#1781,.T.);
#1779 = VERTEX_POINT('',#1780);
#1780 = CARTESIAN_POINT('',(72.3,-16.05,0.));
#1781 = LINE('',#1782,#1783);
#1782 = CARTESIAN_POINT('',(69.3,-16.05,0.));
#1783 = VECTOR('',#1784,1.);
#1784 = DIRECTION('',(1.,0.,0.));
#1785 = ORIENTED_EDGE('',*,*,#1786,.T.);
#1786 = EDGE_CURVE('',#1779,#1163,#1787,.T.);
#1787 = LINE('',#1788,#1789);
#1788 = CARTESIAN_POINT('',(72.3,-19.05,0.));
#1789 = VECTOR('',#1790,1.);
#1790 = DIRECTION('',(0.,1.,0.));
#1791 = ORIENTED_EDGE('',*,*,#1162,.F.);
#1792 = PLANE('',#1793);
#1793 = AXIS2_PLACEMENT_3D('',#1794,#1795,#1796);
#1794 = CARTESIAN_POINT('',(69.3,-19.05,0.));
#1795 = DIRECTION('',(0.,0.,1.));
#1796 = DIRECTION('',(1.,0.,0.));
#1797 = ADVANCED_FACE('',(#1798),#1823,.F.);
#1798 = FACE_BOUND('',#1799,.F.);
#1799 = EDGE_LOOP('',(#1800,#1810,#1816,#1817));
#1800 = ORIENTED_EDGE('',*,*,#1801,.F.);
#1801 = EDGE_CURVE('',#1802,#1804,#1806,.T.);
#1802 = VERTEX_POINT('',#1803);
#1803 = CARTESIAN_POINT('',(69.3,-19.05,0.));
#1804 = VERTEX_POINT('',#1805);
#1805 = CARTESIAN_POINT('',(69.3,-19.05,3.));
#1806 = LINE('',#1807,#1808);
#1807 = CARTESIAN_POINT('',(69.3,-19.05,0.));
#1808 = VECTOR('',#1809,1.);
#1809 = DIRECTION('',(0.,0.,1.));
#1810 = ORIENTED_EDGE('',*,*,#1811,.T.);
#1811 = EDGE_CURVE('',#1802,#1201,#1812,.T.);
#1812 = LINE('',#1813,#1814);
#1813 = CARTESIAN_POINT('',(69.3,-19.05,0.));
#1814 = VECTOR('',#1815,1.);
#1815 = DIRECTION('',(0.,1.,0.));
#1816 = ORIENTED_EDGE('',*,*,#1200,.T.);
#1817 = ORIENTED_EDGE('',*,*,#1818,.F.);
#1818 = EDGE_CURVE('',#1804,#1193,#1819,.T.);
#1819 = LINE('',#1820,#1821);
#1820 = CARTESIAN_POINT('',(69.3,-19.05,3.));
#1821 = VECTOR('',#1822,1.);
#1822 = DIRECTION('',(0.,1.,0.));
#1823 = PLANE('',#1824);
#1824 = AXIS2_PLACEMENT_3D('',#1825,#1826,#1827);
#1825 = CARTESIAN_POINT('',(69.3,-19.05,0.));
#1826 = DIRECTION('',(1.,0.,0.));
#1827 = DIRECTION('',(0.,0.,1.));
#1828 = ADVANCED_FACE('',(#1829),#1854,.T.);
#1829 = FACE_BOUND('',#1830,.T.);
#1830 = EDGE_LOOP('',(#1831,#1839,#1840,#1848));
#1831 = ORIENTED_EDGE('',*,*,#1832,.F.);
#1832 = EDGE_CURVE('',#1224,#1833,#1835,.T.);
#1833 = VERTEX_POINT('',#1834);
#1834 = CARTESIAN_POINT('',(0.,38.1,3.));
#1835 = LINE('',#1836,#1837);
#1836 = CARTESIAN_POINT('',(0.,0.,3.));
#1837 = VECTOR('',#1838,1.);
#1838 = DIRECTION('',(0.,1.,0.));
#1839 = ORIENTED_EDGE('',*,*,#1240,.T.);
#1840 = ORIENTED_EDGE('',*,*,#1841,.T.);
#1841 = EDGE_CURVE('',#1233,#1842,#1844,.T.);
#1842 = VERTEX_POINT('',#1843);
#1843 = CARTESIAN_POINT('',(3.,38.1,3.));
#1844 = LINE('',#1845,#1846);
#1845 = CARTESIAN_POINT('',(3.,0.,3.));
#1846 = VECTOR('',#1847,1.);
#1847 = DIRECTION('',(0.,1.,0.));
#1848 = ORIENTED_EDGE('',*,*,#1849,.F.);
#1849 = EDGE_CURVE('',#1833,#1842,#1850,.T.);
#1850 = LINE('',#1851,#1852);
#1851 = CARTESIAN_POINT('',(0.,38.1,3.));
#1852 = VECTOR('',#1853,1.);
#1853 = DIRECTION('',(1.,0.,0.));
#1854 = PLANE('',#1855);
#1855 = AXIS2_PLACEMENT_3D('',#1856,#1857,#1858);
#1856 = CARTESIAN_POINT('',(0.,0.,3.));
#1857 = DIRECTION('',(0.,0.,1.));
#1858 = DIRECTION('',(1.,0.,0.));
#1859 = ADVANCED_FACE('',(#1860),#1871,.T.);
#1860 = FACE_BOUND('',#1861,.T.);
#1861 = EDGE_LOOP('',(#1862,#1863,#1864,#1870));
#1862 = ORIENTED_EDGE('',*,*,#1262,.F.);
#1863 = ORIENTED_EDGE('',*,*,#1581,.T.);
#1864 = ORIENTED_EDGE('',*,*,#1865,.T.);
#1865 = EDGE_CURVE('',#1582,#1233,#1866,.T.);
#1866 = LINE('',#1867,#1868);
#1867 = CARTESIAN_POINT('',(3.,36.2,0.));
#1868 = VECTOR('',#1869,1.);
#1869 = DIRECTION('',(0.,0.,1.));
#1870 = ORIENTED_EDGE('',*,*,#1232,.F.);
#1871 = PLANE('',#1872);
#1872 = AXIS2_PLACEMENT_3D('',#1873,#1874,#1875);
#1873 = CARTESIAN_POINT('',(3.,33.2,0.));
#1874 = DIRECTION('',(1.,0.,0.));
#1875 = DIRECTION('',(0.,0.,1.));
#1876 = ADVANCED_FACE('',(#1877),#1888,.T.);
#1877 = FACE_BOUND('',#1878,.T.);
#1878 = EDGE_LOOP('',(#1879,#1880,#1881,#1882));
#1879 = ORIENTED_EDGE('',*,*,#1620,.F.);
#1880 = ORIENTED_EDGE('',*,*,#1276,.T.);
#1881 = ORIENTED_EDGE('',*,*,#1310,.T.);
#1882 = ORIENTED_EDGE('',*,*,#1883,.F.);
#1883 = EDGE_CURVE('',#1613,#1303,#1884,.T.);
#1884 = LINE('',#1885,#1886);
#1885 = CARTESIAN_POINT('',(34.2,22.05,0.));
#1886 = VECTOR('',#1887,1.);
#1887 = DIRECTION('',(0.,0.,1.));
#1888 = PLANE('',#1889);
#1889 = AXIS2_PLACEMENT_3D('',#1890,#1891,#1892);
#1890 = CARTESIAN_POINT('',(31.2,22.05,0.));
#1891 = DIRECTION('',(0.,1.,0.));
#1892 = DIRECTION('',(0.,0.,1.));
#1893 = ADVANCED_FACE('',(#1894),#1919,.T.);
#1894 = FACE_BOUND('',#1895,.T.);
#1895 = EDGE_LOOP('',(#1896,#1904,#1905,#1913));
#1896 = ORIENTED_EDGE('',*,*,#1897,.F.);
#1897 = EDGE_CURVE('',#1303,#1898,#1900,.T.);
#1898 = VERTEX_POINT('',#1899);
#1899 = CARTESIAN_POINT('',(69.3,22.05,3.));
#1900 = LINE('',#1901,#1902);
#1901 = CARTESIAN_POINT('',(0.,22.05,3.));
#1902 = VECTOR('',#1903,1.);
#1903 = DIRECTION('',(1.,0.,0.));
#1904 = ORIENTED_EDGE('',*,*,#1302,.F.);
#1905 = ORIENTED_EDGE('',*,*,#1906,.T.);
#1906 = EDGE_CURVE('',#1295,#1907,#1909,.T.);
#1907 = VERTEX_POINT('',#1908);
#1908 = CARTESIAN_POINT('',(69.3,19.05,3.));
#1909 = LINE('',#1910,#1911);
#1910 = CARTESIAN_POINT('',(0.,19.05,3.));
#1911 = VECTOR('',#1912,1.);
#1912 = DIRECTION('',(1.,0.,0.));
#1913 = ORIENTED_EDGE('',*,*,#1914,.T.);
#1914 = EDGE_CURVE('',#1907,#1898,#1915,.T.);
#1915 = LINE('',#1916,#1917);
#1916 = CARTESIAN_POINT('',(69.3,-19.05,3.));
#1917 = VECTOR('',#1918,1.);
#1918 = DIRECTION('',(0.,1.,0.));
#1919 = PLANE('',#1920);
#1920 = AXIS2_PLACEMENT_3D('',#1921,#1922,#1923);
#1921 = CARTESIAN_POINT('',(0.,19.05,3.));
#1922 = DIRECTION('',(0.,0.,1.));
#1923 = DIRECTION('',(1.,0.,0.));
#1924 = ADVANCED_FACE('',(#1925),#1944,.T.);
#1925 = FACE_BOUND('',#1926,.T.);
#1926 = EDGE_LOOP('',(#1927,#1928,#1937,#1943));
#1927 = ORIENTED_EDGE('',*,*,#1324,.F.);
#1928 = ORIENTED_EDGE('',*,*,#1929,.F.);
#1929 = EDGE_CURVE('',#1930,#1325,#1932,.T.);
#1930 = VERTEX_POINT('',#1931);
#1931 = CARTESIAN_POINT('',(34.2,13.628076211353,3.));
#1932 = CIRCLE('',#1933,3.);
#1933 = AXIS2_PLACEMENT_3D('',#1934,#1935,#1936);
#1934 = CARTESIAN_POINT('',(32.7,11.03,3.));
#1935 = DIRECTION('',(0.,0.,1.));
#1936 = DIRECTION('',(1.,0.,0.));
#1937 = ORIENTED_EDGE('',*,*,#1938,.T.);
#1938 = EDGE_CURVE('',#1930,#1295,#1939,.T.);
#1939 = LINE('',#1940,#1941);
#1940 = CARTESIAN_POINT('',(34.2,0.,3.));
#1941 = VECTOR('',#1942,1.);
#1942 = DIRECTION('',(0.,1.,0.));
#1943 = ORIENTED_EDGE('',*,*,#1294,.F.);
#1944 = PLANE('',#1945);
#1945 = AXIS2_PLACEMENT_3D('',#1946,#1947,#1948);
#1946 = CARTESIAN_POINT('',(31.2,0.,3.));
#1947 = DIRECTION('',(0.,0.,1.));
#1948 = DIRECTION('',(1.,0.,0.));
#1949 = ADVANCED_FACE('',(#1950),#1969,.F.);
#1950 = FACE_BOUND('',#1951,.F.);
#1951 = EDGE_LOOP('',(#1952,#1953,#1962,#1968));
#1952 = ORIENTED_EDGE('',*,*,#1340,.F.);
#1953 = ORIENTED_EDGE('',*,*,#1954,.F.);
#1954 = EDGE_CURVE('',#1955,#1333,#1957,.T.);
#1955 = VERTEX_POINT('',#1956);
#1956 = CARTESIAN_POINT('',(34.2,13.628076211353,0.));
#1957 = CIRCLE('',#1958,3.);
#1958 = AXIS2_PLACEMENT_3D('',#1959,#1960,#1961);
#1959 = CARTESIAN_POINT('',(32.7,11.03,0.));
#1960 = DIRECTION('',(0.,0.,1.));
#1961 = DIRECTION('',(1.,0.,0.));
#1962 = ORIENTED_EDGE('',*,*,#1963,.T.);
#1963 = EDGE_CURVE('',#1955,#1605,#1964,.T.);
#1964 = LINE('',#1965,#1966);
#1965 = CARTESIAN_POINT('',(34.2,0.,0.));
#1966 = VECTOR('',#1967,1.);
#1967 = DIRECTION('',(0.,1.,0.));
#1968 = ORIENTED_EDGE('',*,*,#1604,.F.);
#1969 = PLANE('',#1970);
#1970 = AXIS2_PLACEMENT_3D('',#1971,#1972,#1973);
#1971 = CARTESIAN_POINT('',(31.2,0.,0.));
#1972 = DIRECTION('',(0.,0.,1.));
#1973 = DIRECTION('',(1.,0.,0.));
#1974 = ADVANCED_FACE('',(#1975),#1985,.F.);
#1975 = FACE_BOUND('',#1976,.F.);
#1976 = EDGE_LOOP('',(#1977,#1978,#1984));
#1977 = ORIENTED_EDGE('',*,*,#1652,.T.);
#1978 = ORIENTED_EDGE('',*,*,#1979,.T.);
#1979 = EDGE_CURVE('',#1644,#1333,#1980,.T.);
#1980 = LINE('',#1981,#1982);
#1981 = CARTESIAN_POINT('',(31.2,0.,0.));
#1982 = VECTOR('',#1983,1.);
#1983 = DIRECTION('',(0.,1.,0.));
#1984 = ORIENTED_EDGE('',*,*,#1355,.T.);
#1985 = PLANE('',#1986);
#1986 = AXIS2_PLACEMENT_3D('',#1987,#1988,#1989);
#1987 = CARTESIAN_POINT('',(32.7,11.03,0.));
#1988 = DIRECTION('',(0.,0.,1.));
#1989 = DIRECTION('',(1.,0.,0.));
#1990 = ADVANCED_FACE('',(#1991),#2001,.T.);
#1991 = FACE_BOUND('',#1992,.T.);
#1992 = EDGE_LOOP('',(#1993,#1994,#2000));
#1993 = ORIENTED_EDGE('',*,*,#1397,.T.);
#1994 = ORIENTED_EDGE('',*,*,#1995,.T.);
#1995 = EDGE_CURVE('',#1389,#1325,#1996,.T.);
#1996 = LINE('',#1997,#1998);
#1997 = CARTESIAN_POINT('',(31.2,0.,3.));
#1998 = VECTOR('',#1999,1.);
#1999 = DIRECTION('',(0.,1.,0.));
#2000 = ORIENTED_EDGE('',*,*,#1363,.T.);
#2001 = PLANE('',#2002);
#2002 = AXIS2_PLACEMENT_3D('',#2003,#2004,#2005);
#2003 = CARTESIAN_POINT('',(32.7,11.03,3.));
#2004 = DIRECTION('',(0.,0.,1.));
#2005 = DIRECTION('',(1.,0.,0.));
#2006 = ADVANCED_FACE('',(#2007),#2032,.F.);
#2007 = FACE_BOUND('',#2008,.T.);
#2008 = EDGE_LOOP('',(#2009,#2016,#2022,#2029,#2030,#2031));
#2009 = ORIENTED_EDGE('',*,*,#2010,.F.);
#2010 = EDGE_CURVE('',#1636,#1644,#2011,.T.);
#2011 = CIRCLE('',#2012,1.5);
#2012 = AXIS2_PLACEMENT_3D('',#2013,#2014,#2015);
#2013 = CARTESIAN_POINT('',(32.7,11.03,0.));
#2014 = DIRECTION('',(0.,0.,1.));
#2015 = DIRECTION('',(1.,0.,0.));
#2016 = ORIENTED_EDGE('',*,*,#2017,.T.);
#2017 = EDGE_CURVE('',#1636,#1381,#2018,.T.);
#2018 = LINE('',#2019,#2020);
#2019 = CARTESIAN_POINT('',(34.2,11.03,0.));
#2020 = VECTOR('',#2021,1.);
#2021 = DIRECTION('',(0.,0.,1.));
#2022 = ORIENTED_EDGE('',*,*,#2023,.T.);
#2023 = EDGE_CURVE('',#1381,#1389,#2024,.T.);
#2024 = CIRCLE('',#2025,1.5);
#2025 = AXIS2_PLACEMENT_3D('',#2026,#2027,#2028);
#2026 = CARTESIAN_POINT('',(32.7,11.03,3.));
#2027 = DIRECTION('',(0.,0.,1.));
#2028 = DIRECTION('',(1.,0.,0.));
#2029 = ORIENTED_EDGE('',*,*,#1388,.T.);
#2030 = ORIENTED_EDGE('',*,*,#2017,.F.);
#2031 = ORIENTED_EDGE('',*,*,#1643,.F.);
#2032 = CYLINDRICAL_SURFACE('',#2033,1.5);
#2033 = AXIS2_PLACEMENT_3D('',#2034,#2035,#2036);
#2034 = CARTESIAN_POINT('',(32.7,11.03,0.));
#2035 = DIRECTION('',(-0.,-0.,-1.));
#2036 = DIRECTION('',(1.,0.,0.));
#2037 = ADVANCED_FACE('',(#2038),#2063,.T.);
#2038 = FACE_BOUND('',#2039,.T.);
#2039 = EDGE_LOOP('',(#2040,#2049,#2056,#2062));
#2040 = ORIENTED_EDGE('',*,*,#2041,.T.);
#2041 = EDGE_CURVE('',#898,#2042,#2044,.T.);
#2042 = VERTEX_POINT('',#2043);
#2043 = CARTESIAN_POINT('',(35.7,11.03,3.));
#2044 = CIRCLE('',#2045,3.);
#2045 = AXIS2_PLACEMENT_3D('',#2046,#2047,#2048);
#2046 = CARTESIAN_POINT('',(32.7,11.03,3.));
#2047 = DIRECTION('',(0.,0.,1.));
#2048 = DIRECTION('',(1.,0.,0.));
#2049 = ORIENTED_EDGE('',*,*,#2050,.T.);
#2050 = EDGE_CURVE('',#2042,#1930,#2051,.T.);
#2051 = CIRCLE('',#2052,3.);
#2052 = AXIS2_PLACEMENT_3D('',#2053,#2054,#2055);
#2053 = CARTESIAN_POINT('',(32.7,11.03,3.));
#2054 = DIRECTION('',(0.,0.,1.));
#2055 = DIRECTION('',(1.,0.,0.));
#2056 = ORIENTED_EDGE('',*,*,#2057,.F.);
#2057 = EDGE_CURVE('',#1381,#1930,#2058,.T.);
#2058 = LINE('',#2059,#2060);
#2059 = CARTESIAN_POINT('',(34.2,0.,3.));
#2060 = VECTOR('',#2061,1.);
#2061 = DIRECTION('',(0.,1.,0.));
#2062 = ORIENTED_EDGE('',*,*,#1380,.F.);
#2063 = PLANE('',#2064);
#2064 = AXIS2_PLACEMENT_3D('',#2065,#2066,#2067);
#2065 = CARTESIAN_POINT('',(32.7,11.03,3.));
#2066 = DIRECTION('',(0.,0.,1.));
#2067 = DIRECTION('',(1.,0.,0.));
#2068 = ADVANCED_FACE('',(#2069),#2088,.T.);
#2069 = FACE_BOUND('',#2070,.F.);
#2070 = EDGE_LOOP('',(#2071,#2079,#2086,#2087));
#2071 = ORIENTED_EDGE('',*,*,#2072,.F.);
#2072 = EDGE_CURVE('',#2073,#2042,#2075,.T.);
#2073 = VERTEX_POINT('',#2074);
#2074 = CARTESIAN_POINT('',(35.7,11.03,0.));
#2075 = LINE('',#2076,#2077);
#2076 = CARTESIAN_POINT('',(35.7,11.03,0.));
#2077 = VECTOR('',#2078,1.);
#2078 = DIRECTION('',(0.,0.,1.));
#2079 = ORIENTED_EDGE('',*,*,#2080,.F.);
#2080 = EDGE_CURVE('',#1050,#2073,#2081,.T.);
#2081 = CIRCLE('',#2082,3.);
#2082 = AXIS2_PLACEMENT_3D('',#2083,#2084,#2085);
#2083 = CARTESIAN_POINT('',(32.7,11.03,0.));
#2084 = DIRECTION('',(0.,0.,1.));
#2085 = DIRECTION('',(1.,0.,0.));
#2086 = ORIENTED_EDGE('',*,*,#1419,.F.);
#2087 = ORIENTED_EDGE('',*,*,#2041,.T.);
#2088 = CYLINDRICAL_SURFACE('',#2089,3.);
#2089 = AXIS2_PLACEMENT_3D('',#2090,#2091,#2092);
#2090 = CARTESIAN_POINT('',(32.7,11.03,0.));
#2091 = DIRECTION('',(-0.,-0.,-1.));
#2092 = DIRECTION('',(1.,0.,0.));
#2093 = ADVANCED_FACE('',(#2094),#2117,.F.);
#2094 = FACE_BOUND('',#2095,.F.);
#2095 = EDGE_LOOP('',(#2096,#2102,#2103,#2111));
#2096 = ORIENTED_EDGE('',*,*,#2097,.F.);
#2097 = EDGE_CURVE('',#930,#1907,#2098,.T.);
#2098 = LINE('',#2099,#2100);
#2099 = CARTESIAN_POINT('',(69.3,-19.05,3.));
#2100 = VECTOR('',#2101,1.);
#2101 = DIRECTION('',(0.,1.,0.));
#2102 = ORIENTED_EDGE('',*,*,#1436,.F.);
#2103 = ORIENTED_EDGE('',*,*,#2104,.T.);
#2104 = EDGE_CURVE('',#1082,#2105,#2107,.T.);
#2105 = VERTEX_POINT('',#2106);
#2106 = CARTESIAN_POINT('',(69.3,19.05,0.));
#2107 = LINE('',#2108,#2109);
#2108 = CARTESIAN_POINT('',(69.3,-19.05,0.));
#2109 = VECTOR('',#2110,1.);
#2110 = DIRECTION('',(0.,1.,0.));
#2111 = ORIENTED_EDGE('',*,*,#2112,.F.);
#2112 = EDGE_CURVE('',#1907,#2105,#2113,.T.);
#2113 = LINE('',#2114,#2115);
#2114 = CARTESIAN_POINT('',(69.3,19.05,0.));
#2115 = VECTOR('',#2116,1.);
#2116 = DIRECTION('',(0.,0.,-1.));
#2117 = PLANE('',#2118);
#2118 = AXIS2_PLACEMENT_3D('',#2119,#2120,#2121);
#2119 = CARTESIAN_POINT('',(69.3,-19.05,0.));
#2120 = DIRECTION('',(1.,0.,0.));
#2121 = DIRECTION('',(0.,0.,1.));
#2122 = ADVANCED_FACE('',(#2123),#2141,.T.);
#2123 = FACE_BOUND('',#2124,.T.);
#2124 = EDGE_LOOP('',(#2125,#2126,#2127,#2135));
#2125 = ORIENTED_EDGE('',*,*,#2097,.F.);
#2126 = ORIENTED_EDGE('',*,*,#1467,.T.);
#2127 = ORIENTED_EDGE('',*,*,#2128,.T.);
#2128 = EDGE_CURVE('',#1460,#2129,#2131,.T.);
#2129 = VERTEX_POINT('',#2130);
#2130 = CARTESIAN_POINT('',(72.3,19.05,3.));
#2131 = LINE('',#2132,#2133);
#2132 = CARTESIAN_POINT('',(72.3,-19.05,3.));
#2133 = VECTOR('',#2134,1.);
#2134 = DIRECTION('',(0.,1.,0.));
#2135 = ORIENTED_EDGE('',*,*,#2136,.F.);
#2136 = EDGE_CURVE('',#1907,#2129,#2137,.T.);
#2137 = LINE('',#2138,#2139);
#2138 = CARTESIAN_POINT('',(0.,19.05,3.));
#2139 = VECTOR('',#2140,1.);
#2140 = DIRECTION('',(1.,0.,0.));
#2141 = PLANE('',#2142);
#2142 = AXIS2_PLACEMENT_3D('',#2143,#2144,#2145);
#2143 = CARTESIAN_POINT('',(69.3,-19.05,3.));
#2144 = DIRECTION('',(0.,0.,1.));
#2145 = DIRECTION('',(1.,0.,0.));
#2146 = ADVANCED_FACE('',(#2147),#2163,.T.);
#2147 = FACE_BOUND('',#2148,.T.);
#2148 = EDGE_LOOP('',(#2149,#2155,#2156,#2162));
#2149 = ORIENTED_EDGE('',*,*,#2150,.F.);
#2150 = EDGE_CURVE('',#1668,#1452,#2151,.T.);
#2151 = LINE('',#2152,#2153);
#2152 = CARTESIAN_POINT('',(72.3,0.,0.));
#2153 = VECTOR('',#2154,1.);
#2154 = DIRECTION('',(0.,0.,1.));
#2155 = ORIENTED_EDGE('',*,*,#1675,.T.);
#2156 = ORIENTED_EDGE('',*,*,#2157,.T.);
#2157 = EDGE_CURVE('',#1676,#1460,#2158,.T.);
#2158 = LINE('',#2159,#2160);
#2159 = CARTESIAN_POINT('',(72.3,3.,0.));
#2160 = VECTOR('',#2161,1.);
#2161 = DIRECTION('',(0.,0.,1.));
#2162 = ORIENTED_EDGE('',*,*,#1459,.F.);
#2163 = PLANE('',#2164);
#2164 = AXIS2_PLACEMENT_3D('',#2165,#2166,#2167);
#2165 = CARTESIAN_POINT('',(72.3,0.,0.));
#2166 = DIRECTION('',(1.,0.,0.));
#2167 = DIRECTION('',(0.,0.,1.));
#2168 = ADVANCED_FACE('',(#2169),#2187,.F.);
#2169 = FACE_BOUND('',#2170,.F.);
#2170 = EDGE_LOOP('',(#2171,#2179,#2180,#2181));
#2171 = ORIENTED_EDGE('',*,*,#2172,.F.);
#2172 = EDGE_CURVE('',#1549,#2173,#2175,.T.);
#2173 = VERTEX_POINT('',#2174);
#2174 = CARTESIAN_POINT('',(-11.,36.2,0.));
#2175 = LINE('',#2176,#2177);
#2176 = CARTESIAN_POINT('',(-11.,33.2,0.));
#2177 = VECTOR('',#2178,1.);
#2178 = DIRECTION('',(0.,1.,0.));
#2179 = ORIENTED_EDGE('',*,*,#1548,.T.);
#2180 = ORIENTED_EDGE('',*,*,#1493,.T.);
#2181 = ORIENTED_EDGE('',*,*,#2182,.F.);
#2182 = EDGE_CURVE('',#2173,#1494,#2183,.T.);
#2183 = LINE('',#2184,#2185);
#2184 = CARTESIAN_POINT('',(-11.,36.2,0.));
#2185 = VECTOR('',#2186,1.);
#2186 = DIRECTION('',(1.,0.,0.));
#2187 = PLANE('',#2188);
#2188 = AXIS2_PLACEMENT_3D('',#2189,#2190,#2191);
#2189 = CARTESIAN_POINT('',(-11.,33.2,0.));
#2190 = DIRECTION('',(0.,0.,1.));
#2191 = DIRECTION('',(1.,0.,0.));
#2192 = ADVANCED_FACE('',(#2193),#2209,.T.);
#2193 = FACE_BOUND('',#2194,.T.);
#2194 = EDGE_LOOP('',(#2195,#2196,#2202,#2203));
#2195 = ORIENTED_EDGE('',*,*,#1510,.F.);
#2196 = ORIENTED_EDGE('',*,*,#2197,.F.);
#2197 = EDGE_CURVE('',#1525,#1494,#2198,.T.);
#2198 = LINE('',#2199,#2200);
#2199 = CARTESIAN_POINT('',(-8.,36.2,0.));
#2200 = VECTOR('',#2201,1.);
#2201 = DIRECTION('',(0.,0.,-1.));
#2202 = ORIENTED_EDGE('',*,*,#1534,.T.);
#2203 = ORIENTED_EDGE('',*,*,#2204,.F.);
#2204 = EDGE_CURVE('',#1503,#1224,#2205,.T.);
#2205 = LINE('',#2206,#2207);
#2206 = CARTESIAN_POINT('',(0.,36.2,0.));
#2207 = VECTOR('',#2208,1.);
#2208 = DIRECTION('',(0.,0.,1.));
#2209 = PLANE('',#2210);
#2210 = AXIS2_PLACEMENT_3D('',#2211,#2212,#2213);
#2211 = CARTESIAN_POINT('',(-11.,36.2,0.));
#2212 = DIRECTION('',(0.,1.,0.));
#2213 = DIRECTION('',(0.,0.,1.));
#2214 = ADVANCED_FACE('',(#2215),#2233,.T.);
#2215 = FACE_BOUND('',#2216,.T.);
#2216 = EDGE_LOOP('',(#2217,#2225,#2226,#2227));
#2217 = ORIENTED_EDGE('',*,*,#2218,.F.);
#2218 = EDGE_CURVE('',#1557,#2219,#2221,.T.);
#2219 = VERTEX_POINT('',#2220);
#2220 = CARTESIAN_POINT('',(-11.,36.2,3.));
#2221 = LINE('',#2222,#2223);
#2222 = CARTESIAN_POINT('',(-11.,33.2,3.));
#2223 = VECTOR('',#2224,1.);
#2224 = DIRECTION('',(0.,1.,0.));
#2225 = ORIENTED_EDGE('',*,*,#1564,.T.);
#2226 = ORIENTED_EDGE('',*,*,#1524,.T.);
#2227 = ORIENTED_EDGE('',*,*,#2228,.F.);
#2228 = EDGE_CURVE('',#2219,#1525,#2229,.T.);
#2229 = LINE('',#2230,#2231);
#2230 = CARTESIAN_POINT('',(-11.,36.2,3.));
#2231 = VECTOR('',#2232,1.);
#2232 = DIRECTION('',(1.,0.,0.));
#2233 = PLANE('',#2234);
#2234 = AXIS2_PLACEMENT_3D('',#2235,#2236,#2237);
#2235 = CARTESIAN_POINT('',(-11.,33.2,3.));
#2236 = DIRECTION('',(0.,0.,1.));
#2237 = DIRECTION('',(1.,0.,0.));
#2238 = ADVANCED_FACE('',(#2239),#2250,.F.);
#2239 = FACE_BOUND('',#2240,.F.);
#2240 = EDGE_LOOP('',(#2241,#2242,#2243,#2249));
#2241 = ORIENTED_EDGE('',*,*,#1556,.F.);
#2242 = ORIENTED_EDGE('',*,*,#2172,.T.);
#2243 = ORIENTED_EDGE('',*,*,#2244,.T.);
#2244 = EDGE_CURVE('',#2173,#2219,#2245,.T.);
#2245 = LINE('',#2246,#2247);
#2246 = CARTESIAN_POINT('',(-11.,36.2,0.));
#2247 = VECTOR('',#2248,1.);
#2248 = DIRECTION('',(0.,0.,1.));
#2249 = ORIENTED_EDGE('',*,*,#2218,.F.);
#2250 = PLANE('',#2251);
#2251 = AXIS2_PLACEMENT_3D('',#2252,#2253,#2254);
#2252 = CARTESIAN_POINT('',(-11.,33.2,0.));
#2253 = DIRECTION('',(1.,0.,0.));
#2254 = DIRECTION('',(0.,0.,1.));
#2255 = ADVANCED_FACE('',(#2256),#2281,.F.);
#2256 = FACE_BOUND('',#2257,.F.);
#2257 = EDGE_LOOP('',(#2258,#2266,#2267,#2275));
#2258 = ORIENTED_EDGE('',*,*,#2259,.F.);
#2259 = EDGE_CURVE('',#1503,#2260,#2262,.T.);
#2260 = VERTEX_POINT('',#2261);
#2261 = CARTESIAN_POINT('',(0.,38.1,0.));
#2262 = LINE('',#2263,#2264);
#2263 = CARTESIAN_POINT('',(0.,0.,0.));
#2264 = VECTOR('',#2265,1.);
#2265 = DIRECTION('',(0.,1.,0.));
#2266 = ORIENTED_EDGE('',*,*,#1589,.T.);
#2267 = ORIENTED_EDGE('',*,*,#2268,.T.);
#2268 = EDGE_CURVE('',#1582,#2269,#2271,.T.);
#2269 = VERTEX_POINT('',#2270);
#2270 = CARTESIAN_POINT('',(3.,38.1,0.));
#2271 = LINE('',#2272,#2273);
#2272 = CARTESIAN_POINT('',(3.,0.,0.));
#2273 = VECTOR('',#2274,1.);
#2274 = DIRECTION('',(0.,1.,0.));
#2275 = ORIENTED_EDGE('',*,*,#2276,.F.);
#2276 = EDGE_CURVE('',#2260,#2269,#2277,.T.);
#2277 = LINE('',#2278,#2279);
#2278 = CARTESIAN_POINT('',(0.,38.1,0.));
#2279 = VECTOR('',#2280,1.);
#2280 = DIRECTION('',(1.,0.,0.));
#2281 = PLANE('',#2282);
#2282 = AXIS2_PLACEMENT_3D('',#2283,#2284,#2285);
#2283 = CARTESIAN_POINT('',(0.,0.,0.));
#2284 = DIRECTION('',(0.,0.,1.));
#2285 = DIRECTION('',(1.,0.,0.));
#2286 = ADVANCED_FACE('',(#2287),#2310,.F.);
#2287 = FACE_BOUND('',#2288,.F.);
#2288 = EDGE_LOOP('',(#2289,#2297,#2298,#2304));
#2289 = ORIENTED_EDGE('',*,*,#2290,.F.);
#2290 = EDGE_CURVE('',#1613,#2291,#2293,.T.);
#2291 = VERTEX_POINT('',#2292);
#2292 = CARTESIAN_POINT('',(69.3,22.05,0.));
#2293 = LINE('',#2294,#2295);
#2294 = CARTESIAN_POINT('',(0.,22.05,0.));
#2295 = VECTOR('',#2296,1.);
#2296 = DIRECTION('',(1.,0.,0.));
#2297 = ORIENTED_EDGE('',*,*,#1612,.F.);
#2298 = ORIENTED_EDGE('',*,*,#2299,.T.);
#2299 = EDGE_CURVE('',#1605,#2105,#2300,.T.);
#2300 = LINE('',#2301,#2302);
#2301 = CARTESIAN_POINT('',(0.,19.05,0.));
#2302 = VECTOR('',#2303,1.);
#2303 = DIRECTION('',(1.,0.,0.));
#2304 = ORIENTED_EDGE('',*,*,#2305,.T.);
#2305 = EDGE_CURVE('',#2105,#2291,#2306,.T.);
#2306 = LINE('',#2307,#2308);
#2307 = CARTESIAN_POINT('',(69.3,-19.05,0.));
#2308 = VECTOR('',#2309,1.);
#2309 = DIRECTION('',(0.,1.,0.));
#2310 = PLANE('',#2311);
#2311 = AXIS2_PLACEMENT_3D('',#2312,#2313,#2314);
#2312 = CARTESIAN_POINT('',(0.,19.05,0.));
#2313 = DIRECTION('',(0.,0.,1.));
#2314 = DIRECTION('',(1.,0.,0.));
#2315 = ADVANCED_FACE('',(#2316),#2333,.F.);
#2316 = FACE_BOUND('',#2317,.F.);
#2317 = EDGE_LOOP('',(#2318,#2319,#2326,#2332));
#2318 = ORIENTED_EDGE('',*,*,#2080,.T.);
#2319 = ORIENTED_EDGE('',*,*,#2320,.T.);
#2320 = EDGE_CURVE('',#2073,#1955,#2321,.T.);
#2321 = CIRCLE('',#2322,3.);
#2322 = AXIS2_PLACEMENT_3D('',#2323,#2324,#2325);
#2323 = CARTESIAN_POINT('',(32.7,11.03,0.));
#2324 = DIRECTION('',(0.,0.,1.));
#2325 = DIRECTION('',(1.,0.,0.));
#2326 = ORIENTED_EDGE('',*,*,#2327,.F.);
#2327 = EDGE_CURVE('',#1636,#1955,#2328,.T.);
#2328 = LINE('',#2329,#2330);
#2329 = CARTESIAN_POINT('',(34.2,0.,0.));
#2330 = VECTOR('',#2331,1.);
#2331 = DIRECTION('',(0.,1.,0.));
#2332 = ORIENTED_EDGE('',*,*,#1635,.F.);
#2333 = PLANE('',#2334);
#2334 = AXIS2_PLACEMENT_3D('',#2335,#2336,#2337);
#2335 = CARTESIAN_POINT('',(32.7,11.03,0.));
#2336 = DIRECTION('',(0.,0.,1.));
#2337 = DIRECTION('',(1.,0.,0.));
#2338 = ADVANCED_FACE('',(#2339),#2357,.F.);
#2339 = FACE_BOUND('',#2340,.F.);
#2340 = EDGE_LOOP('',(#2341,#2342,#2343,#2351));
#2341 = ORIENTED_EDGE('',*,*,#2104,.F.);
#2342 = ORIENTED_EDGE('',*,*,#1683,.T.);
#2343 = ORIENTED_EDGE('',*,*,#2344,.T.);
#2344 = EDGE_CURVE('',#1676,#2345,#2347,.T.);
#2345 = VERTEX_POINT('',#2346);
#2346 = CARTESIAN_POINT('',(72.3,19.05,0.));
#2347 = LINE('',#2348,#2349);
#2348 = CARTESIAN_POINT('',(72.3,-19.05,0.));
#2349 = VECTOR('',#2350,1.);
#2350 = DIRECTION('',(0.,1.,0.));
#2351 = ORIENTED_EDGE('',*,*,#2352,.F.);
#2352 = EDGE_CURVE('',#2105,#2345,#2353,.T.);
#2353 = LINE('',#2354,#2355);
#2354 = CARTESIAN_POINT('',(0.,19.05,0.));
#2355 = VECTOR('',#2356,1.);
#2356 = DIRECTION('',(1.,0.,0.));
#2357 = PLANE('',#2358);
#2358 = AXIS2_PLACEMENT_3D('',#2359,#2360,#2361);
#2359 = CARTESIAN_POINT('',(69.3,-19.05,0.));
#2360 = DIRECTION('',(0.,0.,1.));
#2361 = DIRECTION('',(1.,0.,0.));
#2362 = ADVANCED_FACE('',(#2363),#2369,.T.);
#2363 = FACE_BOUND('',#2364,.T.);
#2364 = EDGE_LOOP('',(#2365,#2366,#2367,#2368));
#2365 = ORIENTED_EDGE('',*,*,#1699,.F.);
#2366 = ORIENTED_EDGE('',*,*,#1738,.F.);
#2367 = ORIENTED_EDGE('',*,*,#1716,.T.);
#2368 = ORIENTED_EDGE('',*,*,#2150,.T.);
#2369 = PLANE('',#2370);
#2370 = AXIS2_PLACEMENT_3D('',#2371,#2372,#2373);
#2371 = CARTESIAN_POINT('',(72.3,-19.05,0.));
#2372 = DIRECTION('',(1.,0.,0.));
#2373 = DIRECTION('',(0.,0.,1.));
#2374 = ADVANCED_FACE('',(#2375),#2386,.T.);
#2375 = FACE_BOUND('',#2376,.T.);
#2376 = EDGE_LOOP('',(#2377,#2378,#2384,#2385));
#2377 = ORIENTED_EDGE('',*,*,#1762,.F.);
#2378 = ORIENTED_EDGE('',*,*,#2379,.F.);
#2379 = EDGE_CURVE('',#1779,#1755,#2380,.T.);
#2380 = LINE('',#2381,#2382);
#2381 = CARTESIAN_POINT('',(72.3,-16.05,0.));
#2382 = VECTOR('',#2383,1.);
#2383 = DIRECTION('',(0.,0.,1.));
#2384 = ORIENTED_EDGE('',*,*,#1786,.T.);
#2385 = ORIENTED_EDGE('',*,*,#1731,.T.);
#2386 = PLANE('',#2387);
#2387 = AXIS2_PLACEMENT_3D('',#2388,#2389,#2390);
#2388 = CARTESIAN_POINT('',(72.3,-19.05,0.));
#2389 = DIRECTION('',(1.,0.,0.));
#2390 = DIRECTION('',(0.,0.,1.));
#2391 = ADVANCED_FACE('',(#2392),#2410,.T.);
#2392 = FACE_BOUND('',#2393,.T.);
#2393 = EDGE_LOOP('',(#2394,#2395,#2403,#2409));
#2394 = ORIENTED_EDGE('',*,*,#1818,.F.);
#2395 = ORIENTED_EDGE('',*,*,#2396,.T.);
#2396 = EDGE_CURVE('',#1804,#2397,#2399,.T.);
#2397 = VERTEX_POINT('',#2398);
#2398 = CARTESIAN_POINT('',(72.3,-19.05,3.));
#2399 = LINE('',#2400,#2401);
#2400 = CARTESIAN_POINT('',(69.3,-19.05,3.));
#2401 = VECTOR('',#2402,1.);
#2402 = DIRECTION('',(1.,0.,0.));
#2403 = ORIENTED_EDGE('',*,*,#2404,.T.);
#2404 = EDGE_CURVE('',#2397,#1755,#2405,.T.);
#2405 = LINE('',#2406,#2407);
#2406 = CARTESIAN_POINT('',(72.3,-19.05,3.));
#2407 = VECTOR('',#2408,1.);
#2408 = DIRECTION('',(0.,1.,0.));
#2409 = ORIENTED_EDGE('',*,*,#1754,.F.);
#2410 = PLANE('',#2411);
#2411 = AXIS2_PLACEMENT_3D('',#2412,#2413,#2414);
#2412 = CARTESIAN_POINT('',(69.3,-19.05,3.));
#2413 = DIRECTION('',(0.,0.,1.));
#2414 = DIRECTION('',(1.,0.,0.));
#2415 = ADVANCED_FACE('',(#2416),#2434,.F.);
#2416 = FACE_BOUND('',#2417,.F.);
#2417 = EDGE_LOOP('',(#2418,#2419,#2427,#2433));
#2418 = ORIENTED_EDGE('',*,*,#1811,.F.);
#2419 = ORIENTED_EDGE('',*,*,#2420,.T.);
#2420 = EDGE_CURVE('',#1802,#2421,#2423,.T.);
#2421 = VERTEX_POINT('',#2422);
#2422 = CARTESIAN_POINT('',(72.3,-19.05,0.));
#2423 = LINE('',#2424,#2425);
#2424 = CARTESIAN_POINT('',(69.3,-19.05,0.));
#2425 = VECTOR('',#2426,1.);
#2426 = DIRECTION('',(1.,0.,0.));
#2427 = ORIENTED_EDGE('',*,*,#2428,.T.);
#2428 = EDGE_CURVE('',#2421,#1779,#2429,.T.);
#2429 = LINE('',#2430,#2431);
#2430 = CARTESIAN_POINT('',(72.3,-19.05,0.));
#2431 = VECTOR('',#2432,1.);
#2432 = DIRECTION('',(0.,1.,0.));
#2433 = ORIENTED_EDGE('',*,*,#1778,.F.);
#2434 = PLANE('',#2435);
#2435 = AXIS2_PLACEMENT_3D('',#2436,#2437,#2438);
#2436 = CARTESIAN_POINT('',(69.3,-19.05,0.));
#2437 = DIRECTION('',(0.,0.,1.));
#2438 = DIRECTION('',(1.,0.,0.));
#2439 = ADVANCED_FACE('',(#2440),#2451,.F.);
#2440 = FACE_BOUND('',#2441,.F.);
#2441 = EDGE_LOOP('',(#2442,#2443,#2444,#2445));
#2442 = ORIENTED_EDGE('',*,*,#2420,.F.);
#2443 = ORIENTED_EDGE('',*,*,#1801,.T.);
#2444 = ORIENTED_EDGE('',*,*,#2396,.T.);
#2445 = ORIENTED_EDGE('',*,*,#2446,.F.);
#2446 = EDGE_CURVE('',#2421,#2397,#2447,.T.);
#2447 = LINE('',#2448,#2449);
#2448 = CARTESIAN_POINT('',(72.3,-19.05,0.));
#2449 = VECTOR('',#2450,1.);
#2450 = DIRECTION('',(0.,0.,1.));
#2451 = PLANE('',#2452);
#2452 = AXIS2_PLACEMENT_3D('',#2453,#2454,#2455);
#2453 = CARTESIAN_POINT('',(69.3,-19.05,0.));
#2454 = DIRECTION('',(0.,1.,0.));
#2455 = DIRECTION('',(0.,0.,1.));
#2456 = ADVANCED_FACE('',(#2457),#2468,.F.);
#2457 = FACE_BOUND('',#2458,.F.);
#2458 = EDGE_LOOP('',(#2459,#2460,#2461,#2467));
#2459 = ORIENTED_EDGE('',*,*,#2204,.F.);
#2460 = ORIENTED_EDGE('',*,*,#2259,.T.);
#2461 = ORIENTED_EDGE('',*,*,#2462,.T.);
#2462 = EDGE_CURVE('',#2260,#1833,#2463,.T.);
#2463 = LINE('',#2464,#2465);
#2464 = CARTESIAN_POINT('',(0.,38.1,0.));
#2465 = VECTOR('',#2466,1.);
#2466 = DIRECTION('',(0.,0.,1.));
#2467 = ORIENTED_EDGE('',*,*,#1832,.F.);
#2468 = PLANE('',#2469);
#2469 = AXIS2_PLACEMENT_3D('',#2470,#2471,#2472);
#2470 = CARTESIAN_POINT('',(0.,0.,0.));
#2471 = DIRECTION('',(1.,0.,0.));
#2472 = DIRECTION('',(0.,0.,1.));
#2473 = ADVANCED_FACE('',(#2474),#2499,.T.);
#2474 = FACE_BOUND('',#2475,.T.);
#2475 = EDGE_LOOP('',(#2476,#2484,#2485,#2493));
#2476 = ORIENTED_EDGE('',*,*,#2477,.F.);
#2477 = EDGE_CURVE('',#1833,#2478,#2480,.T.);
#2478 = VERTEX_POINT('',#2479);
#2479 = CARTESIAN_POINT('',(0.,41.1,3.));
#2480 = LINE('',#2481,#2482);
#2481 = CARTESIAN_POINT('',(0.,38.1,3.));
#2482 = VECTOR('',#2483,1.);
#2483 = DIRECTION('',(0.,1.,0.));
#2484 = ORIENTED_EDGE('',*,*,#1849,.T.);
#2485 = ORIENTED_EDGE('',*,*,#2486,.T.);
#2486 = EDGE_CURVE('',#1842,#2487,#2489,.T.);
#2487 = VERTEX_POINT('',#2488);
#2488 = CARTESIAN_POINT('',(3.,41.1,3.));
#2489 = LINE('',#2490,#2491);
#2490 = CARTESIAN_POINT('',(3.,0.,3.));
#2491 = VECTOR('',#2492,1.);
#2492 = DIRECTION('',(0.,1.,0.));
#2493 = ORIENTED_EDGE('',*,*,#2494,.F.);
#2494 = EDGE_CURVE('',#2478,#2487,#2495,.T.);
#2495 = LINE('',#2496,#2497);
#2496 = CARTESIAN_POINT('',(0.,41.1,3.));
#2497 = VECTOR('',#2498,1.);
#2498 = DIRECTION('',(1.,0.,0.));
#2499 = PLANE('',#2500);
#2500 = AXIS2_PLACEMENT_3D('',#2501,#2502,#2503);
#2501 = CARTESIAN_POINT('',(0.,0.,3.));
#2502 = DIRECTION('',(0.,0.,1.));
#2503 = DIRECTION('',(1.,0.,0.));
#2504 = ADVANCED_FACE('',(#2505),#2516,.T.);
#2505 = FACE_BOUND('',#2506,.T.);
#2506 = EDGE_LOOP('',(#2507,#2508,#2509,#2510));
#2507 = ORIENTED_EDGE('',*,*,#1841,.F.);
#2508 = ORIENTED_EDGE('',*,*,#1865,.F.);
#2509 = ORIENTED_EDGE('',*,*,#2268,.T.);
#2510 = ORIENTED_EDGE('',*,*,#2511,.T.);
#2511 = EDGE_CURVE('',#2269,#1842,#2512,.T.);
#2512 = LINE('',#2513,#2514);
#2513 = CARTESIAN_POINT('',(3.,38.1,0.));
#2514 = VECTOR('',#2515,1.);
#2515 = DIRECTION('',(0.,0.,1.));
#2516 = PLANE('',#2517);
#2517 = AXIS2_PLACEMENT_3D('',#2518,#2519,#2520);
#2518 = CARTESIAN_POINT('',(3.,0.,0.));
#2519 = DIRECTION('',(1.,0.,0.));
#2520 = DIRECTION('',(0.,0.,1.));
#2521 = ADVANCED_FACE('',(#2522),#2533,.T.);
#2522 = FACE_BOUND('',#2523,.T.);
#2523 = EDGE_LOOP('',(#2524,#2525,#2526,#2527));
#2524 = ORIENTED_EDGE('',*,*,#2290,.F.);
#2525 = ORIENTED_EDGE('',*,*,#1883,.T.);
#2526 = ORIENTED_EDGE('',*,*,#1897,.T.);
#2527 = ORIENTED_EDGE('',*,*,#2528,.F.);
#2528 = EDGE_CURVE('',#2291,#1898,#2529,.T.);
#2529 = LINE('',#2530,#2531);
#2530 = CARTESIAN_POINT('',(69.3,22.05,0.));
#2531 = VECTOR('',#2532,1.);
#2532 = DIRECTION('',(0.,0.,1.));
#2533 = PLANE('',#2534);
#2534 = AXIS2_PLACEMENT_3D('',#2535,#2536,#2537);
#2535 = CARTESIAN_POINT('',(0.,22.05,0.));
#2536 = DIRECTION('',(0.,1.,0.));
#2537 = DIRECTION('',(0.,0.,1.));
#2538 = ADVANCED_FACE('',(#2539),#2557,.T.);
#2539 = FACE_BOUND('',#2540,.T.);
#2540 = EDGE_LOOP('',(#2541,#2549,#2550,#2551));
#2541 = ORIENTED_EDGE('',*,*,#2542,.F.);
#2542 = EDGE_CURVE('',#1898,#2543,#2545,.T.);
#2543 = VERTEX_POINT('',#2544);
#2544 = CARTESIAN_POINT('',(72.3,22.05,3.));
#2545 = LINE('',#2546,#2547);
#2546 = CARTESIAN_POINT('',(69.3,22.05,3.));
#2547 = VECTOR('',#2548,1.);
#2548 = DIRECTION('',(1.,0.,0.));
#2549 = ORIENTED_EDGE('',*,*,#1914,.F.);
#2550 = ORIENTED_EDGE('',*,*,#2136,.T.);
#2551 = ORIENTED_EDGE('',*,*,#2552,.T.);
#2552 = EDGE_CURVE('',#2129,#2543,#2553,.T.);
#2553 = LINE('',#2554,#2555);
#2554 = CARTESIAN_POINT('',(72.3,-19.05,3.));
#2555 = VECTOR('',#2556,1.);
#2556 = DIRECTION('',(0.,1.,0.));
#2557 = PLANE('',#2558);
#2558 = AXIS2_PLACEMENT_3D('',#2559,#2560,#2561);
#2559 = CARTESIAN_POINT('',(0.,19.05,3.));
#2560 = DIRECTION('',(0.,0.,1.));
#2561 = DIRECTION('',(1.,0.,0.));
#2562 = ADVANCED_FACE('',(#2563),#2574,.F.);
#2563 = FACE_BOUND('',#2564,.F.);
#2564 = EDGE_LOOP('',(#2565,#2566,#2567,#2573));
#2565 = ORIENTED_EDGE('',*,*,#2112,.T.);
#2566 = ORIENTED_EDGE('',*,*,#2299,.F.);
#2567 = ORIENTED_EDGE('',*,*,#2568,.T.);
#2568 = EDGE_CURVE('',#1605,#1295,#2569,.T.);
#2569 = LINE('',#2570,#2571);
#2570 = CARTESIAN_POINT('',(34.2,19.05,0.));
#2571 = VECTOR('',#2572,1.);
#2572 = DIRECTION('',(0.,0.,1.));
#2573 = ORIENTED_EDGE('',*,*,#1906,.T.);
#2574 = PLANE('',#2575);
#2575 = AXIS2_PLACEMENT_3D('',#2576,#2577,#2578);
#2576 = CARTESIAN_POINT('',(0.,19.05,0.));
#2577 = DIRECTION('',(0.,1.,0.));
#2578 = DIRECTION('',(0.,0.,1.));
#2579 = ADVANCED_FACE('',(#2580),#2591,.T.);
#2580 = FACE_BOUND('',#2581,.T.);
#2581 = EDGE_LOOP('',(#2582,#2583,#2589,#2590));
#2582 = ORIENTED_EDGE('',*,*,#1938,.F.);
#2583 = ORIENTED_EDGE('',*,*,#2584,.T.);
#2584 = EDGE_CURVE('',#1930,#1955,#2585,.T.);
#2585 = LINE('',#2586,#2587);
#2586 = CARTESIAN_POINT('',(34.2,13.628076211353,0.));
#2587 = VECTOR('',#2588,1.);
#2588 = DIRECTION('',(-0.,-0.,-1.));
#2589 = ORIENTED_EDGE('',*,*,#1963,.T.);
#2590 = ORIENTED_EDGE('',*,*,#2568,.T.);
#2591 = PLANE('',#2592);
#2592 = AXIS2_PLACEMENT_3D('',#2593,#2594,#2595);
#2593 = CARTESIAN_POINT('',(34.2,0.,0.));
#2594 = DIRECTION('',(1.,0.,0.));
#2595 = DIRECTION('',(0.,0.,1.));
#2596 = ADVANCED_FACE('',(#2597),#2603,.T.);
#2597 = FACE_BOUND('',#2598,.T.);
#2598 = EDGE_LOOP('',(#2599,#2600,#2601,#2602));
#2599 = ORIENTED_EDGE('',*,*,#2023,.F.);
#2600 = ORIENTED_EDGE('',*,*,#2057,.T.);
#2601 = ORIENTED_EDGE('',*,*,#1929,.T.);
#2602 = ORIENTED_EDGE('',*,*,#1995,.F.);
#2603 = PLANE('',#2604);
#2604 = AXIS2_PLACEMENT_3D('',#2605,#2606,#2607);
#2605 = CARTESIAN_POINT('',(32.7,11.03,3.));
#2606 = DIRECTION('',(0.,0.,1.));
#2607 = DIRECTION('',(1.,0.,0.));
#2608 = ADVANCED_FACE('',(#2609),#2615,.F.);
#2609 = FACE_BOUND('',#2610,.F.);
#2610 = EDGE_LOOP('',(#2611,#2612,#2613,#2614));
#2611 = ORIENTED_EDGE('',*,*,#2010,.F.);
#2612 = ORIENTED_EDGE('',*,*,#2327,.T.);
#2613 = ORIENTED_EDGE('',*,*,#1954,.T.);
#2614 = ORIENTED_EDGE('',*,*,#1979,.F.);
#2615 = PLANE('',#2616);
#2616 = AXIS2_PLACEMENT_3D('',#2617,#2618,#2619);
#2617 = CARTESIAN_POINT('',(32.7,11.03,0.));
#2618 = DIRECTION('',(0.,0.,1.));
#2619 = DIRECTION('',(1.,0.,0.));
#2620 = ADVANCED_FACE('',(#2621),#2627,.T.);
#2621 = FACE_BOUND('',#2622,.F.);
#2622 = EDGE_LOOP('',(#2623,#2624,#2625,#2626));
#2623 = ORIENTED_EDGE('',*,*,#2320,.F.);
#2624 = ORIENTED_EDGE('',*,*,#2072,.T.);
#2625 = ORIENTED_EDGE('',*,*,#2050,.T.);
#2626 = ORIENTED_EDGE('',*,*,#2584,.T.);
#2627 = CYLINDRICAL_SURFACE('',#2628,3.);
#2628 = AXIS2_PLACEMENT_3D('',#2629,#2630,#2631);
#2629 = CARTESIAN_POINT('',(32.7,11.03,0.));
#2630 = DIRECTION('',(-0.,-0.,-1.));
#2631 = DIRECTION('',(1.,0.,0.));
#2632 = ADVANCED_FACE('',(#2633),#2644,.T.);
#2633 = FACE_BOUND('',#2634,.T.);
#2634 = EDGE_LOOP('',(#2635,#2636,#2637,#2638));
#2635 = ORIENTED_EDGE('',*,*,#2128,.F.);
#2636 = ORIENTED_EDGE('',*,*,#2157,.F.);
#2637 = ORIENTED_EDGE('',*,*,#2344,.T.);
#2638 = ORIENTED_EDGE('',*,*,#2639,.F.);
#2639 = EDGE_CURVE('',#2129,#2345,#2640,.T.);
#2640 = LINE('',#2641,#2642);
#2641 = CARTESIAN_POINT('',(72.3,19.05,0.));
#2642 = VECTOR('',#2643,1.);
#2643 = DIRECTION('',(0.,0.,-1.));
#2644 = PLANE('',#2645);
#2645 = AXIS2_PLACEMENT_3D('',#2646,#2647,#2648);
#2646 = CARTESIAN_POINT('',(72.3,-19.05,0.));
#2647 = DIRECTION('',(1.,0.,0.));
#2648 = DIRECTION('',(0.,0.,1.));
#2649 = ADVANCED_FACE('',(#2650),#2675,.F.);
#2650 = FACE_BOUND('',#2651,.F.);
#2651 = EDGE_LOOP('',(#2652,#2660,#2661,#2669));
#2652 = ORIENTED_EDGE('',*,*,#2653,.F.);
#2653 = EDGE_CURVE('',#2173,#2654,#2656,.T.);
#2654 = VERTEX_POINT('',#2655);
#2655 = CARTESIAN_POINT('',(-11.,76.2,0.));
#2656 = LINE('',#2657,#2658);
#2657 = CARTESIAN_POINT('',(-11.,33.2,0.));
#2658 = VECTOR('',#2659,1.);
#2659 = DIRECTION('',(0.,1.,0.));
#2660 = ORIENTED_EDGE('',*,*,#2182,.T.);
#2661 = ORIENTED_EDGE('',*,*,#2662,.T.);
#2662 = EDGE_CURVE('',#1494,#2663,#2665,.T.);
#2663 = VERTEX_POINT('',#2664);
#2664 = CARTESIAN_POINT('',(-8.,76.2,0.));
#2665 = LINE('',#2666,#2667);
#2666 = CARTESIAN_POINT('',(-8.,33.2,0.));
#2667 = VECTOR('',#2668,1.);
#2668 = DIRECTION('',(0.,1.,0.));
#2669 = ORIENTED_EDGE('',*,*,#2670,.F.);
#2670 = EDGE_CURVE('',#2654,#2663,#2671,.T.);
#2671 = LINE('',#2672,#2673);
#2672 = CARTESIAN_POINT('',(-11.,76.2,0.));
#2673 = VECTOR('',#2674,1.);
#2674 = DIRECTION('',(1.,0.,0.));
#2675 = PLANE('',#2676);
#2676 = AXIS2_PLACEMENT_3D('',#2677,#2678,#2679);
#2677 = CARTESIAN_POINT('',(-11.,33.2,0.));
#2678 = DIRECTION('',(0.,0.,1.));
#2679 = DIRECTION('',(1.,0.,0.));
#2680 = ADVANCED_FACE('',(#2681),#2699,.T.);
#2681 = FACE_BOUND('',#2682,.T.);
#2682 = EDGE_LOOP('',(#2683,#2691,#2692,#2693));
#2683 = ORIENTED_EDGE('',*,*,#2684,.F.);
#2684 = EDGE_CURVE('',#1525,#2685,#2687,.T.);
#2685 = VERTEX_POINT('',#2686);
#2686 = CARTESIAN_POINT('',(-8.,76.2,3.));
#2687 = LINE('',#2688,#2689);
#2688 = CARTESIAN_POINT('',(-8.,33.2,3.));
#2689 = VECTOR('',#2690,1.);
#2690 = DIRECTION('',(0.,1.,0.));
#2691 = ORIENTED_EDGE('',*,*,#2197,.T.);
#2692 = ORIENTED_EDGE('',*,*,#2662,.T.);
#2693 = ORIENTED_EDGE('',*,*,#2694,.F.);
#2694 = EDGE_CURVE('',#2685,#2663,#2695,.T.);
#2695 = LINE('',#2696,#2697);
#2696 = CARTESIAN_POINT('',(-8.,76.2,0.));
#2697 = VECTOR('',#2698,1.);
#2698 = DIRECTION('',(0.,0.,-1.));
#2699 = PLANE('',#2700);
#2700 = AXIS2_PLACEMENT_3D('',#2701,#2702,#2703);
#2701 = CARTESIAN_POINT('',(-8.,33.2,0.));
#2702 = DIRECTION('',(1.,0.,0.));
#2703 = DIRECTION('',(0.,0.,1.));
#2704 = ADVANCED_FACE('',(#2705),#2723,.T.);
#2705 = FACE_BOUND('',#2706,.T.);
#2706 = EDGE_LOOP('',(#2707,#2715,#2716,#2717));
#2707 = ORIENTED_EDGE('',*,*,#2708,.F.);
#2708 = EDGE_CURVE('',#2219,#2709,#2711,.T.);
#2709 = VERTEX_POINT('',#2710);
#2710 = CARTESIAN_POINT('',(-11.,76.2,3.));
#2711 = LINE('',#2712,#2713);
#2712 = CARTESIAN_POINT('',(-11.,33.2,3.));
#2713 = VECTOR('',#2714,1.);
#2714 = DIRECTION('',(0.,1.,0.));
#2715 = ORIENTED_EDGE('',*,*,#2228,.T.);
#2716 = ORIENTED_EDGE('',*,*,#2684,.T.);
#2717 = ORIENTED_EDGE('',*,*,#2718,.F.);
#2718 = EDGE_CURVE('',#2709,#2685,#2719,.T.);
#2719 = LINE('',#2720,#2721);
#2720 = CARTESIAN_POINT('',(-11.,76.2,3.));
#2721 = VECTOR('',#2722,1.);
#2722 = DIRECTION('',(1.,0.,0.));
#2723 = PLANE('',#2724);
#2724 = AXIS2_PLACEMENT_3D('',#2725,#2726,#2727);
#2725 = CARTESIAN_POINT('',(-11.,33.2,3.));
#2726 = DIRECTION('',(0.,0.,1.));
#2727 = DIRECTION('',(1.,0.,0.));
#2728 = ADVANCED_FACE('',(#2729),#2740,.F.);
#2729 = FACE_BOUND('',#2730,.F.);
#2730 = EDGE_LOOP('',(#2731,#2732,#2733,#2739));
#2731 = ORIENTED_EDGE('',*,*,#2244,.F.);
#2732 = ORIENTED_EDGE('',*,*,#2653,.T.);
#2733 = ORIENTED_EDGE('',*,*,#2734,.T.);
#2734 = EDGE_CURVE('',#2654,#2709,#2735,.T.);
#2735 = LINE('',#2736,#2737);
#2736 = CARTESIAN_POINT('',(-11.,76.2,0.));
#2737 = VECTOR('',#2738,1.);
#2738 = DIRECTION('',(0.,0.,1.));
#2739 = ORIENTED_EDGE('',*,*,#2708,.F.);
#2740 = PLANE('',#2741);
#2741 = AXIS2_PLACEMENT_3D('',#2742,#2743,#2744);
#2742 = CARTESIAN_POINT('',(-11.,33.2,0.));
#2743 = DIRECTION('',(1.,0.,0.));
#2744 = DIRECTION('',(0.,0.,1.));
#2745 = ADVANCED_FACE('',(#2746),#2771,.F.);
#2746 = FACE_BOUND('',#2747,.F.);
#2747 = EDGE_LOOP('',(#2748,#2756,#2757,#2765));
#2748 = ORIENTED_EDGE('',*,*,#2749,.F.);
#2749 = EDGE_CURVE('',#2260,#2750,#2752,.T.);
#2750 = VERTEX_POINT('',#2751);
#2751 = CARTESIAN_POINT('',(0.,41.1,0.));
#2752 = LINE('',#2753,#2754);
#2753 = CARTESIAN_POINT('',(0.,38.1,0.));
#2754 = VECTOR('',#2755,1.);
#2755 = DIRECTION('',(0.,1.,0.));
#2756 = ORIENTED_EDGE('',*,*,#2276,.T.);
#2757 = ORIENTED_EDGE('',*,*,#2758,.T.);
#2758 = EDGE_CURVE('',#2269,#2759,#2761,.T.);
#2759 = VERTEX_POINT('',#2760);
#2760 = CARTESIAN_POINT('',(3.,41.1,0.));
#2761 = LINE('',#2762,#2763);
#2762 = CARTESIAN_POINT('',(3.,0.,0.));
#2763 = VECTOR('',#2764,1.);
#2764 = DIRECTION('',(0.,1.,0.));
#2765 = ORIENTED_EDGE('',*,*,#2766,.F.);
#2766 = EDGE_CURVE('',#2750,#2759,#2767,.T.);
#2767 = LINE('',#2768,#2769);
#2768 = CARTESIAN_POINT('',(0.,41.1,0.));
#2769 = VECTOR('',#2770,1.);
#2770 = DIRECTION('',(1.,0.,0.));
#2771 = PLANE('',#2772);
#2772 = AXIS2_PLACEMENT_3D('',#2773,#2774,#2775);
#2773 = CARTESIAN_POINT('',(0.,0.,0.));
#2774 = DIRECTION('',(0.,0.,1.));
#2775 = DIRECTION('',(1.,0.,0.));
#2776 = ADVANCED_FACE('',(#2777),#2795,.F.);
#2777 = FACE_BOUND('',#2778,.F.);
#2778 = EDGE_LOOP('',(#2779,#2787,#2788,#2789));
#2779 = ORIENTED_EDGE('',*,*,#2780,.F.);
#2780 = EDGE_CURVE('',#2291,#2781,#2783,.T.);
#2781 = VERTEX_POINT('',#2782);
#2782 = CARTESIAN_POINT('',(72.3,22.05,0.));
#2783 = LINE('',#2784,#2785);
#2784 = CARTESIAN_POINT('',(69.3,22.05,0.));
#2785 = VECTOR('',#2786,1.);
#2786 = DIRECTION('',(1.,0.,0.));
#2787 = ORIENTED_EDGE('',*,*,#2305,.F.);
#2788 = ORIENTED_EDGE('',*,*,#2352,.T.);
#2789 = ORIENTED_EDGE('',*,*,#2790,.T.);
#2790 = EDGE_CURVE('',#2345,#2781,#2791,.T.);
#2791 = LINE('',#2792,#2793);
#2792 = CARTESIAN_POINT('',(72.3,-19.05,0.));
#2793 = VECTOR('',#2794,1.);
#2794 = DIRECTION('',(0.,1.,0.));
#2795 = PLANE('',#2796);
#2796 = AXIS2_PLACEMENT_3D('',#2797,#2798,#2799);
#2797 = CARTESIAN_POINT('',(0.,19.05,0.));
#2798 = DIRECTION('',(0.,0.,1.));
#2799 = DIRECTION('',(1.,0.,0.));
#2800 = ADVANCED_FACE('',(#2801),#2826,.T.);
#2801 = FACE_BOUND('',#2802,.T.);
#2802 = EDGE_LOOP('',(#2803,#2811,#2812,#2820));
#2803 = ORIENTED_EDGE('',*,*,#2804,.F.);
#2804 = EDGE_CURVE('',#1779,#2805,#2807,.T.);
#2805 = VERTEX_POINT('',#2806);
#2806 = CARTESIAN_POINT('',(221.7,-16.05,0.));
#2807 = LINE('',#2808,#2809);
#2808 = CARTESIAN_POINT('',(69.3,-16.05,0.));
#2809 = VECTOR('',#2810,1.);
#2810 = DIRECTION('',(1.,0.,0.));
#2811 = ORIENTED_EDGE('',*,*,#2379,.T.);
#2812 = ORIENTED_EDGE('',*,*,#2813,.T.);
#2813 = EDGE_CURVE('',#1755,#2814,#2816,.T.);
#2814 = VERTEX_POINT('',#2815);
#2815 = CARTESIAN_POINT('',(221.7,-16.05,3.));
#2816 = LINE('',#2817,#2818);
#2817 = CARTESIAN_POINT('',(69.3,-16.05,3.));
#2818 = VECTOR('',#2819,1.);
#2819 = DIRECTION('',(1.,0.,0.));
#2820 = ORIENTED_EDGE('',*,*,#2821,.F.);
#2821 = EDGE_CURVE('',#2805,#2814,#2822,.T.);
#2822 = LINE('',#2823,#2824);
#2823 = CARTESIAN_POINT('',(221.7,-16.05,0.));
#2824 = VECTOR('',#2825,1.);
#2825 = DIRECTION('',(0.,0.,1.));
#2826 = PLANE('',#2827);
#2827 = AXIS2_PLACEMENT_3D('',#2828,#2829,#2830);
#2828 = CARTESIAN_POINT('',(69.3,-16.05,0.));
#2829 = DIRECTION('',(0.,1.,0.));
#2830 = DIRECTION('',(0.,0.,1.));
#2831 = ADVANCED_FACE('',(#2832),#2850,.T.);
#2832 = FACE_BOUND('',#2833,.T.);
#2833 = EDGE_LOOP('',(#2834,#2835,#2843,#2849));
#2834 = ORIENTED_EDGE('',*,*,#2404,.F.);
#2835 = ORIENTED_EDGE('',*,*,#2836,.T.);
#2836 = EDGE_CURVE('',#2397,#2837,#2839,.T.);
#2837 = VERTEX_POINT('',#2838);
#2838 = CARTESIAN_POINT('',(221.7,-19.05,3.));
#2839 = LINE('',#2840,#2841);
#2840 = CARTESIAN_POINT('',(69.3,-19.05,3.));
#2841 = VECTOR('',#2842,1.);
#2842 = DIRECTION('',(1.,0.,0.));
#2843 = ORIENTED_EDGE('',*,*,#2844,.T.);
#2844 = EDGE_CURVE('',#2837,#2814,#2845,.T.);
#2845 = LINE('',#2846,#2847);
#2846 = CARTESIAN_POINT('',(221.7,-19.05,3.));
#2847 = VECTOR('',#2848,1.);
#2848 = DIRECTION('',(0.,1.,0.));
#2849 = ORIENTED_EDGE('',*,*,#2813,.F.);
#2850 = PLANE('',#2851);
#2851 = AXIS2_PLACEMENT_3D('',#2852,#2853,#2854);
#2852 = CARTESIAN_POINT('',(69.3,-19.05,3.));
#2853 = DIRECTION('',(0.,0.,1.));
#2854 = DIRECTION('',(1.,0.,0.));
#2855 = ADVANCED_FACE('',(#2856),#2874,.F.);
#2856 = FACE_BOUND('',#2857,.F.);
#2857 = EDGE_LOOP('',(#2858,#2859,#2867,#2873));
#2858 = ORIENTED_EDGE('',*,*,#2428,.F.);
#2859 = ORIENTED_EDGE('',*,*,#2860,.T.);
#2860 = EDGE_CURVE('',#2421,#2861,#2863,.T.);
#2861 = VERTEX_POINT('',#2862);
#2862 = CARTESIAN_POINT('',(221.7,-19.05,0.));
#2863 = LINE('',#2864,#2865);
#2864 = CARTESIAN_POINT('',(69.3,-19.05,0.));
#2865 = VECTOR('',#2866,1.);
#2866 = DIRECTION('',(1.,0.,0.));
#2867 = ORIENTED_EDGE('',*,*,#2868,.T.);
#2868 = EDGE_CURVE('',#2861,#2805,#2869,.T.);
#2869 = LINE('',#2870,#2871);
#2870 = CARTESIAN_POINT('',(221.7,-19.05,0.));
#2871 = VECTOR('',#2872,1.);
#2872 = DIRECTION('',(0.,1.,0.));
#2873 = ORIENTED_EDGE('',*,*,#2804,.F.);
#2874 = PLANE('',#2875);
#2875 = AXIS2_PLACEMENT_3D('',#2876,#2877,#2878);
#2876 = CARTESIAN_POINT('',(69.3,-19.05,0.));
#2877 = DIRECTION('',(0.,0.,1.));
#2878 = DIRECTION('',(1.,0.,0.));
#2879 = ADVANCED_FACE('',(#2880),#2891,.F.);
#2880 = FACE_BOUND('',#2881,.F.);
#2881 = EDGE_LOOP('',(#2882,#2883,#2884,#2885));
#2882 = ORIENTED_EDGE('',*,*,#2860,.F.);
#2883 = ORIENTED_EDGE('',*,*,#2446,.T.);
#2884 = ORIENTED_EDGE('',*,*,#2836,.T.);
#2885 = ORIENTED_EDGE('',*,*,#2886,.F.);
#2886 = EDGE_CURVE('',#2861,#2837,#2887,.T.);
#2887 = LINE('',#2888,#2889);
#2888 = CARTESIAN_POINT('',(221.7,-19.05,0.));
#2889 = VECTOR('',#2890,1.);
#2890 = DIRECTION('',(0.,0.,1.));
#2891 = PLANE('',#2892);
#2892 = AXIS2_PLACEMENT_3D('',#2893,#2894,#2895);
#2893 = CARTESIAN_POINT('',(69.3,-19.05,0.));
#2894 = DIRECTION('',(0.,1.,0.));
#2895 = DIRECTION('',(0.,0.,1.));
#2896 = ADVANCED_FACE('',(#2897),#2908,.F.);
#2897 = FACE_BOUND('',#2898,.F.);
#2898 = EDGE_LOOP('',(#2899,#2900,#2901,#2907));
#2899 = ORIENTED_EDGE('',*,*,#2462,.F.);
#2900 = ORIENTED_EDGE('',*,*,#2749,.T.);
#2901 = ORIENTED_EDGE('',*,*,#2902,.T.);
#2902 = EDGE_CURVE('',#2750,#2478,#2903,.T.);
#2903 = LINE('',#2904,#2905);
#2904 = CARTESIAN_POINT('',(0.,41.1,0.));
#2905 = VECTOR('',#2906,1.);
#2906 = DIRECTION('',(0.,0.,1.));
#2907 = ORIENTED_EDGE('',*,*,#2477,.F.);
#2908 = PLANE('',#2909);
#2909 = AXIS2_PLACEMENT_3D('',#2910,#2911,#2912);
#2910 = CARTESIAN_POINT('',(0.,38.1,0.));
#2911 = DIRECTION('',(1.,0.,0.));
#2912 = DIRECTION('',(0.,0.,1.));
#2913 = ADVANCED_FACE('',(#2914),#2939,.T.);
#2914 = FACE_BOUND('',#2915,.T.);
#2915 = EDGE_LOOP('',(#2916,#2924,#2925,#2933));
#2916 = ORIENTED_EDGE('',*,*,#2917,.F.);
#2917 = EDGE_CURVE('',#2478,#2918,#2920,.T.);
#2918 = VERTEX_POINT('',#2919);
#2919 = CARTESIAN_POINT('',(0.,57.15,3.));
#2920 = LINE('',#2921,#2922);
#2921 = CARTESIAN_POINT('',(0.,0.,3.));
#2922 = VECTOR('',#2923,1.);
#2923 = DIRECTION('',(0.,1.,0.));
#2924 = ORIENTED_EDGE('',*,*,#2494,.T.);
#2925 = ORIENTED_EDGE('',*,*,#2926,.T.);
#2926 = EDGE_CURVE('',#2487,#2927,#2929,.T.);
#2927 = VERTEX_POINT('',#2928);
#2928 = CARTESIAN_POINT('',(3.,57.15,3.));
#2929 = LINE('',#2930,#2931);
#2930 = CARTESIAN_POINT('',(3.,0.,3.));
#2931 = VECTOR('',#2932,1.);
#2932 = DIRECTION('',(0.,1.,0.));
#2933 = ORIENTED_EDGE('',*,*,#2934,.F.);
#2934 = EDGE_CURVE('',#2918,#2927,#2935,.T.);
#2935 = LINE('',#2936,#2937);
#2936 = CARTESIAN_POINT('',(0.,57.15,3.));
#2937 = VECTOR('',#2938,1.);
#2938 = DIRECTION('',(1.,0.,0.));
#2939 = PLANE('',#2940);
#2940 = AXIS2_PLACEMENT_3D('',#2941,#2942,#2943);
#2941 = CARTESIAN_POINT('',(0.,0.,3.));
#2942 = DIRECTION('',(0.,0.,1.));
#2943 = DIRECTION('',(1.,0.,0.));
#2944 = ADVANCED_FACE('',(#2945),#2970,.T.);
#2945 = FACE_BOUND('',#2946,.T.);
#2946 = EDGE_LOOP('',(#2947,#2955,#2956,#2964));
#2947 = ORIENTED_EDGE('',*,*,#2948,.F.);
#2948 = EDGE_CURVE('',#2487,#2949,#2951,.T.);
#2949 = VERTEX_POINT('',#2950);
#2950 = CARTESIAN_POINT('',(74.06,41.1,3.));
#2951 = LINE('',#2952,#2953);
#2952 = CARTESIAN_POINT('',(0.,41.1,3.));
#2953 = VECTOR('',#2954,1.);
#2954 = DIRECTION('',(1.,0.,0.));
#2955 = ORIENTED_EDGE('',*,*,#2486,.F.);
#2956 = ORIENTED_EDGE('',*,*,#2957,.T.);
#2957 = EDGE_CURVE('',#1842,#2958,#2960,.T.);
#2958 = VERTEX_POINT('',#2959);
#2959 = CARTESIAN_POINT('',(74.06,38.1,3.));
#2960 = LINE('',#2961,#2962);
#2961 = CARTESIAN_POINT('',(0.,38.1,3.));
#2962 = VECTOR('',#2963,1.);
#2963 = DIRECTION('',(1.,0.,0.));
#2964 = ORIENTED_EDGE('',*,*,#2965,.T.);
#2965 = EDGE_CURVE('',#2958,#2949,#2966,.T.);
#2966 = LINE('',#2967,#2968);
#2967 = CARTESIAN_POINT('',(74.06,38.1,3.));
#2968 = VECTOR('',#2969,1.);
#2969 = DIRECTION('',(0.,1.,0.));
#2970 = PLANE('',#2971);
#2971 = AXIS2_PLACEMENT_3D('',#2972,#2973,#2974);
#2972 = CARTESIAN_POINT('',(0.,38.1,3.));
#2973 = DIRECTION('',(0.,0.,1.));
#2974 = DIRECTION('',(1.,0.,0.));
#2975 = ADVANCED_FACE('',(#2976),#2994,.F.);
#2976 = FACE_BOUND('',#2977,.F.);
#2977 = EDGE_LOOP('',(#2978,#2986,#2992,#2993));
#2978 = ORIENTED_EDGE('',*,*,#2979,.F.);
#2979 = EDGE_CURVE('',#2980,#2958,#2982,.T.);
#2980 = VERTEX_POINT('',#2981);
#2981 = CARTESIAN_POINT('',(74.06,38.1,0.));
#2982 = LINE('',#2983,#2984);
#2983 = CARTESIAN_POINT('',(74.06,38.1,0.));
#2984 = VECTOR('',#2985,1.);
#2985 = DIRECTION('',(0.,0.,1.));
#2986 = ORIENTED_EDGE('',*,*,#2987,.F.);
#2987 = EDGE_CURVE('',#2269,#2980,#2988,.T.);
#2988 = LINE('',#2989,#2990);
#2989 = CARTESIAN_POINT('',(0.,38.1,0.));
#2990 = VECTOR('',#2991,1.);
#2991 = DIRECTION('',(1.,0.,0.));
#2992 = ORIENTED_EDGE('',*,*,#2511,.T.);
#2993 = ORIENTED_EDGE('',*,*,#2957,.T.);
#2994 = PLANE('',#2995);
#2995 = AXIS2_PLACEMENT_3D('',#2996,#2997,#2998);
#2996 = CARTESIAN_POINT('',(0.,38.1,0.));
#2997 = DIRECTION('',(0.,1.,0.));
#2998 = DIRECTION('',(0.,0.,1.));
#2999 = ADVANCED_FACE('',(#3000),#3011,.T.);
#3000 = FACE_BOUND('',#3001,.T.);
#3001 = EDGE_LOOP('',(#3002,#3003,#3004,#3005));
#3002 = ORIENTED_EDGE('',*,*,#2780,.F.);
#3003 = ORIENTED_EDGE('',*,*,#2528,.T.);
#3004 = ORIENTED_EDGE('',*,*,#2542,.T.);
#3005 = ORIENTED_EDGE('',*,*,#3006,.F.);
#3006 = EDGE_CURVE('',#2781,#2543,#3007,.T.);
#3007 = LINE('',#3008,#3009);
#3008 = CARTESIAN_POINT('',(72.3,22.05,0.));
#3009 = VECTOR('',#3010,1.);
#3010 = DIRECTION('',(0.,0.,1.));
#3011 = PLANE('',#3012);
#3012 = AXIS2_PLACEMENT_3D('',#3013,#3014,#3015);
#3013 = CARTESIAN_POINT('',(69.3,22.05,0.));
#3014 = DIRECTION('',(0.,1.,0.));
#3015 = DIRECTION('',(0.,0.,1.));
#3016 = ADVANCED_FACE('',(#3017),#3042,.T.);
#3017 = FACE_BOUND('',#3018,.T.);
#3018 = EDGE_LOOP('',(#3019,#3027,#3028,#3036));
#3019 = ORIENTED_EDGE('',*,*,#3020,.F.);
#3020 = EDGE_CURVE('',#2543,#3021,#3023,.T.);
#3021 = VERTEX_POINT('',#3022);
#3022 = CARTESIAN_POINT('',(97.88,22.05,3.));
#3023 = LINE('',#3024,#3025);
#3024 = CARTESIAN_POINT('',(0.,22.05,3.));
#3025 = VECTOR('',#3026,1.);
#3026 = DIRECTION('',(1.,0.,0.));
#3027 = ORIENTED_EDGE('',*,*,#2552,.F.);
#3028 = ORIENTED_EDGE('',*,*,#3029,.T.);
#3029 = EDGE_CURVE('',#2129,#3030,#3032,.T.);
#3030 = VERTEX_POINT('',#3031);
#3031 = CARTESIAN_POINT('',(97.88,19.05,3.));
#3032 = LINE('',#3033,#3034);
#3033 = CARTESIAN_POINT('',(0.,19.05,3.));
#3034 = VECTOR('',#3035,1.);
#3035 = DIRECTION('',(1.,0.,0.));
#3036 = ORIENTED_EDGE('',*,*,#3037,.T.);
#3037 = EDGE_CURVE('',#3030,#3021,#3038,.T.);
#3038 = LINE('',#3039,#3040);
#3039 = CARTESIAN_POINT('',(97.88,19.05,3.));
#3040 = VECTOR('',#3041,1.);
#3041 = DIRECTION('',(0.,1.,0.));
#3042 = PLANE('',#3043);
#3043 = AXIS2_PLACEMENT_3D('',#3044,#3045,#3046);
#3044 = CARTESIAN_POINT('',(0.,19.05,3.));
#3045 = DIRECTION('',(0.,0.,1.));
#3046 = DIRECTION('',(1.,0.,0.));
#3047 = ADVANCED_FACE('',(#3048),#3066,.F.);
#3048 = FACE_BOUND('',#3049,.F.);
#3049 = EDGE_LOOP('',(#3050,#3058,#3064,#3065));
#3050 = ORIENTED_EDGE('',*,*,#3051,.F.);
#3051 = EDGE_CURVE('',#3052,#3030,#3054,.T.);
#3052 = VERTEX_POINT('',#3053);
#3053 = CARTESIAN_POINT('',(97.88,19.05,0.));
#3054 = LINE('',#3055,#3056);
#3055 = CARTESIAN_POINT('',(97.88,19.05,0.));
#3056 = VECTOR('',#3057,1.);
#3057 = DIRECTION('',(0.,0.,1.));
#3058 = ORIENTED_EDGE('',*,*,#3059,.F.);
#3059 = EDGE_CURVE('',#2345,#3052,#3060,.T.);
#3060 = LINE('',#3061,#3062);
#3061 = CARTESIAN_POINT('',(0.,19.05,0.));
#3062 = VECTOR('',#3063,1.);
#3063 = DIRECTION('',(1.,0.,0.));
#3064 = ORIENTED_EDGE('',*,*,#2639,.F.);
#3065 = ORIENTED_EDGE('',*,*,#3029,.T.);
#3066 = PLANE('',#3067);
#3067 = AXIS2_PLACEMENT_3D('',#3068,#3069,#3070);
#3068 = CARTESIAN_POINT('',(0.,19.05,0.));
#3069 = DIRECTION('',(0.,1.,0.));
#3070 = DIRECTION('',(0.,0.,1.));
#3071 = ADVANCED_FACE('',(#3072),#3097,.F.);
#3072 = FACE_BOUND('',#3073,.F.);
#3073 = EDGE_LOOP('',(#3074,#3082,#3083,#3091));
#3074 = ORIENTED_EDGE('',*,*,#3075,.F.);
#3075 = EDGE_CURVE('',#2654,#3076,#3078,.T.);
#3076 = VERTEX_POINT('',#3077);
#3077 = CARTESIAN_POINT('',(-11.,79.2,0.));
#3078 = LINE('',#3079,#3080);
#3079 = CARTESIAN_POINT('',(-11.,76.2,0.));
#3080 = VECTOR('',#3081,1.);
#3081 = DIRECTION('',(0.,1.,0.));
#3082 = ORIENTED_EDGE('',*,*,#2670,.T.);
#3083 = ORIENTED_EDGE('',*,*,#3084,.T.);
#3084 = EDGE_CURVE('',#2663,#3085,#3087,.T.);
#3085 = VERTEX_POINT('',#3086);
#3086 = CARTESIAN_POINT('',(-8.,79.2,0.));
#3087 = LINE('',#3088,#3089);
#3088 = CARTESIAN_POINT('',(-8.,33.2,0.));
#3089 = VECTOR('',#3090,1.);
#3090 = DIRECTION('',(0.,1.,0.));
#3091 = ORIENTED_EDGE('',*,*,#3092,.F.);
#3092 = EDGE_CURVE('',#3076,#3085,#3093,.T.);
#3093 = LINE('',#3094,#3095);
#3094 = CARTESIAN_POINT('',(-11.,79.2,0.));
#3095 = VECTOR('',#3096,1.);
#3096 = DIRECTION('',(1.,0.,0.));
#3097 = PLANE('',#3098);
#3098 = AXIS2_PLACEMENT_3D('',#3099,#3100,#3101);
#3099 = CARTESIAN_POINT('',(-11.,76.2,0.));
#3100 = DIRECTION('',(0.,0.,1.));
#3101 = DIRECTION('',(1.,0.,0.));
#3102 = ADVANCED_FACE('',(#3103),#3128,.F.);
#3103 = FACE_BOUND('',#3104,.F.);
#3104 = EDGE_LOOP('',(#3105,#3113,#3114,#3122));
#3105 = ORIENTED_EDGE('',*,*,#3106,.F.);
#3106 = EDGE_CURVE('',#2663,#3107,#3109,.T.);
#3107 = VERTEX_POINT('',#3108);
#3108 = CARTESIAN_POINT('',(0.,76.2,0.));
#3109 = LINE('',#3110,#3111);
#3110 = CARTESIAN_POINT('',(-11.,76.2,0.));
#3111 = VECTOR('',#3112,1.);
#3112 = DIRECTION('',(1.,0.,0.));
#3113 = ORIENTED_EDGE('',*,*,#2694,.F.);
#3114 = ORIENTED_EDGE('',*,*,#3115,.T.);
#3115 = EDGE_CURVE('',#2685,#3116,#3118,.T.);
#3116 = VERTEX_POINT('',#3117);
#3117 = CARTESIAN_POINT('',(0.,76.2,3.));
#3118 = LINE('',#3119,#3120);
#3119 = CARTESIAN_POINT('',(-11.,76.2,3.));
#3120 = VECTOR('',#3121,1.);
#3121 = DIRECTION('',(1.,0.,0.));
#3122 = ORIENTED_EDGE('',*,*,#3123,.F.);
#3123 = EDGE_CURVE('',#3107,#3116,#3124,.T.);
#3124 = LINE('',#3125,#3126);
#3125 = CARTESIAN_POINT('',(0.,76.2,0.));
#3126 = VECTOR('',#3127,1.);
#3127 = DIRECTION('',(0.,0.,1.));
#3128 = PLANE('',#3129);
#3129 = AXIS2_PLACEMENT_3D('',#3130,#3131,#3132);
#3130 = CARTESIAN_POINT('',(-11.,76.2,0.));
#3131 = DIRECTION('',(0.,1.,0.));
#3132 = DIRECTION('',(0.,0.,1.));
#3133 = ADVANCED_FACE('',(#3134),#3159,.T.);
#3134 = FACE_BOUND('',#3135,.T.);
#3135 = EDGE_LOOP('',(#3136,#3144,#3145,#3153));
#3136 = ORIENTED_EDGE('',*,*,#3137,.F.);
#3137 = EDGE_CURVE('',#2709,#3138,#3140,.T.);
#3138 = VERTEX_POINT('',#3139);
#3139 = CARTESIAN_POINT('',(-11.,79.2,3.));
#3140 = LINE('',#3141,#3142);
#3141 = CARTESIAN_POINT('',(-11.,76.2,3.));
#3142 = VECTOR('',#3143,1.);
#3143 = DIRECTION('',(0.,1.,0.));
#3144 = ORIENTED_EDGE('',*,*,#2718,.T.);
#3145 = ORIENTED_EDGE('',*,*,#3146,.T.);
#3146 = EDGE_CURVE('',#2685,#3147,#3149,.T.);
#3147 = VERTEX_POINT('',#3148);
#3148 = CARTESIAN_POINT('',(-8.,79.2,3.));
#3149 = LINE('',#3150,#3151);
#3150 = CARTESIAN_POINT('',(-8.,33.2,3.));
#3151 = VECTOR('',#3152,1.);
#3152 = DIRECTION('',(0.,1.,0.));
#3153 = ORIENTED_EDGE('',*,*,#3154,.F.);
#3154 = EDGE_CURVE('',#3138,#3147,#3155,.T.);
#3155 = LINE('',#3156,#3157);
#3156 = CARTESIAN_POINT('',(-11.,79.2,3.));
#3157 = VECTOR('',#3158,1.);
#3158 = DIRECTION('',(1.,0.,0.));
#3159 = PLANE('',#3160);
#3160 = AXIS2_PLACEMENT_3D('',#3161,#3162,#3163);
#3161 = CARTESIAN_POINT('',(-11.,76.2,3.));
#3162 = DIRECTION('',(0.,0.,1.));
#3163 = DIRECTION('',(1.,0.,0.));
#3164 = ADVANCED_FACE('',(#3165),#3176,.F.);
#3165 = FACE_BOUND('',#3166,.F.);
#3166 = EDGE_LOOP('',(#3167,#3168,#3169,#3175));
#3167 = ORIENTED_EDGE('',*,*,#2734,.F.);
#3168 = ORIENTED_EDGE('',*,*,#3075,.T.);
#3169 = ORIENTED_EDGE('',*,*,#3170,.T.);
#3170 = EDGE_CURVE('',#3076,#3138,#3171,.T.);
#3171 = LINE('',#3172,#3173);
#3172 = CARTESIAN_POINT('',(-11.,79.2,0.));
#3173 = VECTOR('',#3174,1.);
#3174 = DIRECTION('',(0.,0.,1.));
#3175 = ORIENTED_EDGE('',*,*,#3137,.F.);
#3176 = PLANE('',#3177);
#3177 = AXIS2_PLACEMENT_3D('',#3178,#3179,#3180);
#3178 = CARTESIAN_POINT('',(-11.,76.2,0.));
#3179 = DIRECTION('',(1.,0.,0.));
#3180 = DIRECTION('',(0.,0.,1.));
#3181 = ADVANCED_FACE('',(#3182),#3207,.F.);
#3182 = FACE_BOUND('',#3183,.F.);
#3183 = EDGE_LOOP('',(#3184,#3192,#3193,#3201));
#3184 = ORIENTED_EDGE('',*,*,#3185,.F.);
#3185 = EDGE_CURVE('',#2750,#3186,#3188,.T.);
#3186 = VERTEX_POINT('',#3187);
#3187 = CARTESIAN_POINT('',(0.,57.15,0.));
#3188 = LINE('',#3189,#3190);
#3189 = CARTESIAN_POINT('',(0.,0.,0.));
#3190 = VECTOR('',#3191,1.);
#3191 = DIRECTION('',(0.,1.,0.));
#3192 = ORIENTED_EDGE('',*,*,#2766,.T.);
#3193 = ORIENTED_EDGE('',*,*,#3194,.T.);
#3194 = EDGE_CURVE('',#2759,#3195,#3197,.T.);
#3195 = VERTEX_POINT('',#3196);
#3196 = CARTESIAN_POINT('',(3.,57.15,0.));
#3197 = LINE('',#3198,#3199);
#3198 = CARTESIAN_POINT('',(3.,0.,0.));
#3199 = VECTOR('',#3200,1.);
#3200 = DIRECTION('',(0.,1.,0.));
#3201 = ORIENTED_EDGE('',*,*,#3202,.F.);
#3202 = EDGE_CURVE('',#3186,#3195,#3203,.T.);
#3203 = LINE('',#3204,#3205);
#3204 = CARTESIAN_POINT('',(0.,57.15,0.));
#3205 = VECTOR('',#3206,1.);
#3206 = DIRECTION('',(1.,0.,0.));
#3207 = PLANE('',#3208);
#3208 = AXIS2_PLACEMENT_3D('',#3209,#3210,#3211);
#3209 = CARTESIAN_POINT('',(0.,0.,0.));
#3210 = DIRECTION('',(0.,0.,1.));
#3211 = DIRECTION('',(1.,0.,0.));
#3212 = ADVANCED_FACE('',(#3213),#3231,.F.);
#3213 = FACE_BOUND('',#3214,.F.);
#3214 = EDGE_LOOP('',(#3215,#3223,#3224,#3225));
#3215 = ORIENTED_EDGE('',*,*,#3216,.F.);
#3216 = EDGE_CURVE('',#2759,#3217,#3219,.T.);
#3217 = VERTEX_POINT('',#3218);
#3218 = CARTESIAN_POINT('',(74.06,41.1,0.));
#3219 = LINE('',#3220,#3221);
#3220 = CARTESIAN_POINT('',(0.,41.1,0.));
#3221 = VECTOR('',#3222,1.);
#3222 = DIRECTION('',(1.,0.,0.));
#3223 = ORIENTED_EDGE('',*,*,#2758,.F.);
#3224 = ORIENTED_EDGE('',*,*,#2987,.T.);
#3225 = ORIENTED_EDGE('',*,*,#3226,.T.);
#3226 = EDGE_CURVE('',#2980,#3217,#3227,.T.);
#3227 = LINE('',#3228,#3229);
#3228 = CARTESIAN_POINT('',(74.06,38.1,0.));
#3229 = VECTOR('',#3230,1.);
#3230 = DIRECTION('',(0.,1.,0.));
#3231 = PLANE('',#3232);
#3232 = AXIS2_PLACEMENT_3D('',#3233,#3234,#3235);
#3233 = CARTESIAN_POINT('',(0.,38.1,0.));
#3234 = DIRECTION('',(0.,0.,1.));
#3235 = DIRECTION('',(1.,0.,0.));
#3236 = ADVANCED_FACE('',(#3237),#3255,.F.);
#3237 = FACE_BOUND('',#3238,.F.);
#3238 = EDGE_LOOP('',(#3239,#3247,#3248,#3249));
#3239 = ORIENTED_EDGE('',*,*,#3240,.F.);
#3240 = EDGE_CURVE('',#2781,#3241,#3243,.T.);
#3241 = VERTEX_POINT('',#3242);
#3242 = CARTESIAN_POINT('',(97.88,22.05,0.));
#3243 = LINE('',#3244,#3245);
#3244 = CARTESIAN_POINT('',(0.,22.05,0.));
#3245 = VECTOR('',#3246,1.);
#3246 = DIRECTION('',(1.,0.,0.));
#3247 = ORIENTED_EDGE('',*,*,#2790,.F.);
#3248 = ORIENTED_EDGE('',*,*,#3059,.T.);
#3249 = ORIENTED_EDGE('',*,*,#3250,.T.);
#3250 = EDGE_CURVE('',#3052,#3241,#3251,.T.);
#3251 = LINE('',#3252,#3253);
#3252 = CARTESIAN_POINT('',(97.88,19.05,0.));
#3253 = VECTOR('',#3254,1.);
#3254 = DIRECTION('',(0.,1.,0.));
#3255 = PLANE('',#3256);
#3256 = AXIS2_PLACEMENT_3D('',#3257,#3258,#3259);
#3257 = CARTESIAN_POINT('',(0.,19.05,0.));
#3258 = DIRECTION('',(0.,0.,1.));
#3259 = DIRECTION('',(1.,0.,0.));
#3260 = ADVANCED_FACE('',(#3261),#3286,.F.);
#3261 = FACE_BOUND('',#3262,.F.);
#3262 = EDGE_LOOP('',(#3263,#3271,#3272,#3280));
#3263 = ORIENTED_EDGE('',*,*,#3264,.F.);
#3264 = EDGE_CURVE('',#2814,#3265,#3267,.T.);
#3265 = VERTEX_POINT('',#3266);
#3266 = CARTESIAN_POINT('',(221.7,-11.97,3.));
#3267 = LINE('',#3268,#3269);
#3268 = CARTESIAN_POINT('',(221.7,-19.05,3.));
#3269 = VECTOR('',#3270,1.);
#3270 = DIRECTION('',(0.,1.,0.));
#3271 = ORIENTED_EDGE('',*,*,#2821,.F.);
#3272 = ORIENTED_EDGE('',*,*,#3273,.T.);
#3273 = EDGE_CURVE('',#2805,#3274,#3276,.T.);
#3274 = VERTEX_POINT('',#3275);
#3275 = CARTESIAN_POINT('',(221.7,-11.97,0.));
#3276 = LINE('',#3277,#3278);
#3277 = CARTESIAN_POINT('',(221.7,-19.05,0.));
#3278 = VECTOR('',#3279,1.);
#3279 = DIRECTION('',(0.,1.,0.));
#3280 = ORIENTED_EDGE('',*,*,#3281,.T.);
#3281 = EDGE_CURVE('',#3274,#3265,#3282,.T.);
#3282 = LINE('',#3283,#3284);
#3283 = CARTESIAN_POINT('',(221.7,-11.97,0.));
#3284 = VECTOR('',#3285,1.);
#3285 = DIRECTION('',(0.,0.,1.));
#3286 = PLANE('',#3287);
#3287 = AXIS2_PLACEMENT_3D('',#3288,#3289,#3290);
#3288 = CARTESIAN_POINT('',(221.7,-19.05,0.));
#3289 = DIRECTION('',(1.,0.,0.));
#3290 = DIRECTION('',(0.,0.,1.));
#3291 = ADVANCED_FACE('',(#3292),#3317,.T.);
#3292 = FACE_BOUND('',#3293,.T.);
#3293 = EDGE_LOOP('',(#3294,#3295,#3303,#3311));
#3294 = ORIENTED_EDGE('',*,*,#2844,.F.);
#3295 = ORIENTED_EDGE('',*,*,#3296,.T.);
#3296 = EDGE_CURVE('',#2837,#3297,#3299,.T.);
#3297 = VERTEX_POINT('',#3298);
#3298 = CARTESIAN_POINT('',(224.7,-19.05,3.));
#3299 = LINE('',#3300,#3301);
#3300 = CARTESIAN_POINT('',(221.7,-19.05,3.));
#3301 = VECTOR('',#3302,1.);
#3302 = DIRECTION('',(1.,0.,0.));
#3303 = ORIENTED_EDGE('',*,*,#3304,.T.);
#3304 = EDGE_CURVE('',#3297,#3305,#3307,.T.);
#3305 = VERTEX_POINT('',#3306);
#3306 = CARTESIAN_POINT('',(224.7,-16.05,3.));
#3307 = LINE('',#3308,#3309);
#3308 = CARTESIAN_POINT('',(224.7,-19.05,3.));
#3309 = VECTOR('',#3310,1.);
#3310 = DIRECTION('',(0.,1.,0.));
#3311 = ORIENTED_EDGE('',*,*,#3312,.F.);
#3312 = EDGE_CURVE('',#2814,#3305,#3313,.T.);
#3313 = LINE('',#3314,#3315);
#3314 = CARTESIAN_POINT('',(69.3,-16.05,3.));
#3315 = VECTOR('',#3316,1.);
#3316 = DIRECTION('',(1.,0.,0.));
#3317 = PLANE('',#3318);
#3318 = AXIS2_PLACEMENT_3D('',#3319,#3320,#3321);
#3319 = CARTESIAN_POINT('',(221.7,-19.05,3.));
#3320 = DIRECTION('',(0.,0.,1.));
#3321 = DIRECTION('',(1.,0.,0.));
#3322 = ADVANCED_FACE('',(#3323),#3348,.F.);
#3323 = FACE_BOUND('',#3324,.F.);
#3324 = EDGE_LOOP('',(#3325,#3326,#3334,#3342));
#3325 = ORIENTED_EDGE('',*,*,#2868,.F.);
#3326 = ORIENTED_EDGE('',*,*,#3327,.T.);
#3327 = EDGE_CURVE('',#2861,#3328,#3330,.T.);
#3328 = VERTEX_POINT('',#3329);
#3329 = CARTESIAN_POINT('',(224.7,-19.05,0.));
#3330 = LINE('',#3331,#3332);
#3331 = CARTESIAN_POINT('',(221.7,-19.05,0.));
#3332 = VECTOR('',#3333,1.);
#3333 = DIRECTION('',(1.,0.,0.));
#3334 = ORIENTED_EDGE('',*,*,#3335,.T.);
#3335 = EDGE_CURVE('',#3328,#3336,#3338,.T.);
#3336 = VERTEX_POINT('',#3337);
#3337 = CARTESIAN_POINT('',(224.7,-16.05,0.));
#3338 = LINE('',#3339,#3340);
#3339 = CARTESIAN_POINT('',(224.7,-19.05,0.));
#3340 = VECTOR('',#3341,1.);
#3341 = DIRECTION('',(0.,1.,0.));
#3342 = ORIENTED_EDGE('',*,*,#3343,.F.);
#3343 = EDGE_CURVE('',#2805,#3336,#3344,.T.);
#3344 = LINE('',#3345,#3346);
#3345 = CARTESIAN_POINT('',(69.3,-16.05,0.));
#3346 = VECTOR('',#3347,1.);
#3347 = DIRECTION('',(1.,0.,0.));
#3348 = PLANE('',#3349);
#3349 = AXIS2_PLACEMENT_3D('',#3350,#3351,#3352);
#3350 = CARTESIAN_POINT('',(221.7,-19.05,0.));
#3351 = DIRECTION('',(0.,0.,1.));
#3352 = DIRECTION('',(1.,0.,0.));
#3353 = ADVANCED_FACE('',(#3354),#3365,.F.);
#3354 = FACE_BOUND('',#3355,.F.);
#3355 = EDGE_LOOP('',(#3356,#3357,#3358,#3359));
#3356 = ORIENTED_EDGE('',*,*,#3327,.F.);
#3357 = ORIENTED_EDGE('',*,*,#2886,.T.);
#3358 = ORIENTED_EDGE('',*,*,#3296,.T.);
#3359 = ORIENTED_EDGE('',*,*,#3360,.F.);
#3360 = EDGE_CURVE('',#3328,#3297,#3361,.T.);
#3361 = LINE('',#3362,#3363);
#3362 = CARTESIAN_POINT('',(224.7,-19.05,0.));
#3363 = VECTOR('',#3364,1.);
#3364 = DIRECTION('',(0.,0.,1.));
#3365 = PLANE('',#3366);
#3366 = AXIS2_PLACEMENT_3D('',#3367,#3368,#3369);
#3367 = CARTESIAN_POINT('',(221.7,-19.05,0.));
#3368 = DIRECTION('',(0.,1.,0.));
#3369 = DIRECTION('',(0.,0.,1.));
#3370 = ADVANCED_FACE('',(#3371),#3382,.F.);
#3371 = FACE_BOUND('',#3372,.F.);
#3372 = EDGE_LOOP('',(#3373,#3374,#3375,#3381));
#3373 = ORIENTED_EDGE('',*,*,#2902,.F.);
#3374 = ORIENTED_EDGE('',*,*,#3185,.T.);
#3375 = ORIENTED_EDGE('',*,*,#3376,.T.);
#3376 = EDGE_CURVE('',#3186,#2918,#3377,.T.);
#3377 = LINE('',#3378,#3379);
#3378 = CARTESIAN_POINT('',(0.,57.15,0.));
#3379 = VECTOR('',#3380,1.);
#3380 = DIRECTION('',(0.,0.,1.));
#3381 = ORIENTED_EDGE('',*,*,#2917,.F.);
#3382 = PLANE('',#3383);
#3383 = AXIS2_PLACEMENT_3D('',#3384,#3385,#3386);
#3384 = CARTESIAN_POINT('',(0.,0.,0.));
#3385 = DIRECTION('',(1.,0.,0.));
#3386 = DIRECTION('',(0.,0.,1.));
#3387 = ADVANCED_FACE('',(#3388),#3413,.T.);
#3388 = FACE_BOUND('',#3389,.T.);
#3389 = EDGE_LOOP('',(#3390,#3398,#3399,#3407));
#3390 = ORIENTED_EDGE('',*,*,#3391,.F.);
#3391 = EDGE_CURVE('',#2918,#3392,#3394,.T.);
#3392 = VERTEX_POINT('',#3393);
#3393 = CARTESIAN_POINT('',(0.,60.15,3.));
#3394 = LINE('',#3395,#3396);
#3395 = CARTESIAN_POINT('',(0.,57.15,3.));
#3396 = VECTOR('',#3397,1.);
#3397 = DIRECTION('',(0.,1.,0.));
#3398 = ORIENTED_EDGE('',*,*,#2934,.T.);
#3399 = ORIENTED_EDGE('',*,*,#3400,.T.);
#3400 = EDGE_CURVE('',#2927,#3401,#3403,.T.);
#3401 = VERTEX_POINT('',#3402);
#3402 = CARTESIAN_POINT('',(3.,60.15,3.));
#3403 = LINE('',#3404,#3405);
#3404 = CARTESIAN_POINT('',(3.,0.,3.));
#3405 = VECTOR('',#3406,1.);
#3406 = DIRECTION('',(0.,1.,0.));
#3407 = ORIENTED_EDGE('',*,*,#3408,.F.);
#3408 = EDGE_CURVE('',#3392,#3401,#3409,.T.);
#3409 = LINE('',#3410,#3411);
#3410 = CARTESIAN_POINT('',(0.,60.15,3.));
#3411 = VECTOR('',#3412,1.);
#3412 = DIRECTION('',(1.,0.,0.));
#3413 = PLANE('',#3414);
#3414 = AXIS2_PLACEMENT_3D('',#3415,#3416,#3417);
#3415 = CARTESIAN_POINT('',(0.,0.,3.));
#3416 = DIRECTION('',(0.,0.,1.));
#3417 = DIRECTION('',(1.,0.,0.));
#3418 = ADVANCED_FACE('',(#3419),#3435,.T.);
#3419 = FACE_BOUND('',#3420,.T.);
#3420 = EDGE_LOOP('',(#3421,#3422,#3428,#3429));
#3421 = ORIENTED_EDGE('',*,*,#2926,.F.);
#3422 = ORIENTED_EDGE('',*,*,#3423,.F.);
#3423 = EDGE_CURVE('',#2759,#2487,#3424,.T.);
#3424 = LINE('',#3425,#3426);
#3425 = CARTESIAN_POINT('',(3.,41.1,0.));
#3426 = VECTOR('',#3427,1.);
#3427 = DIRECTION('',(0.,0.,1.));
#3428 = ORIENTED_EDGE('',*,*,#3194,.T.);
#3429 = ORIENTED_EDGE('',*,*,#3430,.T.);
#3430 = EDGE_CURVE('',#3195,#2927,#3431,.T.);
#3431 = LINE('',#3432,#3433);
#3432 = CARTESIAN_POINT('',(3.,57.15,0.));
#3433 = VECTOR('',#3434,1.);
#3434 = DIRECTION('',(0.,0.,1.));
#3435 = PLANE('',#3436);
#3436 = AXIS2_PLACEMENT_3D('',#3437,#3438,#3439);
#3437 = CARTESIAN_POINT('',(3.,0.,0.));
#3438 = DIRECTION('',(1.,0.,0.));
#3439 = DIRECTION('',(0.,0.,1.));
#3440 = ADVANCED_FACE('',(#3441),#3452,.T.);
#3441 = FACE_BOUND('',#3442,.T.);
#3442 = EDGE_LOOP('',(#3443,#3449,#3450,#3451));
#3443 = ORIENTED_EDGE('',*,*,#3444,.T.);
#3444 = EDGE_CURVE('',#2949,#3217,#3445,.T.);
#3445 = LINE('',#3446,#3447);
#3446 = CARTESIAN_POINT('',(74.06,41.1,0.));
#3447 = VECTOR('',#3448,1.);
#3448 = DIRECTION('',(0.,0.,-1.));
#3449 = ORIENTED_EDGE('',*,*,#3216,.F.);
#3450 = ORIENTED_EDGE('',*,*,#3423,.T.);
#3451 = ORIENTED_EDGE('',*,*,#2948,.T.);
#3452 = PLANE('',#3453);
#3453 = AXIS2_PLACEMENT_3D('',#3454,#3455,#3456);
#3454 = CARTESIAN_POINT('',(0.,41.1,0.));
#3455 = DIRECTION('',(0.,1.,0.));
#3456 = DIRECTION('',(0.,0.,1.));
#3457 = ADVANCED_FACE('',(#3458),#3483,.T.);
#3458 = FACE_BOUND('',#3459,.T.);
#3459 = EDGE_LOOP('',(#3460,#3468,#3469,#3477));
#3460 = ORIENTED_EDGE('',*,*,#3461,.F.);
#3461 = EDGE_CURVE('',#2949,#3462,#3464,.T.);
#3462 = VERTEX_POINT('',#3463);
#3463 = CARTESIAN_POINT('',(77.06,41.1,3.));
#3464 = LINE('',#3465,#3466);
#3465 = CARTESIAN_POINT('',(0.,41.1,3.));
#3466 = VECTOR('',#3467,1.);
#3467 = DIRECTION('',(1.,0.,0.));
#3468 = ORIENTED_EDGE('',*,*,#2965,.F.);
#3469 = ORIENTED_EDGE('',*,*,#3470,.T.);
#3470 = EDGE_CURVE('',#2958,#3471,#3473,.T.);
#3471 = VERTEX_POINT('',#3472);
#3472 = CARTESIAN_POINT('',(77.06,38.1,3.));
#3473 = LINE('',#3474,#3475);
#3474 = CARTESIAN_POINT('',(74.06,38.1,3.));
#3475 = VECTOR('',#3476,1.);
#3476 = DIRECTION('',(1.,0.,0.));
#3477 = ORIENTED_EDGE('',*,*,#3478,.T.);
#3478 = EDGE_CURVE('',#3471,#3462,#3479,.T.);
#3479 = LINE('',#3480,#3481);
#3480 = CARTESIAN_POINT('',(77.06,38.1,3.));
#3481 = VECTOR('',#3482,1.);
#3482 = DIRECTION('',(0.,1.,0.));
#3483 = PLANE('',#3484);
#3484 = AXIS2_PLACEMENT_3D('',#3485,#3486,#3487);
#3485 = CARTESIAN_POINT('',(0.,38.1,3.));
#3486 = DIRECTION('',(0.,0.,1.));
#3487 = DIRECTION('',(1.,0.,0.));
#3488 = ADVANCED_FACE('',(#3489),#3507,.F.);
#3489 = FACE_BOUND('',#3490,.F.);
#3490 = EDGE_LOOP('',(#3491,#3499,#3500,#3501));
#3491 = ORIENTED_EDGE('',*,*,#3492,.F.);
#3492 = EDGE_CURVE('',#2980,#3493,#3495,.T.);
#3493 = VERTEX_POINT('',#3494);
#3494 = CARTESIAN_POINT('',(77.06,38.1,0.));
#3495 = LINE('',#3496,#3497);
#3496 = CARTESIAN_POINT('',(74.06,38.1,0.));
#3497 = VECTOR('',#3498,1.);
#3498 = DIRECTION('',(1.,0.,0.));
#3499 = ORIENTED_EDGE('',*,*,#2979,.T.);
#3500 = ORIENTED_EDGE('',*,*,#3470,.T.);
#3501 = ORIENTED_EDGE('',*,*,#3502,.F.);
#3502 = EDGE_CURVE('',#3493,#3471,#3503,.T.);
#3503 = LINE('',#3504,#3505);
#3504 = CARTESIAN_POINT('',(77.06,38.1,0.));
#3505 = VECTOR('',#3506,1.);
#3506 = DIRECTION('',(0.,0.,1.));
#3507 = PLANE('',#3508);
#3508 = AXIS2_PLACEMENT_3D('',#3509,#3510,#3511);
#3509 = CARTESIAN_POINT('',(74.06,38.1,0.));
#3510 = DIRECTION('',(0.,1.,0.));
#3511 = DIRECTION('',(0.,0.,1.));
#3512 = ADVANCED_FACE('',(#3513),#3524,.T.);
#3513 = FACE_BOUND('',#3514,.T.);
#3514 = EDGE_LOOP('',(#3515,#3516,#3517,#3518));
#3515 = ORIENTED_EDGE('',*,*,#3240,.F.);
#3516 = ORIENTED_EDGE('',*,*,#3006,.T.);
#3517 = ORIENTED_EDGE('',*,*,#3020,.T.);
#3518 = ORIENTED_EDGE('',*,*,#3519,.F.);
#3519 = EDGE_CURVE('',#3241,#3021,#3520,.T.);
#3520 = LINE('',#3521,#3522);
#3521 = CARTESIAN_POINT('',(97.88,22.05,0.));
#3522 = VECTOR('',#3523,1.);
#3523 = DIRECTION('',(0.,0.,1.));
#3524 = PLANE('',#3525);
#3525 = AXIS2_PLACEMENT_3D('',#3526,#3527,#3528);
#3526 = CARTESIAN_POINT('',(0.,22.05,0.));
#3527 = DIRECTION('',(0.,1.,0.));
#3528 = DIRECTION('',(0.,0.,1.));
#3529 = ADVANCED_FACE('',(#3530),#3555,.T.);
#3530 = FACE_BOUND('',#3531,.T.);
#3531 = EDGE_LOOP('',(#3532,#3533,#3541,#3549));
#3532 = ORIENTED_EDGE('',*,*,#3037,.F.);
#3533 = ORIENTED_EDGE('',*,*,#3534,.T.);
#3534 = EDGE_CURVE('',#3030,#3535,#3537,.T.);
#3535 = VERTEX_POINT('',#3536);
#3536 = CARTESIAN_POINT('',(100.88,19.05,3.));
#3537 = LINE('',#3538,#3539);
#3538 = CARTESIAN_POINT('',(97.88,19.05,3.));
#3539 = VECTOR('',#3540,1.);
#3540 = DIRECTION('',(1.,0.,0.));
#3541 = ORIENTED_EDGE('',*,*,#3542,.T.);
#3542 = EDGE_CURVE('',#3535,#3543,#3545,.T.);
#3543 = VERTEX_POINT('',#3544);
#3544 = CARTESIAN_POINT('',(100.88,22.05,3.));
#3545 = LINE('',#3546,#3547);
#3546 = CARTESIAN_POINT('',(100.88,19.05,3.));
#3547 = VECTOR('',#3548,1.);
#3548 = DIRECTION('',(0.,1.,0.));
#3549 = ORIENTED_EDGE('',*,*,#3550,.F.);
#3550 = EDGE_CURVE('',#3021,#3543,#3551,.T.);
#3551 = LINE('',#3552,#3553);
#3552 = CARTESIAN_POINT('',(0.,22.05,3.));
#3553 = VECTOR('',#3554,1.);
#3554 = DIRECTION('',(1.,0.,0.));
#3555 = PLANE('',#3556);
#3556 = AXIS2_PLACEMENT_3D('',#3557,#3558,#3559);
#3557 = CARTESIAN_POINT('',(97.88,19.05,3.));
#3558 = DIRECTION('',(0.,0.,1.));
#3559 = DIRECTION('',(1.,0.,0.));
#3560 = ADVANCED_FACE('',(#3561),#3579,.F.);
#3561 = FACE_BOUND('',#3562,.F.);
#3562 = EDGE_LOOP('',(#3563,#3571,#3572,#3573));
#3563 = ORIENTED_EDGE('',*,*,#3564,.F.);
#3564 = EDGE_CURVE('',#3052,#3565,#3567,.T.);
#3565 = VERTEX_POINT('',#3566);
#3566 = CARTESIAN_POINT('',(100.88,19.05,0.));
#3567 = LINE('',#3568,#3569);
#3568 = CARTESIAN_POINT('',(97.88,19.05,0.));
#3569 = VECTOR('',#3570,1.);
#3570 = DIRECTION('',(1.,0.,0.));
#3571 = ORIENTED_EDGE('',*,*,#3051,.T.);
#3572 = ORIENTED_EDGE('',*,*,#3534,.T.);
#3573 = ORIENTED_EDGE('',*,*,#3574,.F.);
#3574 = EDGE_CURVE('',#3565,#3535,#3575,.T.);
#3575 = LINE('',#3576,#3577);
#3576 = CARTESIAN_POINT('',(100.88,19.05,0.));
#3577 = VECTOR('',#3578,1.);
#3578 = DIRECTION('',(0.,0.,1.));
#3579 = PLANE('',#3580);
#3580 = AXIS2_PLACEMENT_3D('',#3581,#3582,#3583);
#3581 = CARTESIAN_POINT('',(97.88,19.05,0.));
#3582 = DIRECTION('',(0.,1.,0.));
#3583 = DIRECTION('',(0.,0.,1.));
#3584 = ADVANCED_FACE('',(#3585),#3596,.T.);
#3585 = FACE_BOUND('',#3586,.T.);
#3586 = EDGE_LOOP('',(#3587,#3588,#3589,#3590));
#3587 = ORIENTED_EDGE('',*,*,#3092,.F.);
#3588 = ORIENTED_EDGE('',*,*,#3170,.T.);
#3589 = ORIENTED_EDGE('',*,*,#3154,.T.);
#3590 = ORIENTED_EDGE('',*,*,#3591,.F.);
#3591 = EDGE_CURVE('',#3085,#3147,#3592,.T.);
#3592 = LINE('',#3593,#3594);
#3593 = CARTESIAN_POINT('',(-8.,79.2,0.));
#3594 = VECTOR('',#3595,1.);
#3595 = DIRECTION('',(0.,0.,1.));
#3596 = PLANE('',#3597);
#3597 = AXIS2_PLACEMENT_3D('',#3598,#3599,#3600);
#3598 = CARTESIAN_POINT('',(-11.,79.2,0.));
#3599 = DIRECTION('',(0.,1.,0.));
#3600 = DIRECTION('',(0.,0.,1.));
#3601 = ADVANCED_FACE('',(#3602),#3620,.F.);
#3602 = FACE_BOUND('',#3603,.F.);
#3603 = EDGE_LOOP('',(#3604,#3605,#3606,#3614));
#3604 = ORIENTED_EDGE('',*,*,#3084,.F.);
#3605 = ORIENTED_EDGE('',*,*,#3106,.T.);
#3606 = ORIENTED_EDGE('',*,*,#3607,.T.);
#3607 = EDGE_CURVE('',#3107,#3608,#3610,.T.);
#3608 = VERTEX_POINT('',#3609);
#3609 = CARTESIAN_POINT('',(0.,79.2,0.));
#3610 = LINE('',#3611,#3612);
#3611 = CARTESIAN_POINT('',(0.,0.,0.));
#3612 = VECTOR('',#3613,1.);
#3613 = DIRECTION('',(0.,1.,0.));
#3614 = ORIENTED_EDGE('',*,*,#3615,.F.);
#3615 = EDGE_CURVE('',#3085,#3608,#3616,.T.);
#3616 = LINE('',#3617,#3618);
#3617 = CARTESIAN_POINT('',(-11.,79.2,0.));
#3618 = VECTOR('',#3619,1.);
#3619 = DIRECTION('',(1.,0.,0.));
#3620 = PLANE('',#3621);
#3621 = AXIS2_PLACEMENT_3D('',#3622,#3623,#3624);
#3622 = CARTESIAN_POINT('',(-11.,76.2,0.));
#3623 = DIRECTION('',(0.,0.,1.));
#3624 = DIRECTION('',(1.,0.,0.));
#3625 = ADVANCED_FACE('',(#3626),#3649,.F.);
#3626 = FACE_BOUND('',#3627,.F.);
#3627 = EDGE_LOOP('',(#3628,#3636,#3642,#3643));
#3628 = ORIENTED_EDGE('',*,*,#3629,.F.);
#3629 = EDGE_CURVE('',#3630,#3392,#3632,.T.);
#3630 = VERTEX_POINT('',#3631);
#3631 = CARTESIAN_POINT('',(0.,60.15,0.));
#3632 = LINE('',#3633,#3634);
#3633 = CARTESIAN_POINT('',(0.,60.15,0.));
#3634 = VECTOR('',#3635,1.);
#3635 = DIRECTION('',(0.,0.,1.));
#3636 = ORIENTED_EDGE('',*,*,#3637,.T.);
#3637 = EDGE_CURVE('',#3630,#3107,#3638,.T.);
#3638 = LINE('',#3639,#3640);
#3639 = CARTESIAN_POINT('',(0.,0.,0.));
#3640 = VECTOR('',#3641,1.);
#3641 = DIRECTION('',(0.,1.,0.));
#3642 = ORIENTED_EDGE('',*,*,#3123,.T.);
#3643 = ORIENTED_EDGE('',*,*,#3644,.F.);
#3644 = EDGE_CURVE('',#3392,#3116,#3645,.T.);
#3645 = LINE('',#3646,#3647);
#3646 = CARTESIAN_POINT('',(0.,0.,3.));
#3647 = VECTOR('',#3648,1.);
#3648 = DIRECTION('',(0.,1.,0.));
#3649 = PLANE('',#3650);
#3650 = AXIS2_PLACEMENT_3D('',#3651,#3652,#3653);
#3651 = CARTESIAN_POINT('',(0.,0.,0.));
#3652 = DIRECTION('',(1.,0.,0.));
#3653 = DIRECTION('',(0.,0.,1.));
#3654 = ADVANCED_FACE('',(#3655),#3673,.T.);
#3655 = FACE_BOUND('',#3656,.T.);
#3656 = EDGE_LOOP('',(#3657,#3658,#3659,#3667));
#3657 = ORIENTED_EDGE('',*,*,#3146,.F.);
#3658 = ORIENTED_EDGE('',*,*,#3115,.T.);
#3659 = ORIENTED_EDGE('',*,*,#3660,.T.);
#3660 = EDGE_CURVE('',#3116,#3661,#3663,.T.);
#3661 = VERTEX_POINT('',#3662);
#3662 = CARTESIAN_POINT('',(0.,79.2,3.));
#3663 = LINE('',#3664,#3665);
#3664 = CARTESIAN_POINT('',(0.,0.,3.));
#3665 = VECTOR('',#3666,1.);
#3666 = DIRECTION('',(0.,1.,0.));
#3667 = ORIENTED_EDGE('',*,*,#3668,.F.);
#3668 = EDGE_CURVE('',#3147,#3661,#3669,.T.);
#3669 = LINE('',#3670,#3671);
#3670 = CARTESIAN_POINT('',(-11.,79.2,3.));
#3671 = VECTOR('',#3672,1.);
#3672 = DIRECTION('',(1.,0.,0.));
#3673 = PLANE('',#3674);
#3674 = AXIS2_PLACEMENT_3D('',#3675,#3676,#3677);
#3675 = CARTESIAN_POINT('',(-11.,76.2,3.));
#3676 = DIRECTION('',(0.,0.,1.));
#3677 = DIRECTION('',(1.,0.,0.));
#3678 = ADVANCED_FACE('',(#3679),#3702,.F.);
#3679 = FACE_BOUND('',#3680,.F.);
#3680 = EDGE_LOOP('',(#3681,#3687,#3688,#3696));
#3681 = ORIENTED_EDGE('',*,*,#3682,.F.);
#3682 = EDGE_CURVE('',#3186,#3630,#3683,.T.);
#3683 = LINE('',#3684,#3685);
#3684 = CARTESIAN_POINT('',(0.,57.15,0.));
#3685 = VECTOR('',#3686,1.);
#3686 = DIRECTION('',(0.,1.,0.));
#3687 = ORIENTED_EDGE('',*,*,#3202,.T.);
#3688 = ORIENTED_EDGE('',*,*,#3689,.T.);
#3689 = EDGE_CURVE('',#3195,#3690,#3692,.T.);
#3690 = VERTEX_POINT('',#3691);
#3691 = CARTESIAN_POINT('',(3.,60.15,0.));
#3692 = LINE('',#3693,#3694);
#3693 = CARTESIAN_POINT('',(3.,0.,0.));
#3694 = VECTOR('',#3695,1.);
#3695 = DIRECTION('',(0.,1.,0.));
#3696 = ORIENTED_EDGE('',*,*,#3697,.F.);
#3697 = EDGE_CURVE('',#3630,#3690,#3698,.T.);
#3698 = LINE('',#3699,#3700);
#3699 = CARTESIAN_POINT('',(0.,60.15,0.));
#3700 = VECTOR('',#3701,1.);
#3701 = DIRECTION('',(1.,0.,0.));
#3702 = PLANE('',#3703);
#3703 = AXIS2_PLACEMENT_3D('',#3704,#3705,#3706);
#3704 = CARTESIAN_POINT('',(0.,0.,0.));
#3705 = DIRECTION('',(0.,0.,1.));
#3706 = DIRECTION('',(1.,0.,0.));
#3707 = ADVANCED_FACE('',(#3708),#3726,.F.);
#3708 = FACE_BOUND('',#3709,.F.);
#3709 = EDGE_LOOP('',(#3710,#3718,#3719,#3720));
#3710 = ORIENTED_EDGE('',*,*,#3711,.F.);
#3711 = EDGE_CURVE('',#3217,#3712,#3714,.T.);
#3712 = VERTEX_POINT('',#3713);
#3713 = CARTESIAN_POINT('',(77.06,41.1,0.));
#3714 = LINE('',#3715,#3716);
#3715 = CARTESIAN_POINT('',(0.,41.1,0.));
#3716 = VECTOR('',#3717,1.);
#3717 = DIRECTION('',(1.,0.,0.));
#3718 = ORIENTED_EDGE('',*,*,#3226,.F.);
#3719 = ORIENTED_EDGE('',*,*,#3492,.T.);
#3720 = ORIENTED_EDGE('',*,*,#3721,.T.);
#3721 = EDGE_CURVE('',#3493,#3712,#3722,.T.);
#3722 = LINE('',#3723,#3724);
#3723 = CARTESIAN_POINT('',(77.06,38.1,0.));
#3724 = VECTOR('',#3725,1.);
#3725 = DIRECTION('',(0.,1.,0.));
#3726 = PLANE('',#3727);
#3727 = AXIS2_PLACEMENT_3D('',#3728,#3729,#3730);
#3728 = CARTESIAN_POINT('',(0.,38.1,0.));
#3729 = DIRECTION('',(0.,0.,1.));
#3730 = DIRECTION('',(1.,0.,0.));
#3731 = ADVANCED_FACE('',(#3732),#3750,.F.);
#3732 = FACE_BOUND('',#3733,.F.);
#3733 = EDGE_LOOP('',(#3734,#3735,#3736,#3744));
#3734 = ORIENTED_EDGE('',*,*,#3250,.F.);
#3735 = ORIENTED_EDGE('',*,*,#3564,.T.);
#3736 = ORIENTED_EDGE('',*,*,#3737,.T.);
#3737 = EDGE_CURVE('',#3565,#3738,#3740,.T.);
#3738 = VERTEX_POINT('',#3739);
#3739 = CARTESIAN_POINT('',(100.88,22.05,0.));
#3740 = LINE('',#3741,#3742);
#3741 = CARTESIAN_POINT('',(100.88,19.05,0.));
#3742 = VECTOR('',#3743,1.);
#3743 = DIRECTION('',(0.,1.,0.));
#3744 = ORIENTED_EDGE('',*,*,#3745,.F.);
#3745 = EDGE_CURVE('',#3241,#3738,#3746,.T.);
#3746 = LINE('',#3747,#3748);
#3747 = CARTESIAN_POINT('',(0.,22.05,0.));
#3748 = VECTOR('',#3749,1.);
#3749 = DIRECTION('',(1.,0.,0.));
#3750 = PLANE('',#3751);
#3751 = AXIS2_PLACEMENT_3D('',#3752,#3753,#3754);
#3752 = CARTESIAN_POINT('',(97.88,19.05,0.));
#3753 = DIRECTION('',(0.,0.,1.));
#3754 = DIRECTION('',(1.,0.,0.));
#3755 = ADVANCED_FACE('',(#3756),#3774,.T.);
#3756 = FACE_BOUND('',#3757,.T.);
#3757 = EDGE_LOOP('',(#3758,#3759,#3760,#3768));
#3758 = ORIENTED_EDGE('',*,*,#3264,.F.);
#3759 = ORIENTED_EDGE('',*,*,#3312,.T.);
#3760 = ORIENTED_EDGE('',*,*,#3761,.T.);
#3761 = EDGE_CURVE('',#3305,#3762,#3764,.T.);
#3762 = VERTEX_POINT('',#3763);
#3763 = CARTESIAN_POINT('',(224.7,-11.97,3.));
#3764 = LINE('',#3765,#3766);
#3765 = CARTESIAN_POINT('',(224.7,-19.05,3.));
#3766 = VECTOR('',#3767,1.);
#3767 = DIRECTION('',(0.,1.,0.));
#3768 = ORIENTED_EDGE('',*,*,#3769,.F.);
#3769 = EDGE_CURVE('',#3265,#3762,#3770,.T.);
#3770 = LINE('',#3771,#3772);
#3771 = CARTESIAN_POINT('',(221.7,-11.97,3.));
#3772 = VECTOR('',#3773,1.);
#3773 = DIRECTION('',(1.,0.,0.));
#3774 = PLANE('',#3775);
#3775 = AXIS2_PLACEMENT_3D('',#3776,#3777,#3778);
#3776 = CARTESIAN_POINT('',(221.7,-19.05,3.));
#3777 = DIRECTION('',(0.,0.,1.));
#3778 = DIRECTION('',(1.,0.,0.));
#3779 = ADVANCED_FACE('',(#3780),#3805,.F.);
#3780 = FACE_BOUND('',#3781,.F.);
#3781 = EDGE_LOOP('',(#3782,#3783,#3791,#3799));
#3782 = ORIENTED_EDGE('',*,*,#3281,.F.);
#3783 = ORIENTED_EDGE('',*,*,#3784,.T.);
#3784 = EDGE_CURVE('',#3274,#3785,#3787,.T.);
#3785 = VERTEX_POINT('',#3786);
#3786 = CARTESIAN_POINT('',(221.7,-8.97,0.));
#3787 = LINE('',#3788,#3789);
#3788 = CARTESIAN_POINT('',(221.7,-11.97,0.));
#3789 = VECTOR('',#3790,1.);
#3790 = DIRECTION('',(0.,1.,0.));
#3791 = ORIENTED_EDGE('',*,*,#3792,.T.);
#3792 = EDGE_CURVE('',#3785,#3793,#3795,.T.);
#3793 = VERTEX_POINT('',#3794);
#3794 = CARTESIAN_POINT('',(221.7,-8.97,3.));
#3795 = LINE('',#3796,#3797);
#3796 = CARTESIAN_POINT('',(221.7,-8.97,0.));
#3797 = VECTOR('',#3798,1.);
#3798 = DIRECTION('',(0.,0.,1.));
#3799 = ORIENTED_EDGE('',*,*,#3800,.F.);
#3800 = EDGE_CURVE('',#3265,#3793,#3801,.T.);
#3801 = LINE('',#3802,#3803);
#3802 = CARTESIAN_POINT('',(221.7,-11.97,3.));
#3803 = VECTOR('',#3804,1.);
#3804 = DIRECTION('',(0.,1.,0.));
#3805 = PLANE('',#3806);
#3806 = AXIS2_PLACEMENT_3D('',#3807,#3808,#3809);
#3807 = CARTESIAN_POINT('',(221.7,-11.97,0.));
#3808 = DIRECTION('',(1.,0.,0.));
#3809 = DIRECTION('',(0.,0.,1.));
#3810 = ADVANCED_FACE('',(#3811),#3829,.F.);
#3811 = FACE_BOUND('',#3812,.F.);
#3812 = EDGE_LOOP('',(#3813,#3814,#3815,#3823));
#3813 = ORIENTED_EDGE('',*,*,#3273,.F.);
#3814 = ORIENTED_EDGE('',*,*,#3343,.T.);
#3815 = ORIENTED_EDGE('',*,*,#3816,.T.);
#3816 = EDGE_CURVE('',#3336,#3817,#3819,.T.);
#3817 = VERTEX_POINT('',#3818);
#3818 = CARTESIAN_POINT('',(224.7,-11.97,0.));
#3819 = LINE('',#3820,#3821);
#3820 = CARTESIAN_POINT('',(224.7,-19.05,0.));
#3821 = VECTOR('',#3822,1.);
#3822 = DIRECTION('',(0.,1.,0.));
#3823 = ORIENTED_EDGE('',*,*,#3824,.F.);
#3824 = EDGE_CURVE('',#3274,#3817,#3825,.T.);
#3825 = LINE('',#3826,#3827);
#3826 = CARTESIAN_POINT('',(221.7,-11.97,0.));
#3827 = VECTOR('',#3828,1.);
#3828 = DIRECTION('',(1.,0.,0.));
#3829 = PLANE('',#3830);
#3830 = AXIS2_PLACEMENT_3D('',#3831,#3832,#3833);
#3831 = CARTESIAN_POINT('',(221.7,-19.05,0.));
#3832 = DIRECTION('',(0.,0.,1.));
#3833 = DIRECTION('',(1.,0.,0.));
#3834 = ADVANCED_FACE('',(#3835),#3846,.T.);
#3835 = FACE_BOUND('',#3836,.T.);
#3836 = EDGE_LOOP('',(#3837,#3838,#3839,#3845));
#3837 = ORIENTED_EDGE('',*,*,#3360,.F.);
#3838 = ORIENTED_EDGE('',*,*,#3335,.T.);
#3839 = ORIENTED_EDGE('',*,*,#3840,.T.);
#3840 = EDGE_CURVE('',#3336,#3305,#3841,.T.);
#3841 = LINE('',#3842,#3843);
#3842 = CARTESIAN_POINT('',(224.7,-16.05,0.));
#3843 = VECTOR('',#3844,1.);
#3844 = DIRECTION('',(0.,0.,1.));
#3845 = ORIENTED_EDGE('',*,*,#3304,.F.);
#3846 = PLANE('',#3847);
#3847 = AXIS2_PLACEMENT_3D('',#3848,#3849,#3850);
#3848 = CARTESIAN_POINT('',(224.7,-19.05,0.));
#3849 = DIRECTION('',(1.,0.,0.));
#3850 = DIRECTION('',(0.,0.,1.));
#3851 = ADVANCED_FACE('',(#3852),#3858,.F.);
#3852 = FACE_BOUND('',#3853,.F.);
#3853 = EDGE_LOOP('',(#3854,#3855,#3856,#3857));
#3854 = ORIENTED_EDGE('',*,*,#3376,.F.);
#3855 = ORIENTED_EDGE('',*,*,#3682,.T.);
#3856 = ORIENTED_EDGE('',*,*,#3629,.T.);
#3857 = ORIENTED_EDGE('',*,*,#3391,.F.);
#3858 = PLANE('',#3859);
#3859 = AXIS2_PLACEMENT_3D('',#3860,#3861,#3862);
#3860 = CARTESIAN_POINT('',(0.,57.15,0.));
#3861 = DIRECTION('',(1.,0.,0.));
#3862 = DIRECTION('',(0.,0.,1.));
#3863 = ADVANCED_FACE('',(#3864),#3882,.T.);
#3864 = FACE_BOUND('',#3865,.T.);
#3865 = EDGE_LOOP('',(#3866,#3867,#3868,#3876));
#3866 = ORIENTED_EDGE('',*,*,#3644,.F.);
#3867 = ORIENTED_EDGE('',*,*,#3408,.T.);
#3868 = ORIENTED_EDGE('',*,*,#3869,.T.);
#3869 = EDGE_CURVE('',#3401,#3870,#3872,.T.);
#3870 = VERTEX_POINT('',#3871);
#3871 = CARTESIAN_POINT('',(3.,76.2,3.));
#3872 = LINE('',#3873,#3874);
#3873 = CARTESIAN_POINT('',(3.,0.,3.));
#3874 = VECTOR('',#3875,1.);
#3875 = DIRECTION('',(0.,1.,0.));
#3876 = ORIENTED_EDGE('',*,*,#3877,.F.);
#3877 = EDGE_CURVE('',#3116,#3870,#3878,.T.);
#3878 = LINE('',#3879,#3880);
#3879 = CARTESIAN_POINT('',(-11.,76.2,3.));
#3880 = VECTOR('',#3881,1.);
#3881 = DIRECTION('',(1.,0.,0.));
#3882 = PLANE('',#3883);
#3883 = AXIS2_PLACEMENT_3D('',#3884,#3885,#3886);
#3884 = CARTESIAN_POINT('',(0.,0.,3.));
#3885 = DIRECTION('',(0.,0.,1.));
#3886 = DIRECTION('',(1.,0.,0.));
#3887 = ADVANCED_FACE('',(#3888),#3913,.T.);
#3888 = FACE_BOUND('',#3889,.T.);
#3889 = EDGE_LOOP('',(#3890,#3898,#3899,#3907));
#3890 = ORIENTED_EDGE('',*,*,#3891,.F.);
#3891 = EDGE_CURVE('',#3401,#3892,#3894,.T.);
#3892 = VERTEX_POINT('',#3893);
#3893 = CARTESIAN_POINT('',(26.44,60.15,3.));
#3894 = LINE('',#3895,#3896);
#3895 = CARTESIAN_POINT('',(0.,60.15,3.));
#3896 = VECTOR('',#3897,1.);
#3897 = DIRECTION('',(1.,0.,0.));
#3898 = ORIENTED_EDGE('',*,*,#3400,.F.);
#3899 = ORIENTED_EDGE('',*,*,#3900,.T.);
#3900 = EDGE_CURVE('',#2927,#3901,#3903,.T.);
#3901 = VERTEX_POINT('',#3902);
#3902 = CARTESIAN_POINT('',(26.44,57.15,3.));
#3903 = LINE('',#3904,#3905);
#3904 = CARTESIAN_POINT('',(0.,57.15,3.));
#3905 = VECTOR('',#3906,1.);
#3906 = DIRECTION('',(1.,0.,0.));
#3907 = ORIENTED_EDGE('',*,*,#3908,.T.);
#3908 = EDGE_CURVE('',#3901,#3892,#3909,.T.);
#3909 = LINE('',#3910,#3911);
#3910 = CARTESIAN_POINT('',(26.44,57.15,3.));
#3911 = VECTOR('',#3912,1.);
#3912 = DIRECTION('',(0.,1.,0.));
#3913 = PLANE('',#3914);
#3914 = AXIS2_PLACEMENT_3D('',#3915,#3916,#3917);
#3915 = CARTESIAN_POINT('',(0.,57.15,3.));
#3916 = DIRECTION('',(0.,0.,1.));
#3917 = DIRECTION('',(1.,0.,0.));
#3918 = ADVANCED_FACE('',(#3919),#3937,.F.);
#3919 = FACE_BOUND('',#3920,.F.);
#3920 = EDGE_LOOP('',(#3921,#3929,#3935,#3936));
#3921 = ORIENTED_EDGE('',*,*,#3922,.F.);
#3922 = EDGE_CURVE('',#3923,#3901,#3925,.T.);
#3923 = VERTEX_POINT('',#3924);
#3924 = CARTESIAN_POINT('',(26.44,57.15,0.));
#3925 = LINE('',#3926,#3927);
#3926 = CARTESIAN_POINT('',(26.44,57.15,0.));
#3927 = VECTOR('',#3928,1.);
#3928 = DIRECTION('',(0.,0.,1.));
#3929 = ORIENTED_EDGE('',*,*,#3930,.F.);
#3930 = EDGE_CURVE('',#3195,#3923,#3931,.T.);
#3931 = LINE('',#3932,#3933);
#3932 = CARTESIAN_POINT('',(0.,57.15,0.));
#3933 = VECTOR('',#3934,1.);
#3934 = DIRECTION('',(1.,0.,0.));
#3935 = ORIENTED_EDGE('',*,*,#3430,.T.);
#3936 = ORIENTED_EDGE('',*,*,#3900,.T.);
#3937 = PLANE('',#3938);
#3938 = AXIS2_PLACEMENT_3D('',#3939,#3940,#3941);
#3939 = CARTESIAN_POINT('',(0.,57.15,0.));
#3940 = DIRECTION('',(0.,1.,0.));
#3941 = DIRECTION('',(0.,0.,1.));
#3942 = ADVANCED_FACE('',(#3943),#3968,.F.);
#3943 = FACE_BOUND('',#3944,.F.);
#3944 = EDGE_LOOP('',(#3945,#3953,#3954,#3962));
#3945 = ORIENTED_EDGE('',*,*,#3946,.F.);
#3946 = EDGE_CURVE('',#2949,#3947,#3949,.T.);
#3947 = VERTEX_POINT('',#3948);
#3948 = CARTESIAN_POINT('',(74.06,57.15,3.));
#3949 = LINE('',#3950,#3951);
#3950 = CARTESIAN_POINT('',(74.06,38.1,3.));
#3951 = VECTOR('',#3952,1.);
#3952 = DIRECTION('',(0.,1.,0.));
#3953 = ORIENTED_EDGE('',*,*,#3444,.T.);
#3954 = ORIENTED_EDGE('',*,*,#3955,.T.);
#3955 = EDGE_CURVE('',#3217,#3956,#3958,.T.);
#3956 = VERTEX_POINT('',#3957);
#3957 = CARTESIAN_POINT('',(74.06,57.15,0.));
#3958 = LINE('',#3959,#3960);
#3959 = CARTESIAN_POINT('',(74.06,38.1,0.));
#3960 = VECTOR('',#3961,1.);
#3961 = DIRECTION('',(0.,1.,0.));
#3962 = ORIENTED_EDGE('',*,*,#3963,.F.);
#3963 = EDGE_CURVE('',#3947,#3956,#3964,.T.);
#3964 = LINE('',#3965,#3966);
#3965 = CARTESIAN_POINT('',(74.06,57.15,0.));
#3966 = VECTOR('',#3967,1.);
#3967 = DIRECTION('',(0.,0.,-1.));
#3968 = PLANE('',#3969);
#3969 = AXIS2_PLACEMENT_3D('',#3970,#3971,#3972);
#3970 = CARTESIAN_POINT('',(74.06,38.1,0.));
#3971 = DIRECTION('',(1.,0.,0.));
#3972 = DIRECTION('',(0.,0.,1.));
#3973 = ADVANCED_FACE('',(#3974),#3992,.T.);
#3974 = FACE_BOUND('',#3975,.T.);
#3975 = EDGE_LOOP('',(#3976,#3977,#3978,#3986));
#3976 = ORIENTED_EDGE('',*,*,#3946,.F.);
#3977 = ORIENTED_EDGE('',*,*,#3461,.T.);
#3978 = ORIENTED_EDGE('',*,*,#3979,.T.);
#3979 = EDGE_CURVE('',#3462,#3980,#3982,.T.);
#3980 = VERTEX_POINT('',#3981);
#3981 = CARTESIAN_POINT('',(77.06,57.15,3.));
#3982 = LINE('',#3983,#3984);
#3983 = CARTESIAN_POINT('',(77.06,38.1,3.));
#3984 = VECTOR('',#3985,1.);
#3985 = DIRECTION('',(0.,1.,0.));
#3986 = ORIENTED_EDGE('',*,*,#3987,.F.);
#3987 = EDGE_CURVE('',#3947,#3980,#3988,.T.);
#3988 = LINE('',#3989,#3990);
#3989 = CARTESIAN_POINT('',(0.,57.15,3.));
#3990 = VECTOR('',#3991,1.);
#3991 = DIRECTION('',(1.,0.,0.));
#3992 = PLANE('',#3993);
#3993 = AXIS2_PLACEMENT_3D('',#3994,#3995,#3996);
#3994 = CARTESIAN_POINT('',(74.06,38.1,3.));
#3995 = DIRECTION('',(0.,0.,1.));
#3996 = DIRECTION('',(1.,0.,0.));
#3997 = ADVANCED_FACE('',(#3998),#4023,.T.);
#3998 = FACE_BOUND('',#3999,.T.);
#3999 = EDGE_LOOP('',(#4000,#4008,#4009,#4017));
#4000 = ORIENTED_EDGE('',*,*,#4001,.F.);
#4001 = EDGE_CURVE('',#3462,#4002,#4004,.T.);
#4002 = VERTEX_POINT('',#4003);
#4003 = CARTESIAN_POINT('',(97.88,41.1,3.));
#4004 = LINE('',#4005,#4006);
#4005 = CARTESIAN_POINT('',(0.,41.1,3.));
#4006 = VECTOR('',#4007,1.);
#4007 = DIRECTION('',(1.,0.,0.));
#4008 = ORIENTED_EDGE('',*,*,#3478,.F.);
#4009 = ORIENTED_EDGE('',*,*,#4010,.T.);
#4010 = EDGE_CURVE('',#3471,#4011,#4013,.T.);
#4011 = VERTEX_POINT('',#4012);
#4012 = CARTESIAN_POINT('',(97.88,38.1,3.));
#4013 = LINE('',#4014,#4015);
#4014 = CARTESIAN_POINT('',(0.,38.1,3.));
#4015 = VECTOR('',#4016,1.);
#4016 = DIRECTION('',(1.,0.,0.));
#4017 = ORIENTED_EDGE('',*,*,#4018,.T.);
#4018 = EDGE_CURVE('',#4011,#4002,#4019,.T.);
#4019 = LINE('',#4020,#4021);
#4020 = CARTESIAN_POINT('',(97.88,19.05,3.));
#4021 = VECTOR('',#4022,1.);
#4022 = DIRECTION('',(0.,1.,0.));
#4023 = PLANE('',#4024);
#4024 = AXIS2_PLACEMENT_3D('',#4025,#4026,#4027);
#4025 = CARTESIAN_POINT('',(0.,38.1,3.));
#4026 = DIRECTION('',(0.,0.,1.));
#4027 = DIRECTION('',(1.,0.,0.));
#4028 = ADVANCED_FACE('',(#4029),#4047,.F.);
#4029 = FACE_BOUND('',#4030,.F.);
#4030 = EDGE_LOOP('',(#4031,#4039,#4040,#4041));
#4031 = ORIENTED_EDGE('',*,*,#4032,.F.);
#4032 = EDGE_CURVE('',#3493,#4033,#4035,.T.);
#4033 = VERTEX_POINT('',#4034);
#4034 = CARTESIAN_POINT('',(97.88,38.1,0.));
#4035 = LINE('',#4036,#4037);
#4036 = CARTESIAN_POINT('',(0.,38.1,0.));
#4037 = VECTOR('',#4038,1.);
#4038 = DIRECTION('',(1.,0.,0.));
#4039 = ORIENTED_EDGE('',*,*,#3502,.T.);
#4040 = ORIENTED_EDGE('',*,*,#4010,.T.);
#4041 = ORIENTED_EDGE('',*,*,#4042,.F.);
#4042 = EDGE_CURVE('',#4033,#4011,#4043,.T.);
#4043 = LINE('',#4044,#4045);
#4044 = CARTESIAN_POINT('',(97.88,38.1,0.));
#4045 = VECTOR('',#4046,1.);
#4046 = DIRECTION('',(0.,0.,1.));
#4047 = PLANE('',#4048);
#4048 = AXIS2_PLACEMENT_3D('',#4049,#4050,#4051);
#4049 = CARTESIAN_POINT('',(0.,38.1,0.));
#4050 = DIRECTION('',(0.,1.,0.));
#4051 = DIRECTION('',(0.,0.,1.));
#4052 = ADVANCED_FACE('',(#4053),#4069,.F.);
#4053 = FACE_BOUND('',#4054,.F.);
#4054 = EDGE_LOOP('',(#4055,#4061,#4062,#4068));
#4055 = ORIENTED_EDGE('',*,*,#4056,.F.);
#4056 = EDGE_CURVE('',#3021,#4011,#4057,.T.);
#4057 = LINE('',#4058,#4059);
#4058 = CARTESIAN_POINT('',(97.88,19.05,3.));
#4059 = VECTOR('',#4060,1.);
#4060 = DIRECTION('',(0.,1.,0.));
#4061 = ORIENTED_EDGE('',*,*,#3519,.F.);
#4062 = ORIENTED_EDGE('',*,*,#4063,.T.);
#4063 = EDGE_CURVE('',#3241,#4033,#4064,.T.);
#4064 = LINE('',#4065,#4066);
#4065 = CARTESIAN_POINT('',(97.88,19.05,0.));
#4066 = VECTOR('',#4067,1.);
#4067 = DIRECTION('',(0.,1.,0.));
#4068 = ORIENTED_EDGE('',*,*,#4042,.T.);
#4069 = PLANE('',#4070);
#4070 = AXIS2_PLACEMENT_3D('',#4071,#4072,#4073);
#4071 = CARTESIAN_POINT('',(97.88,19.05,0.));
#4072 = DIRECTION('',(1.,0.,0.));
#4073 = DIRECTION('',(0.,0.,1.));
#4074 = ADVANCED_FACE('',(#4075),#4093,.T.);
#4075 = FACE_BOUND('',#4076,.T.);
#4076 = EDGE_LOOP('',(#4077,#4078,#4079,#4087));
#4077 = ORIENTED_EDGE('',*,*,#4056,.F.);
#4078 = ORIENTED_EDGE('',*,*,#3550,.T.);
#4079 = ORIENTED_EDGE('',*,*,#4080,.T.);
#4080 = EDGE_CURVE('',#3543,#4081,#4083,.T.);
#4081 = VERTEX_POINT('',#4082);
#4082 = CARTESIAN_POINT('',(100.88,38.1,3.));
#4083 = LINE('',#4084,#4085);
#4084 = CARTESIAN_POINT('',(100.88,19.05,3.));
#4085 = VECTOR('',#4086,1.);
#4086 = DIRECTION('',(0.,1.,0.));
#4087 = ORIENTED_EDGE('',*,*,#4088,.F.);
#4088 = EDGE_CURVE('',#4011,#4081,#4089,.T.);
#4089 = LINE('',#4090,#4091);
#4090 = CARTESIAN_POINT('',(0.,38.1,3.));
#4091 = VECTOR('',#4092,1.);
#4092 = DIRECTION('',(1.,0.,0.));
#4093 = PLANE('',#4094);
#4094 = AXIS2_PLACEMENT_3D('',#4095,#4096,#4097);
#4095 = CARTESIAN_POINT('',(97.88,19.05,3.));
#4096 = DIRECTION('',(0.,0.,1.));
#4097 = DIRECTION('',(1.,0.,0.));
#4098 = ADVANCED_FACE('',(#4099),#4124,.T.);
#4099 = FACE_BOUND('',#4100,.T.);
#4100 = EDGE_LOOP('',(#4101,#4109,#4110,#4118));
#4101 = ORIENTED_EDGE('',*,*,#4102,.F.);
#4102 = EDGE_CURVE('',#3543,#4103,#4105,.T.);
#4103 = VERTEX_POINT('',#4104);
#4104 = CARTESIAN_POINT('',(145.5,22.05,3.));
#4105 = LINE('',#4106,#4107);
#4106 = CARTESIAN_POINT('',(0.,22.05,3.));
#4107 = VECTOR('',#4108,1.);
#4108 = DIRECTION('',(1.,0.,0.));
#4109 = ORIENTED_EDGE('',*,*,#3542,.F.);
#4110 = ORIENTED_EDGE('',*,*,#4111,.T.);
#4111 = EDGE_CURVE('',#3535,#4112,#4114,.T.);
#4112 = VERTEX_POINT('',#4113);
#4113 = CARTESIAN_POINT('',(145.5,19.05,3.));
#4114 = LINE('',#4115,#4116);
#4115 = CARTESIAN_POINT('',(0.,19.05,3.));
#4116 = VECTOR('',#4117,1.);
#4117 = DIRECTION('',(1.,0.,0.));
#4118 = ORIENTED_EDGE('',*,*,#4119,.T.);
#4119 = EDGE_CURVE('',#4112,#4103,#4120,.T.);
#4120 = LINE('',#4121,#4122);
#4121 = CARTESIAN_POINT('',(145.5,11.03,3.));
#4122 = VECTOR('',#4123,1.);
#4123 = DIRECTION('',(0.,1.,0.));
#4124 = PLANE('',#4125);
#4125 = AXIS2_PLACEMENT_3D('',#4126,#4127,#4128);
#4126 = CARTESIAN_POINT('',(0.,19.05,3.));
#4127 = DIRECTION('',(0.,0.,1.));
#4128 = DIRECTION('',(1.,0.,0.));
#4129 = ADVANCED_FACE('',(#4130),#4148,.F.);
#4130 = FACE_BOUND('',#4131,.F.);
#4131 = EDGE_LOOP('',(#4132,#4140,#4141,#4142));
#4132 = ORIENTED_EDGE('',*,*,#4133,.F.);
#4133 = EDGE_CURVE('',#3565,#4134,#4136,.T.);
#4134 = VERTEX_POINT('',#4135);
#4135 = CARTESIAN_POINT('',(145.5,19.05,0.));
#4136 = LINE('',#4137,#4138);
#4137 = CARTESIAN_POINT('',(0.,19.05,0.));
#4138 = VECTOR('',#4139,1.);
#4139 = DIRECTION('',(1.,0.,0.));
#4140 = ORIENTED_EDGE('',*,*,#3574,.T.);
#4141 = ORIENTED_EDGE('',*,*,#4111,.T.);
#4142 = ORIENTED_EDGE('',*,*,#4143,.T.);
#4143 = EDGE_CURVE('',#4112,#4134,#4144,.T.);
#4144 = LINE('',#4145,#4146);
#4145 = CARTESIAN_POINT('',(145.5,19.05,0.));
#4146 = VECTOR('',#4147,1.);
#4147 = DIRECTION('',(0.,0.,-1.));
#4148 = PLANE('',#4149);
#4149 = AXIS2_PLACEMENT_3D('',#4150,#4151,#4152);
#4150 = CARTESIAN_POINT('',(0.,19.05,0.));
#4151 = DIRECTION('',(0.,1.,0.));
#4152 = DIRECTION('',(0.,0.,1.));
#4153 = ADVANCED_FACE('',(#4154),#4165,.T.);
#4154 = FACE_BOUND('',#4155,.T.);
#4155 = EDGE_LOOP('',(#4156,#4157,#4158,#4159));
#4156 = ORIENTED_EDGE('',*,*,#3615,.F.);
#4157 = ORIENTED_EDGE('',*,*,#3591,.T.);
#4158 = ORIENTED_EDGE('',*,*,#3668,.T.);
#4159 = ORIENTED_EDGE('',*,*,#4160,.F.);
#4160 = EDGE_CURVE('',#3608,#3661,#4161,.T.);
#4161 = LINE('',#4162,#4163);
#4162 = CARTESIAN_POINT('',(0.,79.2,0.));
#4163 = VECTOR('',#4164,1.);
#4164 = DIRECTION('',(0.,0.,1.));
#4165 = PLANE('',#4166);
#4166 = AXIS2_PLACEMENT_3D('',#4167,#4168,#4169);
#4167 = CARTESIAN_POINT('',(-11.,79.2,0.));
#4168 = DIRECTION('',(0.,1.,0.));
#4169 = DIRECTION('',(0.,0.,1.));
#4170 = ADVANCED_FACE('',(#4171),#4196,.F.);
#4171 = FACE_BOUND('',#4172,.F.);
#4172 = EDGE_LOOP('',(#4173,#4174,#4182,#4190));
#4173 = ORIENTED_EDGE('',*,*,#3607,.F.);
#4174 = ORIENTED_EDGE('',*,*,#4175,.T.);
#4175 = EDGE_CURVE('',#3107,#4176,#4178,.T.);
#4176 = VERTEX_POINT('',#4177);
#4177 = CARTESIAN_POINT('',(3.,76.2,0.));
#4178 = LINE('',#4179,#4180);
#4179 = CARTESIAN_POINT('',(-11.,76.2,0.));
#4180 = VECTOR('',#4181,1.);
#4181 = DIRECTION('',(1.,0.,0.));
#4182 = ORIENTED_EDGE('',*,*,#4183,.T.);
#4183 = EDGE_CURVE('',#4176,#4184,#4186,.T.);
#4184 = VERTEX_POINT('',#4185);
#4185 = CARTESIAN_POINT('',(3.,79.2,0.));
#4186 = LINE('',#4187,#4188);
#4187 = CARTESIAN_POINT('',(3.,0.,0.));
#4188 = VECTOR('',#4189,1.);
#4189 = DIRECTION('',(0.,1.,0.));
#4190 = ORIENTED_EDGE('',*,*,#4191,.F.);
#4191 = EDGE_CURVE('',#3608,#4184,#4192,.T.);
#4192 = LINE('',#4193,#4194);
#4193 = CARTESIAN_POINT('',(0.,79.2,0.));
#4194 = VECTOR('',#4195,1.);
#4195 = DIRECTION('',(1.,0.,0.));
#4196 = PLANE('',#4197);
#4197 = AXIS2_PLACEMENT_3D('',#4198,#4199,#4200);
#4198 = CARTESIAN_POINT('',(0.,0.,0.));
#4199 = DIRECTION('',(0.,0.,1.));
#4200 = DIRECTION('',(1.,0.,0.));
#4201 = ADVANCED_FACE('',(#4202),#4213,.F.);
#4202 = FACE_BOUND('',#4203,.F.);
#4203 = EDGE_LOOP('',(#4204,#4205,#4206,#4212));
#4204 = ORIENTED_EDGE('',*,*,#3637,.F.);
#4205 = ORIENTED_EDGE('',*,*,#3697,.T.);
#4206 = ORIENTED_EDGE('',*,*,#4207,.T.);
#4207 = EDGE_CURVE('',#3690,#4176,#4208,.T.);
#4208 = LINE('',#4209,#4210);
#4209 = CARTESIAN_POINT('',(3.,0.,0.));
#4210 = VECTOR('',#4211,1.);
#4211 = DIRECTION('',(0.,1.,0.));
#4212 = ORIENTED_EDGE('',*,*,#4175,.F.);
#4213 = PLANE('',#4214);
#4214 = AXIS2_PLACEMENT_3D('',#4215,#4216,#4217);
#4215 = CARTESIAN_POINT('',(0.,0.,0.));
#4216 = DIRECTION('',(0.,0.,1.));
#4217 = DIRECTION('',(1.,0.,0.));
#4218 = ADVANCED_FACE('',(#4219),#4237,.T.);
#4219 = FACE_BOUND('',#4220,.T.);
#4220 = EDGE_LOOP('',(#4221,#4222,#4223,#4231));
#4221 = ORIENTED_EDGE('',*,*,#3660,.F.);
#4222 = ORIENTED_EDGE('',*,*,#3877,.T.);
#4223 = ORIENTED_EDGE('',*,*,#4224,.T.);
#4224 = EDGE_CURVE('',#3870,#4225,#4227,.T.);
#4225 = VERTEX_POINT('',#4226);
#4226 = CARTESIAN_POINT('',(3.,79.2,3.));
#4227 = LINE('',#4228,#4229);
#4228 = CARTESIAN_POINT('',(3.,0.,3.));
#4229 = VECTOR('',#4230,1.);
#4230 = DIRECTION('',(0.,1.,0.));
#4231 = ORIENTED_EDGE('',*,*,#4232,.F.);
#4232 = EDGE_CURVE('',#3661,#4225,#4233,.T.);
#4233 = LINE('',#4234,#4235);
#4234 = CARTESIAN_POINT('',(0.,79.2,3.));
#4235 = VECTOR('',#4236,1.);
#4236 = DIRECTION('',(1.,0.,0.));
#4237 = PLANE('',#4238);
#4238 = AXIS2_PLACEMENT_3D('',#4239,#4240,#4241);
#4239 = CARTESIAN_POINT('',(0.,0.,3.));
#4240 = DIRECTION('',(0.,0.,1.));
#4241 = DIRECTION('',(1.,0.,0.));
#4242 = ADVANCED_FACE('',(#4243),#4261,.F.);
#4243 = FACE_BOUND('',#4244,.F.);
#4244 = EDGE_LOOP('',(#4245,#4253,#4254,#4255));
#4245 = ORIENTED_EDGE('',*,*,#4246,.F.);
#4246 = EDGE_CURVE('',#3690,#4247,#4249,.T.);
#4247 = VERTEX_POINT('',#4248);
#4248 = CARTESIAN_POINT('',(26.44,60.15,0.));
#4249 = LINE('',#4250,#4251);
#4250 = CARTESIAN_POINT('',(0.,60.15,0.));
#4251 = VECTOR('',#4252,1.);
#4252 = DIRECTION('',(1.,0.,0.));
#4253 = ORIENTED_EDGE('',*,*,#3689,.F.);
#4254 = ORIENTED_EDGE('',*,*,#3930,.T.);
#4255 = ORIENTED_EDGE('',*,*,#4256,.T.);
#4256 = EDGE_CURVE('',#3923,#4247,#4257,.T.);
#4257 = LINE('',#4258,#4259);
#4258 = CARTESIAN_POINT('',(26.44,57.15,0.));
#4259 = VECTOR('',#4260,1.);
#4260 = DIRECTION('',(0.,1.,0.));
#4261 = PLANE('',#4262);
#4262 = AXIS2_PLACEMENT_3D('',#4263,#4264,#4265);
#4263 = CARTESIAN_POINT('',(0.,57.15,0.));
#4264 = DIRECTION('',(0.,0.,1.));
#4265 = DIRECTION('',(1.,0.,0.));
#4266 = ADVANCED_FACE('',(#4267),#4285,.F.);
#4267 = FACE_BOUND('',#4268,.F.);
#4268 = EDGE_LOOP('',(#4269,#4270,#4271,#4279));
#4269 = ORIENTED_EDGE('',*,*,#3955,.F.);
#4270 = ORIENTED_EDGE('',*,*,#3711,.T.);
#4271 = ORIENTED_EDGE('',*,*,#4272,.T.);
#4272 = EDGE_CURVE('',#3712,#4273,#4275,.T.);
#4273 = VERTEX_POINT('',#4274);
#4274 = CARTESIAN_POINT('',(77.06,57.15,0.));
#4275 = LINE('',#4276,#4277);
#4276 = CARTESIAN_POINT('',(77.06,38.1,0.));
#4277 = VECTOR('',#4278,1.);
#4278 = DIRECTION('',(0.,1.,0.));
#4279 = ORIENTED_EDGE('',*,*,#4280,.F.);
#4280 = EDGE_CURVE('',#3956,#4273,#4281,.T.);
#4281 = LINE('',#4282,#4283);
#4282 = CARTESIAN_POINT('',(0.,57.15,0.));
#4283 = VECTOR('',#4284,1.);
#4284 = DIRECTION('',(1.,0.,0.));
#4285 = PLANE('',#4286);
#4286 = AXIS2_PLACEMENT_3D('',#4287,#4288,#4289);
#4287 = CARTESIAN_POINT('',(74.06,38.1,0.));
#4288 = DIRECTION('',(0.,0.,1.));
#4289 = DIRECTION('',(1.,0.,0.));
#4290 = ADVANCED_FACE('',(#4291),#4309,.F.);
#4291 = FACE_BOUND('',#4292,.F.);
#4292 = EDGE_LOOP('',(#4293,#4301,#4302,#4303));
#4293 = ORIENTED_EDGE('',*,*,#4294,.F.);
#4294 = EDGE_CURVE('',#3712,#4295,#4297,.T.);
#4295 = VERTEX_POINT('',#4296);
#4296 = CARTESIAN_POINT('',(97.88,41.1,0.));
#4297 = LINE('',#4298,#4299);
#4298 = CARTESIAN_POINT('',(0.,41.1,0.));
#4299 = VECTOR('',#4300,1.);
#4300 = DIRECTION('',(1.,0.,0.));
#4301 = ORIENTED_EDGE('',*,*,#3721,.F.);
#4302 = ORIENTED_EDGE('',*,*,#4032,.T.);
#4303 = ORIENTED_EDGE('',*,*,#4304,.T.);
#4304 = EDGE_CURVE('',#4033,#4295,#4305,.T.);
#4305 = LINE('',#4306,#4307);
#4306 = CARTESIAN_POINT('',(97.88,19.05,0.));
#4307 = VECTOR('',#4308,1.);
#4308 = DIRECTION('',(0.,1.,0.));
#4309 = PLANE('',#4310);
#4310 = AXIS2_PLACEMENT_3D('',#4311,#4312,#4313);
#4311 = CARTESIAN_POINT('',(0.,38.1,0.));
#4312 = DIRECTION('',(0.,0.,1.));
#4313 = DIRECTION('',(1.,0.,0.));
#4314 = ADVANCED_FACE('',(#4315),#4333,.F.);
#4315 = FACE_BOUND('',#4316,.F.);
#4316 = EDGE_LOOP('',(#4317,#4318,#4319,#4327));
#4317 = ORIENTED_EDGE('',*,*,#4063,.F.);
#4318 = ORIENTED_EDGE('',*,*,#3745,.T.);
#4319 = ORIENTED_EDGE('',*,*,#4320,.T.);
#4320 = EDGE_CURVE('',#3738,#4321,#4323,.T.);
#4321 = VERTEX_POINT('',#4322);
#4322 = CARTESIAN_POINT('',(100.88,38.1,0.));
#4323 = LINE('',#4324,#4325);
#4324 = CARTESIAN_POINT('',(100.88,19.05,0.));
#4325 = VECTOR('',#4326,1.);
#4326 = DIRECTION('',(0.,1.,0.));
#4327 = ORIENTED_EDGE('',*,*,#4328,.F.);
#4328 = EDGE_CURVE('',#4033,#4321,#4329,.T.);
#4329 = LINE('',#4330,#4331);
#4330 = CARTESIAN_POINT('',(0.,38.1,0.));
#4331 = VECTOR('',#4332,1.);
#4332 = DIRECTION('',(1.,0.,0.));
#4333 = PLANE('',#4334);
#4334 = AXIS2_PLACEMENT_3D('',#4335,#4336,#4337);
#4335 = CARTESIAN_POINT('',(97.88,19.05,0.));
#4336 = DIRECTION('',(0.,0.,1.));
#4337 = DIRECTION('',(1.,0.,0.));
#4338 = ADVANCED_FACE('',(#4339),#4357,.F.);
#4339 = FACE_BOUND('',#4340,.F.);
#4340 = EDGE_LOOP('',(#4341,#4349,#4350,#4351));
#4341 = ORIENTED_EDGE('',*,*,#4342,.F.);
#4342 = EDGE_CURVE('',#3738,#4343,#4345,.T.);
#4343 = VERTEX_POINT('',#4344);
#4344 = CARTESIAN_POINT('',(145.5,22.05,0.));
#4345 = LINE('',#4346,#4347);
#4346 = CARTESIAN_POINT('',(0.,22.05,0.));
#4347 = VECTOR('',#4348,1.);
#4348 = DIRECTION('',(1.,0.,0.));
#4349 = ORIENTED_EDGE('',*,*,#3737,.F.);
#4350 = ORIENTED_EDGE('',*,*,#4133,.T.);
#4351 = ORIENTED_EDGE('',*,*,#4352,.T.);
#4352 = EDGE_CURVE('',#4134,#4343,#4353,.T.);
#4353 = LINE('',#4354,#4355);
#4354 = CARTESIAN_POINT('',(145.5,11.03,0.));
#4355 = VECTOR('',#4356,1.);
#4356 = DIRECTION('',(0.,1.,0.));
#4357 = PLANE('',#4358);
#4358 = AXIS2_PLACEMENT_3D('',#4359,#4360,#4361);
#4359 = CARTESIAN_POINT('',(0.,19.05,0.));
#4360 = DIRECTION('',(0.,0.,1.));
#4361 = DIRECTION('',(1.,0.,0.));
#4362 = ADVANCED_FACE('',(#4363),#4381,.T.);
#4363 = FACE_BOUND('',#4364,.T.);
#4364 = EDGE_LOOP('',(#4365,#4366,#4367,#4375));
#4365 = ORIENTED_EDGE('',*,*,#3800,.F.);
#4366 = ORIENTED_EDGE('',*,*,#3769,.T.);
#4367 = ORIENTED_EDGE('',*,*,#4368,.T.);
#4368 = EDGE_CURVE('',#3762,#4369,#4371,.T.);
#4369 = VERTEX_POINT('',#4370);
#4370 = CARTESIAN_POINT('',(224.7,-8.97,3.));
#4371 = LINE('',#4372,#4373);
#4372 = CARTESIAN_POINT('',(224.7,-19.05,3.));
#4373 = VECTOR('',#4374,1.);
#4374 = DIRECTION('',(0.,1.,0.));
#4375 = ORIENTED_EDGE('',*,*,#4376,.F.);
#4376 = EDGE_CURVE('',#3793,#4369,#4377,.T.);
#4377 = LINE('',#4378,#4379);
#4378 = CARTESIAN_POINT('',(221.7,-8.97,3.));
#4379 = VECTOR('',#4380,1.);
#4380 = DIRECTION('',(1.,0.,0.));
#4381 = PLANE('',#4382);
#4382 = AXIS2_PLACEMENT_3D('',#4383,#4384,#4385);
#4383 = CARTESIAN_POINT('',(221.7,-19.05,3.));
#4384 = DIRECTION('',(0.,0.,1.));
#4385 = DIRECTION('',(1.,0.,0.));
#4386 = ADVANCED_FACE('',(#4387),#4398,.T.);
#4387 = FACE_BOUND('',#4388,.T.);
#4388 = EDGE_LOOP('',(#4389,#4390,#4391,#4392));
#4389 = ORIENTED_EDGE('',*,*,#3761,.F.);
#4390 = ORIENTED_EDGE('',*,*,#3840,.F.);
#4391 = ORIENTED_EDGE('',*,*,#3816,.T.);
#4392 = ORIENTED_EDGE('',*,*,#4393,.T.);
#4393 = EDGE_CURVE('',#3817,#3762,#4394,.T.);
#4394 = LINE('',#4395,#4396);
#4395 = CARTESIAN_POINT('',(224.7,-11.97,0.));
#4396 = VECTOR('',#4397,1.);
#4397 = DIRECTION('',(0.,0.,1.));
#4398 = PLANE('',#4399);
#4399 = AXIS2_PLACEMENT_3D('',#4400,#4401,#4402);
#4400 = CARTESIAN_POINT('',(224.7,-19.05,0.));
#4401 = DIRECTION('',(1.,0.,0.));
#4402 = DIRECTION('',(0.,0.,1.));
#4403 = ADVANCED_FACE('',(#4404),#4429,.F.);
#4404 = FACE_BOUND('',#4405,.F.);
#4405 = EDGE_LOOP('',(#4406,#4414,#4415,#4423));
#4406 = ORIENTED_EDGE('',*,*,#4407,.F.);
#4407 = EDGE_CURVE('',#3793,#4408,#4410,.T.);
#4408 = VERTEX_POINT('',#4409);
#4409 = CARTESIAN_POINT('',(221.7,0.,3.));
#4410 = LINE('',#4411,#4412);
#4411 = CARTESIAN_POINT('',(221.7,-19.05,3.));
#4412 = VECTOR('',#4413,1.);
#4413 = DIRECTION('',(0.,1.,0.));
#4414 = ORIENTED_EDGE('',*,*,#3792,.F.);
#4415 = ORIENTED_EDGE('',*,*,#4416,.T.);
#4416 = EDGE_CURVE('',#3785,#4417,#4419,.T.);
#4417 = VERTEX_POINT('',#4418);
#4418 = CARTESIAN_POINT('',(221.7,0.,0.));
#4419 = LINE('',#4420,#4421);
#4420 = CARTESIAN_POINT('',(221.7,-19.05,0.));
#4421 = VECTOR('',#4422,1.);
#4422 = DIRECTION('',(0.,1.,0.));
#4423 = ORIENTED_EDGE('',*,*,#4424,.T.);
#4424 = EDGE_CURVE('',#4417,#4408,#4425,.T.);
#4425 = LINE('',#4426,#4427);
#4426 = CARTESIAN_POINT('',(221.7,0.,0.));
#4427 = VECTOR('',#4428,1.);
#4428 = DIRECTION('',(0.,0.,1.));
#4429 = PLANE('',#4430);
#4430 = AXIS2_PLACEMENT_3D('',#4431,#4432,#4433);
#4431 = CARTESIAN_POINT('',(221.7,-19.05,0.));
#4432 = DIRECTION('',(1.,0.,0.));
#4433 = DIRECTION('',(0.,0.,1.));
#4434 = ADVANCED_FACE('',(#4435),#4453,.F.);
#4435 = FACE_BOUND('',#4436,.F.);
#4436 = EDGE_LOOP('',(#4437,#4438,#4439,#4447));
#4437 = ORIENTED_EDGE('',*,*,#3784,.F.);
#4438 = ORIENTED_EDGE('',*,*,#3824,.T.);
#4439 = ORIENTED_EDGE('',*,*,#4440,.T.);
#4440 = EDGE_CURVE('',#3817,#4441,#4443,.T.);
#4441 = VERTEX_POINT('',#4442);
#4442 = CARTESIAN_POINT('',(224.7,-8.97,0.));
#4443 = LINE('',#4444,#4445);
#4444 = CARTESIAN_POINT('',(224.7,-19.05,0.));
#4445 = VECTOR('',#4446,1.);
#4446 = DIRECTION('',(0.,1.,0.));
#4447 = ORIENTED_EDGE('',*,*,#4448,.F.);
#4448 = EDGE_CURVE('',#3785,#4441,#4449,.T.);
#4449 = LINE('',#4450,#4451);
#4450 = CARTESIAN_POINT('',(221.7,-8.97,0.));
#4451 = VECTOR('',#4452,1.);
#4452 = DIRECTION('',(1.,0.,0.));
#4453 = PLANE('',#4454);
#4454 = AXIS2_PLACEMENT_3D('',#4455,#4456,#4457);
#4455 = CARTESIAN_POINT('',(221.7,-19.05,0.));
#4456 = DIRECTION('',(0.,0.,1.));
#4457 = DIRECTION('',(1.,0.,0.));
#4458 = ADVANCED_FACE('',(#4459),#4475,.T.);
#4459 = FACE_BOUND('',#4460,.T.);
#4460 = EDGE_LOOP('',(#4461,#4462,#4468,#4469));
#4461 = ORIENTED_EDGE('',*,*,#3869,.F.);
#4462 = ORIENTED_EDGE('',*,*,#4463,.F.);
#4463 = EDGE_CURVE('',#3690,#3401,#4464,.T.);
#4464 = LINE('',#4465,#4466);
#4465 = CARTESIAN_POINT('',(3.,60.15,0.));
#4466 = VECTOR('',#4467,1.);
#4467 = DIRECTION('',(0.,0.,1.));
#4468 = ORIENTED_EDGE('',*,*,#4207,.T.);
#4469 = ORIENTED_EDGE('',*,*,#4470,.T.);
#4470 = EDGE_CURVE('',#4176,#3870,#4471,.T.);
#4471 = LINE('',#4472,#4473);
#4472 = CARTESIAN_POINT('',(3.,76.2,0.));
#4473 = VECTOR('',#4474,1.);
#4474 = DIRECTION('',(0.,0.,1.));
#4475 = PLANE('',#4476);
#4476 = AXIS2_PLACEMENT_3D('',#4477,#4478,#4479);
#4477 = CARTESIAN_POINT('',(3.,0.,0.));
#4478 = DIRECTION('',(1.,0.,0.));
#4479 = DIRECTION('',(0.,0.,1.));
#4480 = ADVANCED_FACE('',(#4481),#4492,.T.);
#4481 = FACE_BOUND('',#4482,.T.);
#4482 = EDGE_LOOP('',(#4483,#4489,#4490,#4491));
#4483 = ORIENTED_EDGE('',*,*,#4484,.F.);
#4484 = EDGE_CURVE('',#4247,#3892,#4485,.T.);
#4485 = LINE('',#4486,#4487);
#4486 = CARTESIAN_POINT('',(26.44,60.15,0.));
#4487 = VECTOR('',#4488,1.);
#4488 = DIRECTION('',(0.,0.,1.));
#4489 = ORIENTED_EDGE('',*,*,#4246,.F.);
#4490 = ORIENTED_EDGE('',*,*,#4463,.T.);
#4491 = ORIENTED_EDGE('',*,*,#3891,.T.);
#4492 = PLANE('',#4493);
#4493 = AXIS2_PLACEMENT_3D('',#4494,#4495,#4496);
#4494 = CARTESIAN_POINT('',(0.,60.15,0.));
#4495 = DIRECTION('',(0.,1.,0.));
#4496 = DIRECTION('',(0.,0.,1.));
#4497 = ADVANCED_FACE('',(#4498),#4523,.T.);
#4498 = FACE_BOUND('',#4499,.T.);
#4499 = EDGE_LOOP('',(#4500,#4501,#4509,#4517));
#4500 = ORIENTED_EDGE('',*,*,#3908,.F.);
#4501 = ORIENTED_EDGE('',*,*,#4502,.T.);
#4502 = EDGE_CURVE('',#3901,#4503,#4505,.T.);
#4503 = VERTEX_POINT('',#4504);
#4504 = CARTESIAN_POINT('',(29.44,57.15,3.));
#4505 = LINE('',#4506,#4507);
#4506 = CARTESIAN_POINT('',(26.44,57.15,3.));
#4507 = VECTOR('',#4508,1.);
#4508 = DIRECTION('',(1.,0.,0.));
#4509 = ORIENTED_EDGE('',*,*,#4510,.T.);
#4510 = EDGE_CURVE('',#4503,#4511,#4513,.T.);
#4511 = VERTEX_POINT('',#4512);
#4512 = CARTESIAN_POINT('',(29.44,60.15,3.));
#4513 = LINE('',#4514,#4515);
#4514 = CARTESIAN_POINT('',(29.44,57.15,3.));
#4515 = VECTOR('',#4516,1.);
#4516 = DIRECTION('',(0.,1.,0.));
#4517 = ORIENTED_EDGE('',*,*,#4518,.F.);
#4518 = EDGE_CURVE('',#3892,#4511,#4519,.T.);
#4519 = LINE('',#4520,#4521);
#4520 = CARTESIAN_POINT('',(0.,60.15,3.));
#4521 = VECTOR('',#4522,1.);
#4522 = DIRECTION('',(1.,0.,0.));
#4523 = PLANE('',#4524);
#4524 = AXIS2_PLACEMENT_3D('',#4525,#4526,#4527);
#4525 = CARTESIAN_POINT('',(26.44,57.15,3.));
#4526 = DIRECTION('',(0.,0.,1.));
#4527 = DIRECTION('',(1.,0.,0.));
#4528 = ADVANCED_FACE('',(#4529),#4547,.F.);
#4529 = FACE_BOUND('',#4530,.F.);
#4530 = EDGE_LOOP('',(#4531,#4539,#4540,#4541));
#4531 = ORIENTED_EDGE('',*,*,#4532,.F.);
#4532 = EDGE_CURVE('',#3923,#4533,#4535,.T.);
#4533 = VERTEX_POINT('',#4534);
#4534 = CARTESIAN_POINT('',(29.44,57.15,0.));
#4535 = LINE('',#4536,#4537);
#4536 = CARTESIAN_POINT('',(26.44,57.15,0.));
#4537 = VECTOR('',#4538,1.);
#4538 = DIRECTION('',(1.,0.,0.));
#4539 = ORIENTED_EDGE('',*,*,#3922,.T.);
#4540 = ORIENTED_EDGE('',*,*,#4502,.T.);
#4541 = ORIENTED_EDGE('',*,*,#4542,.F.);
#4542 = EDGE_CURVE('',#4533,#4503,#4543,.T.);
#4543 = LINE('',#4544,#4545);
#4544 = CARTESIAN_POINT('',(29.44,57.15,0.));
#4545 = VECTOR('',#4546,1.);
#4546 = DIRECTION('',(0.,0.,1.));
#4547 = PLANE('',#4548);
#4548 = AXIS2_PLACEMENT_3D('',#4549,#4550,#4551);
#4549 = CARTESIAN_POINT('',(26.44,57.15,0.));
#4550 = DIRECTION('',(0.,1.,0.));
#4551 = DIRECTION('',(0.,0.,1.));
#4552 = ADVANCED_FACE('',(#4553),#4569,.F.);
#4553 = FACE_BOUND('',#4554,.F.);
#4554 = EDGE_LOOP('',(#4555,#4561,#4562,#4568));
#4555 = ORIENTED_EDGE('',*,*,#4556,.F.);
#4556 = EDGE_CURVE('',#4533,#3956,#4557,.T.);
#4557 = LINE('',#4558,#4559);
#4558 = CARTESIAN_POINT('',(0.,57.15,0.));
#4559 = VECTOR('',#4560,1.);
#4560 = DIRECTION('',(1.,0.,0.));
#4561 = ORIENTED_EDGE('',*,*,#4542,.T.);
#4562 = ORIENTED_EDGE('',*,*,#4563,.T.);
#4563 = EDGE_CURVE('',#4503,#3947,#4564,.T.);
#4564 = LINE('',#4565,#4566);
#4565 = CARTESIAN_POINT('',(0.,57.15,3.));
#4566 = VECTOR('',#4567,1.);
#4567 = DIRECTION('',(1.,0.,0.));
#4568 = ORIENTED_EDGE('',*,*,#3963,.T.);
#4569 = PLANE('',#4570);
#4570 = AXIS2_PLACEMENT_3D('',#4571,#4572,#4573);
#4571 = CARTESIAN_POINT('',(0.,57.15,0.));
#4572 = DIRECTION('',(0.,1.,0.));
#4573 = DIRECTION('',(0.,0.,1.));
#4574 = ADVANCED_FACE('',(#4575),#4600,.T.);
#4575 = FACE_BOUND('',#4576,.T.);
#4576 = EDGE_LOOP('',(#4577,#4587,#4593,#4594));
#4577 = ORIENTED_EDGE('',*,*,#4578,.F.);
#4578 = EDGE_CURVE('',#4579,#4581,#4583,.T.);
#4579 = VERTEX_POINT('',#4580);
#4580 = CARTESIAN_POINT('',(74.06,60.15,3.));
#4581 = VERTEX_POINT('',#4582);
#4582 = CARTESIAN_POINT('',(77.06,60.15,3.));
#4583 = LINE('',#4584,#4585);
#4584 = CARTESIAN_POINT('',(74.06,60.15,3.));
#4585 = VECTOR('',#4586,1.);
#4586 = DIRECTION('',(1.,0.,0.));
#4587 = ORIENTED_EDGE('',*,*,#4588,.F.);
#4588 = EDGE_CURVE('',#3947,#4579,#4589,.T.);
#4589 = LINE('',#4590,#4591);
#4590 = CARTESIAN_POINT('',(74.06,38.1,3.));
#4591 = VECTOR('',#4592,1.);
#4592 = DIRECTION('',(0.,1.,0.));
#4593 = ORIENTED_EDGE('',*,*,#3987,.T.);
#4594 = ORIENTED_EDGE('',*,*,#4595,.T.);
#4595 = EDGE_CURVE('',#3980,#4581,#4596,.T.);
#4596 = LINE('',#4597,#4598);
#4597 = CARTESIAN_POINT('',(77.06,38.1,3.));
#4598 = VECTOR('',#4599,1.);
#4599 = DIRECTION('',(0.,1.,0.));
#4600 = PLANE('',#4601);
#4601 = AXIS2_PLACEMENT_3D('',#4602,#4603,#4604);
#4602 = CARTESIAN_POINT('',(0.,57.15,3.));
#4603 = DIRECTION('',(0.,0.,1.));
#4604 = DIRECTION('',(1.,0.,0.));
#4605 = ADVANCED_FACE('',(#4606),#4622,.T.);
#4606 = FACE_BOUND('',#4607,.T.);
#4607 = EDGE_LOOP('',(#4608,#4609,#4615,#4616));
#4608 = ORIENTED_EDGE('',*,*,#3979,.F.);
#4609 = ORIENTED_EDGE('',*,*,#4610,.T.);
#4610 = EDGE_CURVE('',#3462,#3712,#4611,.T.);
#4611 = LINE('',#4612,#4613);
#4612 = CARTESIAN_POINT('',(77.06,41.1,0.));
#4613 = VECTOR('',#4614,1.);
#4614 = DIRECTION('',(0.,0.,-1.));
#4615 = ORIENTED_EDGE('',*,*,#4272,.T.);
#4616 = ORIENTED_EDGE('',*,*,#4617,.F.);
#4617 = EDGE_CURVE('',#3980,#4273,#4618,.T.);
#4618 = LINE('',#4619,#4620);
#4619 = CARTESIAN_POINT('',(77.06,57.15,0.));
#4620 = VECTOR('',#4621,1.);
#4621 = DIRECTION('',(0.,0.,-1.));
#4622 = PLANE('',#4623);
#4623 = AXIS2_PLACEMENT_3D('',#4624,#4625,#4626);
#4624 = CARTESIAN_POINT('',(77.06,38.1,0.));
#4625 = DIRECTION('',(1.,0.,0.));
#4626 = DIRECTION('',(0.,0.,1.));
#4627 = ADVANCED_FACE('',(#4628),#4639,.T.);
#4628 = FACE_BOUND('',#4629,.T.);
#4629 = EDGE_LOOP('',(#4630,#4636,#4637,#4638));
#4630 = ORIENTED_EDGE('',*,*,#4631,.F.);
#4631 = EDGE_CURVE('',#4295,#4002,#4632,.T.);
#4632 = LINE('',#4633,#4634);
#4633 = CARTESIAN_POINT('',(97.88,41.1,0.));
#4634 = VECTOR('',#4635,1.);
#4635 = DIRECTION('',(0.,0.,1.));
#4636 = ORIENTED_EDGE('',*,*,#4294,.F.);
#4637 = ORIENTED_EDGE('',*,*,#4610,.F.);
#4638 = ORIENTED_EDGE('',*,*,#4001,.T.);
#4639 = PLANE('',#4640);
#4640 = AXIS2_PLACEMENT_3D('',#4641,#4642,#4643);
#4641 = CARTESIAN_POINT('',(0.,41.1,0.));
#4642 = DIRECTION('',(0.,1.,0.));
#4643 = DIRECTION('',(0.,0.,1.));
#4644 = ADVANCED_FACE('',(#4645),#4663,.T.);
#4645 = FACE_BOUND('',#4646,.T.);
#4646 = EDGE_LOOP('',(#4647,#4648,#4649,#4657));
#4647 = ORIENTED_EDGE('',*,*,#4018,.F.);
#4648 = ORIENTED_EDGE('',*,*,#4088,.T.);
#4649 = ORIENTED_EDGE('',*,*,#4650,.T.);
#4650 = EDGE_CURVE('',#4081,#4651,#4653,.T.);
#4651 = VERTEX_POINT('',#4652);
#4652 = CARTESIAN_POINT('',(100.88,41.1,3.));
#4653 = LINE('',#4654,#4655);
#4654 = CARTESIAN_POINT('',(100.88,19.05,3.));
#4655 = VECTOR('',#4656,1.);
#4656 = DIRECTION('',(0.,1.,0.));
#4657 = ORIENTED_EDGE('',*,*,#4658,.F.);
#4658 = EDGE_CURVE('',#4002,#4651,#4659,.T.);
#4659 = LINE('',#4660,#4661);
#4660 = CARTESIAN_POINT('',(97.88,41.1,3.));
#4661 = VECTOR('',#4662,1.);
#4662 = DIRECTION('',(1.,0.,0.));
#4663 = PLANE('',#4664);
#4664 = AXIS2_PLACEMENT_3D('',#4665,#4666,#4667);
#4665 = CARTESIAN_POINT('',(97.88,19.05,3.));
#4666 = DIRECTION('',(0.,0.,1.));
#4667 = DIRECTION('',(1.,0.,0.));
#4668 = ADVANCED_FACE('',(#4669),#4685,.T.);
#4669 = FACE_BOUND('',#4670,.T.);
#4670 = EDGE_LOOP('',(#4671,#4672,#4678,#4679));
#4671 = ORIENTED_EDGE('',*,*,#4080,.F.);
#4672 = ORIENTED_EDGE('',*,*,#4673,.F.);
#4673 = EDGE_CURVE('',#3738,#3543,#4674,.T.);
#4674 = LINE('',#4675,#4676);
#4675 = CARTESIAN_POINT('',(100.88,22.05,0.));
#4676 = VECTOR('',#4677,1.);
#4677 = DIRECTION('',(0.,0.,1.));
#4678 = ORIENTED_EDGE('',*,*,#4320,.T.);
#4679 = ORIENTED_EDGE('',*,*,#4680,.T.);
#4680 = EDGE_CURVE('',#4321,#4081,#4681,.T.);
#4681 = LINE('',#4682,#4683);
#4682 = CARTESIAN_POINT('',(100.88,38.1,0.));
#4683 = VECTOR('',#4684,1.);
#4684 = DIRECTION('',(0.,0.,1.));
#4685 = PLANE('',#4686);
#4686 = AXIS2_PLACEMENT_3D('',#4687,#4688,#4689);
#4687 = CARTESIAN_POINT('',(100.88,19.05,0.));
#4688 = DIRECTION('',(1.,0.,0.));
#4689 = DIRECTION('',(0.,0.,1.));
#4690 = ADVANCED_FACE('',(#4691),#4702,.T.);
#4691 = FACE_BOUND('',#4692,.T.);
#4692 = EDGE_LOOP('',(#4693,#4694,#4695,#4696));
#4693 = ORIENTED_EDGE('',*,*,#4342,.F.);
#4694 = ORIENTED_EDGE('',*,*,#4673,.T.);
#4695 = ORIENTED_EDGE('',*,*,#4102,.T.);
#4696 = ORIENTED_EDGE('',*,*,#4697,.T.);
#4697 = EDGE_CURVE('',#4103,#4343,#4698,.T.);
#4698 = LINE('',#4699,#4700);
#4699 = CARTESIAN_POINT('',(145.5,22.05,0.));
#4700 = VECTOR('',#4701,1.);
#4701 = DIRECTION('',(0.,0.,-1.));
#4702 = PLANE('',#4703);
#4703 = AXIS2_PLACEMENT_3D('',#4704,#4705,#4706);
#4704 = CARTESIAN_POINT('',(0.,22.05,0.));
#4705 = DIRECTION('',(0.,1.,0.));
#4706 = DIRECTION('',(0.,0.,1.));
#4707 = ADVANCED_FACE('',(#4708),#4733,.T.);
#4708 = FACE_BOUND('',#4709,.T.);
#4709 = EDGE_LOOP('',(#4710,#4718,#4719,#4727));
#4710 = ORIENTED_EDGE('',*,*,#4711,.F.);
#4711 = EDGE_CURVE('',#4103,#4712,#4714,.T.);
#4712 = VERTEX_POINT('',#4713);
#4713 = CARTESIAN_POINT('',(148.5,22.05,3.));
#4714 = LINE('',#4715,#4716);
#4715 = CARTESIAN_POINT('',(0.,22.05,3.));
#4716 = VECTOR('',#4717,1.);
#4717 = DIRECTION('',(1.,0.,0.));
#4718 = ORIENTED_EDGE('',*,*,#4119,.F.);
#4719 = ORIENTED_EDGE('',*,*,#4720,.T.);
#4720 = EDGE_CURVE('',#4112,#4721,#4723,.T.);
#4721 = VERTEX_POINT('',#4722);
#4722 = CARTESIAN_POINT('',(148.5,19.05,3.));
#4723 = LINE('',#4724,#4725);
#4724 = CARTESIAN_POINT('',(0.,19.05,3.));
#4725 = VECTOR('',#4726,1.);
#4726 = DIRECTION('',(1.,0.,0.));
#4727 = ORIENTED_EDGE('',*,*,#4728,.T.);
#4728 = EDGE_CURVE('',#4721,#4712,#4729,.T.);
#4729 = LINE('',#4730,#4731);
#4730 = CARTESIAN_POINT('',(148.5,11.03,3.));
#4731 = VECTOR('',#4732,1.);
#4732 = DIRECTION('',(0.,1.,0.));
#4733 = PLANE('',#4734);
#4734 = AXIS2_PLACEMENT_3D('',#4735,#4736,#4737);
#4735 = CARTESIAN_POINT('',(0.,19.05,3.));
#4736 = DIRECTION('',(0.,0.,1.));
#4737 = DIRECTION('',(1.,0.,0.));
#4738 = ADVANCED_FACE('',(#4739),#4764,.F.);
#4739 = FACE_BOUND('',#4740,.F.);
#4740 = EDGE_LOOP('',(#4741,#4749,#4757,#4763));
#4741 = ORIENTED_EDGE('',*,*,#4742,.F.);
#4742 = EDGE_CURVE('',#4743,#4112,#4745,.T.);
#4743 = VERTEX_POINT('',#4744);
#4744 = CARTESIAN_POINT('',(145.5,13.628076211353,3.));
#4745 = LINE('',#4746,#4747);
#4746 = CARTESIAN_POINT('',(145.5,11.03,3.));
#4747 = VECTOR('',#4748,1.);
#4748 = DIRECTION('',(0.,1.,0.));
#4749 = ORIENTED_EDGE('',*,*,#4750,.T.);
#4750 = EDGE_CURVE('',#4743,#4751,#4753,.T.);
#4751 = VERTEX_POINT('',#4752);
#4752 = CARTESIAN_POINT('',(145.5,13.628076211353,0.));
#4753 = LINE('',#4754,#4755);
#4754 = CARTESIAN_POINT('',(145.5,13.628076211353,0.));
#4755 = VECTOR('',#4756,1.);
#4756 = DIRECTION('',(-0.,-0.,-1.));
#4757 = ORIENTED_EDGE('',*,*,#4758,.T.);
#4758 = EDGE_CURVE('',#4751,#4134,#4759,.T.);
#4759 = LINE('',#4760,#4761);
#4760 = CARTESIAN_POINT('',(145.5,11.03,0.));
#4761 = VECTOR('',#4762,1.);
#4762 = DIRECTION('',(0.,1.,0.));
#4763 = ORIENTED_EDGE('',*,*,#4143,.F.);
#4764 = PLANE('',#4765);
#4765 = AXIS2_PLACEMENT_3D('',#4766,#4767,#4768);
#4766 = CARTESIAN_POINT('',(145.5,11.03,0.));
#4767 = DIRECTION('',(1.,0.,0.));
#4768 = DIRECTION('',(0.,0.,1.));
#4769 = ADVANCED_FACE('',(#4770),#4781,.T.);
#4770 = FACE_BOUND('',#4771,.T.);
#4771 = EDGE_LOOP('',(#4772,#4773,#4774,#4775));
#4772 = ORIENTED_EDGE('',*,*,#4191,.F.);
#4773 = ORIENTED_EDGE('',*,*,#4160,.T.);
#4774 = ORIENTED_EDGE('',*,*,#4232,.T.);
#4775 = ORIENTED_EDGE('',*,*,#4776,.F.);
#4776 = EDGE_CURVE('',#4184,#4225,#4777,.T.);
#4777 = LINE('',#4778,#4779);
#4778 = CARTESIAN_POINT('',(3.,79.2,0.));
#4779 = VECTOR('',#4780,1.);
#4780 = DIRECTION('',(0.,0.,1.));
#4781 = PLANE('',#4782);
#4782 = AXIS2_PLACEMENT_3D('',#4783,#4784,#4785);
#4783 = CARTESIAN_POINT('',(0.,79.2,0.));
#4784 = DIRECTION('',(0.,1.,0.));
#4785 = DIRECTION('',(0.,0.,1.));
#4786 = ADVANCED_FACE('',(#4787),#4812,.F.);
#4787 = FACE_BOUND('',#4788,.F.);
#4788 = EDGE_LOOP('',(#4789,#4797,#4798,#4806));
#4789 = ORIENTED_EDGE('',*,*,#4790,.F.);
#4790 = EDGE_CURVE('',#4184,#4791,#4793,.T.);
#4791 = VERTEX_POINT('',#4792);
#4792 = CARTESIAN_POINT('',(26.44,79.2,0.));
#4793 = LINE('',#4794,#4795);
#4794 = CARTESIAN_POINT('',(0.,79.2,0.));
#4795 = VECTOR('',#4796,1.);
#4796 = DIRECTION('',(1.,0.,0.));
#4797 = ORIENTED_EDGE('',*,*,#4183,.F.);
#4798 = ORIENTED_EDGE('',*,*,#4799,.T.);
#4799 = EDGE_CURVE('',#4176,#4800,#4802,.T.);
#4800 = VERTEX_POINT('',#4801);
#4801 = CARTESIAN_POINT('',(26.44,76.2,0.));
#4802 = LINE('',#4803,#4804);
#4803 = CARTESIAN_POINT('',(0.,76.2,0.));
#4804 = VECTOR('',#4805,1.);
#4805 = DIRECTION('',(1.,0.,0.));
#4806 = ORIENTED_EDGE('',*,*,#4807,.T.);
#4807 = EDGE_CURVE('',#4800,#4791,#4808,.T.);
#4808 = LINE('',#4809,#4810);
#4809 = CARTESIAN_POINT('',(26.44,57.15,0.));
#4810 = VECTOR('',#4811,1.);
#4811 = DIRECTION('',(0.,1.,0.));
#4812 = PLANE('',#4813);
#4813 = AXIS2_PLACEMENT_3D('',#4814,#4815,#4816);
#4814 = CARTESIAN_POINT('',(0.,76.2,0.));
#4815 = DIRECTION('',(0.,0.,1.));
#4816 = DIRECTION('',(1.,0.,0.));
#4817 = ADVANCED_FACE('',(#4818),#4843,.T.);
#4818 = FACE_BOUND('',#4819,.T.);
#4819 = EDGE_LOOP('',(#4820,#4828,#4829,#4837));
#4820 = ORIENTED_EDGE('',*,*,#4821,.F.);
#4821 = EDGE_CURVE('',#4225,#4822,#4824,.T.);
#4822 = VERTEX_POINT('',#4823);
#4823 = CARTESIAN_POINT('',(26.44,79.2,3.));
#4824 = LINE('',#4825,#4826);
#4825 = CARTESIAN_POINT('',(0.,79.2,3.));
#4826 = VECTOR('',#4827,1.);
#4827 = DIRECTION('',(1.,0.,0.));
#4828 = ORIENTED_EDGE('',*,*,#4224,.F.);
#4829 = ORIENTED_EDGE('',*,*,#4830,.T.);
#4830 = EDGE_CURVE('',#3870,#4831,#4833,.T.);
#4831 = VERTEX_POINT('',#4832);
#4832 = CARTESIAN_POINT('',(26.44,76.2,3.));
#4833 = LINE('',#4834,#4835);
#4834 = CARTESIAN_POINT('',(0.,76.2,3.));
#4835 = VECTOR('',#4836,1.);
#4836 = DIRECTION('',(1.,0.,0.));
#4837 = ORIENTED_EDGE('',*,*,#4838,.T.);
#4838 = EDGE_CURVE('',#4831,#4822,#4839,.T.);
#4839 = LINE('',#4840,#4841);
#4840 = CARTESIAN_POINT('',(26.44,57.15,3.));
#4841 = VECTOR('',#4842,1.);
#4842 = DIRECTION('',(0.,1.,0.));
#4843 = PLANE('',#4844);
#4844 = AXIS2_PLACEMENT_3D('',#4845,#4846,#4847);
#4845 = CARTESIAN_POINT('',(0.,76.2,3.));
#4846 = DIRECTION('',(0.,0.,1.));
#4847 = DIRECTION('',(1.,0.,0.));
#4848 = ADVANCED_FACE('',(#4849),#4867,.F.);
#4849 = FACE_BOUND('',#4850,.F.);
#4850 = EDGE_LOOP('',(#4851,#4852,#4853,#4861));
#4851 = ORIENTED_EDGE('',*,*,#4256,.F.);
#4852 = ORIENTED_EDGE('',*,*,#4532,.T.);
#4853 = ORIENTED_EDGE('',*,*,#4854,.T.);
#4854 = EDGE_CURVE('',#4533,#4855,#4857,.T.);
#4855 = VERTEX_POINT('',#4856);
#4856 = CARTESIAN_POINT('',(29.44,60.15,0.));
#4857 = LINE('',#4858,#4859);
#4858 = CARTESIAN_POINT('',(29.44,57.15,0.));
#4859 = VECTOR('',#4860,1.);
#4860 = DIRECTION('',(0.,1.,0.));
#4861 = ORIENTED_EDGE('',*,*,#4862,.F.);
#4862 = EDGE_CURVE('',#4247,#4855,#4863,.T.);
#4863 = LINE('',#4864,#4865);
#4864 = CARTESIAN_POINT('',(0.,60.15,0.));
#4865 = VECTOR('',#4866,1.);
#4866 = DIRECTION('',(1.,0.,0.));
#4867 = PLANE('',#4868);
#4868 = AXIS2_PLACEMENT_3D('',#4869,#4870,#4871);
#4869 = CARTESIAN_POINT('',(26.44,57.15,0.));
#4870 = DIRECTION('',(0.,0.,1.));
#4871 = DIRECTION('',(1.,0.,0.));
#4872 = ADVANCED_FACE('',(#4873),#4898,.F.);
#4873 = FACE_BOUND('',#4874,.F.);
#4874 = EDGE_LOOP('',(#4875,#4885,#4891,#4892));
#4875 = ORIENTED_EDGE('',*,*,#4876,.F.);
#4876 = EDGE_CURVE('',#4877,#4879,#4881,.T.);
#4877 = VERTEX_POINT('',#4878);
#4878 = CARTESIAN_POINT('',(74.06,60.15,0.));
#4879 = VERTEX_POINT('',#4880);
#4880 = CARTESIAN_POINT('',(77.06,60.15,0.));
#4881 = LINE('',#4882,#4883);
#4882 = CARTESIAN_POINT('',(74.06,60.15,0.));
#4883 = VECTOR('',#4884,1.);
#4884 = DIRECTION('',(1.,0.,0.));
#4885 = ORIENTED_EDGE('',*,*,#4886,.F.);
#4886 = EDGE_CURVE('',#3956,#4877,#4887,.T.);
#4887 = LINE('',#4888,#4889);
#4888 = CARTESIAN_POINT('',(74.06,38.1,0.));
#4889 = VECTOR('',#4890,1.);
#4890 = DIRECTION('',(0.,1.,0.));
#4891 = ORIENTED_EDGE('',*,*,#4280,.T.);
#4892 = ORIENTED_EDGE('',*,*,#4893,.T.);
#4893 = EDGE_CURVE('',#4273,#4879,#4894,.T.);
#4894 = LINE('',#4895,#4896);
#4895 = CARTESIAN_POINT('',(77.06,38.1,0.));
#4896 = VECTOR('',#4897,1.);
#4897 = DIRECTION('',(0.,1.,0.));
#4898 = PLANE('',#4899);
#4899 = AXIS2_PLACEMENT_3D('',#4900,#4901,#4902);
#4900 = CARTESIAN_POINT('',(0.,57.15,0.));
#4901 = DIRECTION('',(0.,0.,1.));
#4902 = DIRECTION('',(1.,0.,0.));
#4903 = ADVANCED_FACE('',(#4904),#4922,.F.);
#4904 = FACE_BOUND('',#4905,.F.);
#4905 = EDGE_LOOP('',(#4906,#4907,#4908,#4916));
#4906 = ORIENTED_EDGE('',*,*,#4304,.F.);
#4907 = ORIENTED_EDGE('',*,*,#4328,.T.);
#4908 = ORIENTED_EDGE('',*,*,#4909,.T.);
#4909 = EDGE_CURVE('',#4321,#4910,#4912,.T.);
#4910 = VERTEX_POINT('',#4911);
#4911 = CARTESIAN_POINT('',(100.88,41.1,0.));
#4912 = LINE('',#4913,#4914);
#4913 = CARTESIAN_POINT('',(100.88,19.05,0.));
#4914 = VECTOR('',#4915,1.);
#4915 = DIRECTION('',(0.,1.,0.));
#4916 = ORIENTED_EDGE('',*,*,#4917,.F.);
#4917 = EDGE_CURVE('',#4295,#4910,#4918,.T.);
#4918 = LINE('',#4919,#4920);
#4919 = CARTESIAN_POINT('',(97.88,41.1,0.));
#4920 = VECTOR('',#4921,1.);
#4921 = DIRECTION('',(1.,0.,0.));
#4922 = PLANE('',#4923);
#4923 = AXIS2_PLACEMENT_3D('',#4924,#4925,#4926);
#4924 = CARTESIAN_POINT('',(97.88,19.05,0.));
#4925 = DIRECTION('',(0.,0.,1.));
#4926 = DIRECTION('',(1.,0.,0.));
#4927 = ADVANCED_FACE('',(#4928),#4953,.F.);
#4928 = FACE_BOUND('',#4929,.F.);
#4929 = EDGE_LOOP('',(#4930,#4938,#4939,#4947));
#4930 = ORIENTED_EDGE('',*,*,#4931,.F.);
#4931 = EDGE_CURVE('',#4343,#4932,#4934,.T.);
#4932 = VERTEX_POINT('',#4933);
#4933 = CARTESIAN_POINT('',(148.5,22.05,0.));
#4934 = LINE('',#4935,#4936);
#4935 = CARTESIAN_POINT('',(0.,22.05,0.));
#4936 = VECTOR('',#4937,1.);
#4937 = DIRECTION('',(1.,0.,0.));
#4938 = ORIENTED_EDGE('',*,*,#4352,.F.);
#4939 = ORIENTED_EDGE('',*,*,#4940,.T.);
#4940 = EDGE_CURVE('',#4134,#4941,#4943,.T.);
#4941 = VERTEX_POINT('',#4942);
#4942 = CARTESIAN_POINT('',(148.5,19.05,0.));
#4943 = LINE('',#4944,#4945);
#4944 = CARTESIAN_POINT('',(0.,19.05,0.));
#4945 = VECTOR('',#4946,1.);
#4946 = DIRECTION('',(1.,0.,0.));
#4947 = ORIENTED_EDGE('',*,*,#4948,.T.);
#4948 = EDGE_CURVE('',#4941,#4932,#4949,.T.);
#4949 = LINE('',#4950,#4951);
#4950 = CARTESIAN_POINT('',(148.5,11.03,0.));
#4951 = VECTOR('',#4952,1.);
#4952 = DIRECTION('',(0.,1.,0.));
#4953 = PLANE('',#4954);
#4954 = AXIS2_PLACEMENT_3D('',#4955,#4956,#4957);
#4955 = CARTESIAN_POINT('',(0.,19.05,0.));
#4956 = DIRECTION('',(0.,0.,1.));
#4957 = DIRECTION('',(1.,0.,0.));
#4958 = ADVANCED_FACE('',(#4959),#4977,.T.);
#4959 = FACE_BOUND('',#4960,.T.);
#4960 = EDGE_LOOP('',(#4961,#4962,#4963,#4971));
#4961 = ORIENTED_EDGE('',*,*,#4407,.F.);
#4962 = ORIENTED_EDGE('',*,*,#4376,.T.);
#4963 = ORIENTED_EDGE('',*,*,#4964,.T.);
#4964 = EDGE_CURVE('',#4369,#4965,#4967,.T.);
#4965 = VERTEX_POINT('',#4966);
#4966 = CARTESIAN_POINT('',(224.7,0.,3.));
#4967 = LINE('',#4968,#4969);
#4968 = CARTESIAN_POINT('',(224.7,-19.05,3.));
#4969 = VECTOR('',#4970,1.);
#4970 = DIRECTION('',(0.,1.,0.));
#4971 = ORIENTED_EDGE('',*,*,#4972,.F.);
#4972 = EDGE_CURVE('',#4408,#4965,#4973,.T.);
#4973 = LINE('',#4974,#4975);
#4974 = CARTESIAN_POINT('',(221.7,0.,3.));
#4975 = VECTOR('',#4976,1.);
#4976 = DIRECTION('',(1.,0.,0.));
#4977 = PLANE('',#4978);
#4978 = AXIS2_PLACEMENT_3D('',#4979,#4980,#4981);
#4979 = CARTESIAN_POINT('',(221.7,-19.05,3.));
#4980 = DIRECTION('',(0.,0.,1.));
#4981 = DIRECTION('',(1.,0.,0.));
#4982 = ADVANCED_FACE('',(#4983),#5008,.T.);
#4983 = FACE_BOUND('',#4984,.T.);
#4984 = EDGE_LOOP('',(#4985,#4993,#4994,#5002));
#4985 = ORIENTED_EDGE('',*,*,#4986,.F.);
#4986 = EDGE_CURVE('',#4369,#4987,#4989,.T.);
#4987 = VERTEX_POINT('',#4988);
#4988 = CARTESIAN_POINT('',(291.,-8.97,3.));
#4989 = LINE('',#4990,#4991);
#4990 = CARTESIAN_POINT('',(221.7,-8.97,3.));
#4991 = VECTOR('',#4992,1.);
#4992 = DIRECTION('',(1.,0.,0.));
#4993 = ORIENTED_EDGE('',*,*,#4368,.F.);
#4994 = ORIENTED_EDGE('',*,*,#4995,.T.);
#4995 = EDGE_CURVE('',#3762,#4996,#4998,.T.);
#4996 = VERTEX_POINT('',#4997);
#4997 = CARTESIAN_POINT('',(291.,-11.97,3.));
#4998 = LINE('',#4999,#5000);
#4999 = CARTESIAN_POINT('',(221.7,-11.97,3.));
#5000 = VECTOR('',#5001,1.);
#5001 = DIRECTION('',(1.,0.,0.));
#5002 = ORIENTED_EDGE('',*,*,#5003,.T.);
#5003 = EDGE_CURVE('',#4996,#4987,#5004,.T.);
#5004 = LINE('',#5005,#5006);
#5005 = CARTESIAN_POINT('',(291.,-11.97,3.));
#5006 = VECTOR('',#5007,1.);
#5007 = DIRECTION('',(0.,1.,0.));
#5008 = PLANE('',#5009);
#5009 = AXIS2_PLACEMENT_3D('',#5010,#5011,#5012);
#5010 = CARTESIAN_POINT('',(221.7,-11.97,3.));
#5011 = DIRECTION('',(0.,0.,1.));
#5012 = DIRECTION('',(1.,0.,0.));
#5013 = ADVANCED_FACE('',(#5014),#5032,.F.);
#5014 = FACE_BOUND('',#5015,.F.);
#5015 = EDGE_LOOP('',(#5016,#5024,#5025,#5026));
#5016 = ORIENTED_EDGE('',*,*,#5017,.F.);
#5017 = EDGE_CURVE('',#3817,#5018,#5020,.T.);
#5018 = VERTEX_POINT('',#5019);
#5019 = CARTESIAN_POINT('',(291.,-11.97,0.));
#5020 = LINE('',#5021,#5022);
#5021 = CARTESIAN_POINT('',(221.7,-11.97,0.));
#5022 = VECTOR('',#5023,1.);
#5023 = DIRECTION('',(1.,0.,0.));
#5024 = ORIENTED_EDGE('',*,*,#4393,.T.);
#5025 = ORIENTED_EDGE('',*,*,#4995,.T.);
#5026 = ORIENTED_EDGE('',*,*,#5027,.F.);
#5027 = EDGE_CURVE('',#5018,#4996,#5028,.T.);
#5028 = LINE('',#5029,#5030);
#5029 = CARTESIAN_POINT('',(291.,-11.97,0.));
#5030 = VECTOR('',#5031,1.);
#5031 = DIRECTION('',(0.,0.,1.));
#5032 = PLANE('',#5033);
#5033 = AXIS2_PLACEMENT_3D('',#5034,#5035,#5036);
#5034 = CARTESIAN_POINT('',(221.7,-11.97,0.));
#5035 = DIRECTION('',(0.,1.,0.));
#5036 = DIRECTION('',(0.,0.,1.));
#5037 = ADVANCED_FACE('',(#5038),#5063,.F.);
#5038 = FACE_BOUND('',#5039,.F.);
#5039 = EDGE_LOOP('',(#5040,#5041,#5049,#5057));
#5040 = ORIENTED_EDGE('',*,*,#4424,.F.);
#5041 = ORIENTED_EDGE('',*,*,#5042,.T.);
#5042 = EDGE_CURVE('',#4417,#5043,#5045,.T.);
#5043 = VERTEX_POINT('',#5044);
#5044 = CARTESIAN_POINT('',(221.7,3.,0.));
#5045 = LINE('',#5046,#5047);
#5046 = CARTESIAN_POINT('',(221.7,0.,0.));
#5047 = VECTOR('',#5048,1.);
#5048 = DIRECTION('',(0.,1.,0.));
#5049 = ORIENTED_EDGE('',*,*,#5050,.T.);
#5050 = EDGE_CURVE('',#5043,#5051,#5053,.T.);
#5051 = VERTEX_POINT('',#5052);
#5052 = CARTESIAN_POINT('',(221.7,3.,3.));
#5053 = LINE('',#5054,#5055);
#5054 = CARTESIAN_POINT('',(221.7,3.,0.));
#5055 = VECTOR('',#5056,1.);
#5056 = DIRECTION('',(0.,0.,1.));
#5057 = ORIENTED_EDGE('',*,*,#5058,.F.);
#5058 = EDGE_CURVE('',#4408,#5051,#5059,.T.);
#5059 = LINE('',#5060,#5061);
#5060 = CARTESIAN_POINT('',(221.7,0.,3.));
#5061 = VECTOR('',#5062,1.);
#5062 = DIRECTION('',(0.,1.,0.));
#5063 = PLANE('',#5064);
#5064 = AXIS2_PLACEMENT_3D('',#5065,#5066,#5067);
#5065 = CARTESIAN_POINT('',(221.7,0.,0.));
#5066 = DIRECTION('',(1.,0.,0.));
#5067 = DIRECTION('',(0.,0.,1.));
#5068 = ADVANCED_FACE('',(#5069),#5087,.F.);
#5069 = FACE_BOUND('',#5070,.F.);
#5070 = EDGE_LOOP('',(#5071,#5072,#5073,#5081));
#5071 = ORIENTED_EDGE('',*,*,#4416,.F.);
#5072 = ORIENTED_EDGE('',*,*,#4448,.T.);
#5073 = ORIENTED_EDGE('',*,*,#5074,.T.);
#5074 = EDGE_CURVE('',#4441,#5075,#5077,.T.);
#5075 = VERTEX_POINT('',#5076);
#5076 = CARTESIAN_POINT('',(224.7,0.,0.));
#5077 = LINE('',#5078,#5079);
#5078 = CARTESIAN_POINT('',(224.7,-19.05,0.));
#5079 = VECTOR('',#5080,1.);
#5080 = DIRECTION('',(0.,1.,0.));
#5081 = ORIENTED_EDGE('',*,*,#5082,.F.);
#5082 = EDGE_CURVE('',#4417,#5075,#5083,.T.);
#5083 = LINE('',#5084,#5085);
#5084 = CARTESIAN_POINT('',(221.7,0.,0.));
#5085 = VECTOR('',#5086,1.);
#5086 = DIRECTION('',(1.,0.,0.));
#5087 = PLANE('',#5088);
#5088 = AXIS2_PLACEMENT_3D('',#5089,#5090,#5091);
#5089 = CARTESIAN_POINT('',(221.7,-19.05,0.));
#5090 = DIRECTION('',(0.,0.,1.));
#5091 = DIRECTION('',(1.,0.,0.));
#5092 = ADVANCED_FACE('',(#5093),#5111,.F.);
#5093 = FACE_BOUND('',#5094,.F.);
#5094 = EDGE_LOOP('',(#5095,#5103,#5104,#5105));
#5095 = ORIENTED_EDGE('',*,*,#5096,.F.);
#5096 = EDGE_CURVE('',#4441,#5097,#5099,.T.);
#5097 = VERTEX_POINT('',#5098);
#5098 = CARTESIAN_POINT('',(291.,-8.97,0.));
#5099 = LINE('',#5100,#5101);
#5100 = CARTESIAN_POINT('',(221.7,-8.97,0.));
#5101 = VECTOR('',#5102,1.);
#5102 = DIRECTION('',(1.,0.,0.));
#5103 = ORIENTED_EDGE('',*,*,#4440,.F.);
#5104 = ORIENTED_EDGE('',*,*,#5017,.T.);
#5105 = ORIENTED_EDGE('',*,*,#5106,.T.);
#5106 = EDGE_CURVE('',#5018,#5097,#5107,.T.);
#5107 = LINE('',#5108,#5109);
#5108 = CARTESIAN_POINT('',(291.,-11.97,0.));
#5109 = VECTOR('',#5110,1.);
#5110 = DIRECTION('',(0.,1.,0.));
#5111 = PLANE('',#5112);
#5112 = AXIS2_PLACEMENT_3D('',#5113,#5114,#5115);
#5113 = CARTESIAN_POINT('',(221.7,-11.97,0.));
#5114 = DIRECTION('',(0.,0.,1.));
#5115 = DIRECTION('',(1.,0.,0.));
#5116 = ADVANCED_FACE('',(#5117),#5128,.F.);
#5117 = FACE_BOUND('',#5118,.F.);
#5118 = EDGE_LOOP('',(#5119,#5120,#5121,#5122));
#5119 = ORIENTED_EDGE('',*,*,#4799,.F.);
#5120 = ORIENTED_EDGE('',*,*,#4470,.T.);
#5121 = ORIENTED_EDGE('',*,*,#4830,.T.);
#5122 = ORIENTED_EDGE('',*,*,#5123,.F.);
#5123 = EDGE_CURVE('',#4800,#4831,#5124,.T.);
#5124 = LINE('',#5125,#5126);
#5125 = CARTESIAN_POINT('',(26.44,76.2,0.));
#5126 = VECTOR('',#5127,1.);
#5127 = DIRECTION('',(0.,0.,1.));
#5128 = PLANE('',#5129);
#5129 = AXIS2_PLACEMENT_3D('',#5130,#5131,#5132);
#5130 = CARTESIAN_POINT('',(0.,76.2,0.));
#5131 = DIRECTION('',(0.,1.,0.));
#5132 = DIRECTION('',(0.,0.,1.));
#5133 = ADVANCED_FACE('',(#5134),#5159,.F.);
#5134 = FACE_BOUND('',#5135,.F.);
#5135 = EDGE_LOOP('',(#5136,#5144,#5145,#5153));
#5136 = ORIENTED_EDGE('',*,*,#5137,.F.);
#5137 = EDGE_CURVE('',#3892,#5138,#5140,.T.);
#5138 = VERTEX_POINT('',#5139);
#5139 = CARTESIAN_POINT('',(26.44,65.581923788647,3.));
#5140 = LINE('',#5141,#5142);
#5141 = CARTESIAN_POINT('',(26.44,57.15,3.));
#5142 = VECTOR('',#5143,1.);
#5143 = DIRECTION('',(0.,1.,0.));
#5144 = ORIENTED_EDGE('',*,*,#4484,.F.);
#5145 = ORIENTED_EDGE('',*,*,#5146,.T.);
#5146 = EDGE_CURVE('',#4247,#5147,#5149,.T.);
#5147 = VERTEX_POINT('',#5148);
#5148 = CARTESIAN_POINT('',(26.44,65.581923788647,0.));
#5149 = LINE('',#5150,#5151);
#5150 = CARTESIAN_POINT('',(26.44,57.15,0.));
#5151 = VECTOR('',#5152,1.);
#5152 = DIRECTION('',(0.,1.,0.));
#5153 = ORIENTED_EDGE('',*,*,#5154,.F.);
#5154 = EDGE_CURVE('',#5138,#5147,#5155,.T.);
#5155 = LINE('',#5156,#5157);
#5156 = CARTESIAN_POINT('',(26.44,65.581923788647,0.));
#5157 = VECTOR('',#5158,1.);
#5158 = DIRECTION('',(-0.,-0.,-1.));
#5159 = PLANE('',#5160);
#5160 = AXIS2_PLACEMENT_3D('',#5161,#5162,#5163);
#5161 = CARTESIAN_POINT('',(26.44,57.15,0.));
#5162 = DIRECTION('',(1.,0.,0.));
#5163 = DIRECTION('',(0.,0.,1.));
#5164 = ADVANCED_FACE('',(#5165),#5184,.T.);
#5165 = FACE_BOUND('',#5166,.T.);
#5166 = EDGE_LOOP('',(#5167,#5168,#5169,#5177));
#5167 = ORIENTED_EDGE('',*,*,#5137,.F.);
#5168 = ORIENTED_EDGE('',*,*,#4518,.T.);
#5169 = ORIENTED_EDGE('',*,*,#5170,.T.);
#5170 = EDGE_CURVE('',#4511,#5171,#5173,.T.);
#5171 = VERTEX_POINT('',#5172);
#5172 = CARTESIAN_POINT('',(29.44,65.581923788647,3.));
#5173 = LINE('',#5174,#5175);
#5174 = CARTESIAN_POINT('',(29.44,57.15,3.));
#5175 = VECTOR('',#5176,1.);
#5176 = DIRECTION('',(0.,1.,0.));
#5177 = ORIENTED_EDGE('',*,*,#5178,.F.);
#5178 = EDGE_CURVE('',#5138,#5171,#5179,.T.);
#5179 = CIRCLE('',#5180,3.);
#5180 = AXIS2_PLACEMENT_3D('',#5181,#5182,#5183);
#5181 = CARTESIAN_POINT('',(27.94,68.18,3.));
#5182 = DIRECTION('',(0.,0.,1.));
#5183 = DIRECTION('',(1.,0.,0.));
#5184 = PLANE('',#5185);
#5185 = AXIS2_PLACEMENT_3D('',#5186,#5187,#5188);
#5186 = CARTESIAN_POINT('',(26.44,57.15,3.));
#5187 = DIRECTION('',(0.,0.,1.));
#5188 = DIRECTION('',(1.,0.,0.));
#5189 = ADVANCED_FACE('',(#5190),#5201,.T.);
#5190 = FACE_BOUND('',#5191,.T.);
#5191 = EDGE_LOOP('',(#5192,#5198,#5199,#5200));
#5192 = ORIENTED_EDGE('',*,*,#5193,.F.);
#5193 = EDGE_CURVE('',#4511,#4579,#5194,.T.);
#5194 = LINE('',#5195,#5196);
#5195 = CARTESIAN_POINT('',(0.,60.15,3.));
#5196 = VECTOR('',#5197,1.);
#5197 = DIRECTION('',(1.,0.,0.));
#5198 = ORIENTED_EDGE('',*,*,#4510,.F.);
#5199 = ORIENTED_EDGE('',*,*,#4563,.T.);
#5200 = ORIENTED_EDGE('',*,*,#4588,.T.);
#5201 = PLANE('',#5202);
#5202 = AXIS2_PLACEMENT_3D('',#5203,#5204,#5205);
#5203 = CARTESIAN_POINT('',(0.,57.15,3.));
#5204 = DIRECTION('',(0.,0.,1.));
#5205 = DIRECTION('',(1.,0.,0.));
#5206 = ADVANCED_FACE('',(#5207),#5218,.F.);
#5207 = FACE_BOUND('',#5208,.F.);
#5208 = EDGE_LOOP('',(#5209,#5215,#5216,#5217));
#5209 = ORIENTED_EDGE('',*,*,#5210,.F.);
#5210 = EDGE_CURVE('',#4855,#4877,#5211,.T.);
#5211 = LINE('',#5212,#5213);
#5212 = CARTESIAN_POINT('',(0.,60.15,0.));
#5213 = VECTOR('',#5214,1.);
#5214 = DIRECTION('',(1.,0.,0.));
#5215 = ORIENTED_EDGE('',*,*,#4854,.F.);
#5216 = ORIENTED_EDGE('',*,*,#4556,.T.);
#5217 = ORIENTED_EDGE('',*,*,#4886,.T.);
#5218 = PLANE('',#5219);
#5219 = AXIS2_PLACEMENT_3D('',#5220,#5221,#5222);
#5220 = CARTESIAN_POINT('',(0.,57.15,0.));
#5221 = DIRECTION('',(0.,0.,1.));
#5222 = DIRECTION('',(1.,0.,0.));
#5223 = ADVANCED_FACE('',(#5224),#5240,.T.);
#5224 = FACE_BOUND('',#5225,.T.);
#5225 = EDGE_LOOP('',(#5226,#5227,#5233,#5234));
#5226 = ORIENTED_EDGE('',*,*,#4876,.F.);
#5227 = ORIENTED_EDGE('',*,*,#5228,.T.);
#5228 = EDGE_CURVE('',#4877,#4579,#5229,.T.);
#5229 = LINE('',#5230,#5231);
#5230 = CARTESIAN_POINT('',(74.06,60.15,0.));
#5231 = VECTOR('',#5232,1.);
#5232 = DIRECTION('',(0.,0.,1.));
#5233 = ORIENTED_EDGE('',*,*,#4578,.T.);
#5234 = ORIENTED_EDGE('',*,*,#5235,.F.);
#5235 = EDGE_CURVE('',#4879,#4581,#5236,.T.);
#5236 = LINE('',#5237,#5238);
#5237 = CARTESIAN_POINT('',(77.06,60.15,0.));
#5238 = VECTOR('',#5239,1.);
#5239 = DIRECTION('',(0.,0.,1.));
#5240 = PLANE('',#5241);
#5241 = AXIS2_PLACEMENT_3D('',#5242,#5243,#5244);
#5242 = CARTESIAN_POINT('',(74.06,60.15,0.));
#5243 = DIRECTION('',(0.,1.,0.));
#5244 = DIRECTION('',(0.,0.,1.));
#5245 = ADVANCED_FACE('',(#5246),#5271,.T.);
#5246 = FACE_BOUND('',#5247,.T.);
#5247 = EDGE_LOOP('',(#5248,#5256,#5257,#5265));
#5248 = ORIENTED_EDGE('',*,*,#5249,.F.);
#5249 = EDGE_CURVE('',#4581,#5250,#5252,.T.);
#5250 = VERTEX_POINT('',#5251);
#5251 = CARTESIAN_POINT('',(83.59,60.15,3.));
#5252 = LINE('',#5253,#5254);
#5253 = CARTESIAN_POINT('',(0.,60.15,3.));
#5254 = VECTOR('',#5255,1.);
#5255 = DIRECTION('',(1.,0.,0.));
#5256 = ORIENTED_EDGE('',*,*,#4595,.F.);
#5257 = ORIENTED_EDGE('',*,*,#5258,.T.);
#5258 = EDGE_CURVE('',#3980,#5259,#5261,.T.);
#5259 = VERTEX_POINT('',#5260);
#5260 = CARTESIAN_POINT('',(83.59,57.15,3.));
#5261 = LINE('',#5262,#5263);
#5262 = CARTESIAN_POINT('',(0.,57.15,3.));
#5263 = VECTOR('',#5264,1.);
#5264 = DIRECTION('',(1.,0.,0.));
#5265 = ORIENTED_EDGE('',*,*,#5266,.T.);
#5266 = EDGE_CURVE('',#5259,#5250,#5267,.T.);
#5267 = LINE('',#5268,#5269);
#5268 = CARTESIAN_POINT('',(83.59,57.15,3.));
#5269 = VECTOR('',#5270,1.);
#5270 = DIRECTION('',(0.,1.,0.));
#5271 = PLANE('',#5272);
#5272 = AXIS2_PLACEMENT_3D('',#5273,#5274,#5275);
#5273 = CARTESIAN_POINT('',(0.,57.15,3.));
#5274 = DIRECTION('',(0.,0.,1.));
#5275 = DIRECTION('',(1.,0.,0.));
#5276 = ADVANCED_FACE('',(#5277),#5295,.F.);
#5277 = FACE_BOUND('',#5278,.F.);
#5278 = EDGE_LOOP('',(#5279,#5287,#5288,#5289));
#5279 = ORIENTED_EDGE('',*,*,#5280,.F.);
#5280 = EDGE_CURVE('',#4273,#5281,#5283,.T.);
#5281 = VERTEX_POINT('',#5282);
#5282 = CARTESIAN_POINT('',(83.59,57.15,0.));
#5283 = LINE('',#5284,#5285);
#5284 = CARTESIAN_POINT('',(0.,57.15,0.));
#5285 = VECTOR('',#5286,1.);
#5286 = DIRECTION('',(1.,0.,0.));
#5287 = ORIENTED_EDGE('',*,*,#4617,.F.);
#5288 = ORIENTED_EDGE('',*,*,#5258,.T.);
#5289 = ORIENTED_EDGE('',*,*,#5290,.F.);
#5290 = EDGE_CURVE('',#5281,#5259,#5291,.T.);
#5291 = LINE('',#5292,#5293);
#5292 = CARTESIAN_POINT('',(83.59,57.15,0.));
#5293 = VECTOR('',#5294,1.);
#5294 = DIRECTION('',(0.,0.,1.));
#5295 = PLANE('',#5296);
#5296 = AXIS2_PLACEMENT_3D('',#5297,#5298,#5299);
#5297 = CARTESIAN_POINT('',(0.,57.15,0.));
#5298 = DIRECTION('',(0.,1.,0.));
#5299 = DIRECTION('',(0.,0.,1.));
#5300 = ADVANCED_FACE('',(#5301),#5312,.T.);
#5301 = FACE_BOUND('',#5302,.T.);
#5302 = EDGE_LOOP('',(#5303,#5304,#5305,#5306));
#5303 = ORIENTED_EDGE('',*,*,#4917,.F.);
#5304 = ORIENTED_EDGE('',*,*,#4631,.T.);
#5305 = ORIENTED_EDGE('',*,*,#4658,.T.);
#5306 = ORIENTED_EDGE('',*,*,#5307,.F.);
#5307 = EDGE_CURVE('',#4910,#4651,#5308,.T.);
#5308 = LINE('',#5309,#5310);
#5309 = CARTESIAN_POINT('',(100.88,41.1,0.));
#5310 = VECTOR('',#5311,1.);
#5311 = DIRECTION('',(0.,0.,1.));
#5312 = PLANE('',#5313);
#5313 = AXIS2_PLACEMENT_3D('',#5314,#5315,#5316);
#5314 = CARTESIAN_POINT('',(97.88,41.1,0.));
#5315 = DIRECTION('',(0.,1.,0.));
#5316 = DIRECTION('',(0.,0.,1.));
#5317 = ADVANCED_FACE('',(#5318),#5343,.T.);
#5318 = FACE_BOUND('',#5319,.T.);
#5319 = EDGE_LOOP('',(#5320,#5328,#5329,#5337));
#5320 = ORIENTED_EDGE('',*,*,#5321,.F.);
#5321 = EDGE_CURVE('',#4651,#5322,#5324,.T.);
#5322 = VERTEX_POINT('',#5323);
#5323 = CARTESIAN_POINT('',(150.26,41.1,3.));
#5324 = LINE('',#5325,#5326);
#5325 = CARTESIAN_POINT('',(0.,41.1,3.));
#5326 = VECTOR('',#5327,1.);
#5327 = DIRECTION('',(1.,0.,0.));
#5328 = ORIENTED_EDGE('',*,*,#4650,.F.);
#5329 = ORIENTED_EDGE('',*,*,#5330,.T.);
#5330 = EDGE_CURVE('',#4081,#5331,#5333,.T.);
#5331 = VERTEX_POINT('',#5332);
#5332 = CARTESIAN_POINT('',(150.26,38.1,3.));
#5333 = LINE('',#5334,#5335);
#5334 = CARTESIAN_POINT('',(0.,38.1,3.));
#5335 = VECTOR('',#5336,1.);
#5336 = DIRECTION('',(1.,0.,0.));
#5337 = ORIENTED_EDGE('',*,*,#5338,.T.);
#5338 = EDGE_CURVE('',#5331,#5322,#5339,.T.);
#5339 = LINE('',#5340,#5341);
#5340 = CARTESIAN_POINT('',(150.26,38.1,3.));
#5341 = VECTOR('',#5342,1.);
#5342 = DIRECTION('',(0.,1.,0.));
#5343 = PLANE('',#5344);
#5344 = AXIS2_PLACEMENT_3D('',#5345,#5346,#5347);
#5345 = CARTESIAN_POINT('',(0.,38.1,3.));
#5346 = DIRECTION('',(0.,0.,1.));
#5347 = DIRECTION('',(1.,0.,0.));
#5348 = ADVANCED_FACE('',(#5349),#5367,.F.);
#5349 = FACE_BOUND('',#5350,.F.);
#5350 = EDGE_LOOP('',(#5351,#5359,#5360,#5361));
#5351 = ORIENTED_EDGE('',*,*,#5352,.F.);
#5352 = EDGE_CURVE('',#4321,#5353,#5355,.T.);
#5353 = VERTEX_POINT('',#5354);
#5354 = CARTESIAN_POINT('',(150.26,38.1,0.));
#5355 = LINE('',#5356,#5357);
#5356 = CARTESIAN_POINT('',(0.,38.1,0.));
#5357 = VECTOR('',#5358,1.);
#5358 = DIRECTION('',(1.,0.,0.));
#5359 = ORIENTED_EDGE('',*,*,#4680,.T.);
#5360 = ORIENTED_EDGE('',*,*,#5330,.T.);
#5361 = ORIENTED_EDGE('',*,*,#5362,.F.);
#5362 = EDGE_CURVE('',#5353,#5331,#5363,.T.);
#5363 = LINE('',#5364,#5365);
#5364 = CARTESIAN_POINT('',(150.26,38.1,0.));
#5365 = VECTOR('',#5366,1.);
#5366 = DIRECTION('',(0.,0.,1.));
#5367 = PLANE('',#5368);
#5368 = AXIS2_PLACEMENT_3D('',#5369,#5370,#5371);
#5369 = CARTESIAN_POINT('',(0.,38.1,0.));
#5370 = DIRECTION('',(0.,1.,0.));
#5371 = DIRECTION('',(0.,0.,1.));
#5372 = ADVANCED_FACE('',(#5373),#5398,.F.);
#5373 = FACE_BOUND('',#5374,.F.);
#5374 = EDGE_LOOP('',(#5375,#5383,#5384,#5392));
#5375 = ORIENTED_EDGE('',*,*,#5376,.F.);
#5376 = EDGE_CURVE('',#4103,#5377,#5379,.T.);
#5377 = VERTEX_POINT('',#5378);
#5378 = CARTESIAN_POINT('',(145.5,22.06,3.));
#5379 = LINE('',#5380,#5381);
#5380 = CARTESIAN_POINT('',(145.5,11.03,3.));
#5381 = VECTOR('',#5382,1.);
#5382 = DIRECTION('',(0.,1.,0.));
#5383 = ORIENTED_EDGE('',*,*,#4697,.T.);
#5384 = ORIENTED_EDGE('',*,*,#5385,.T.);
#5385 = EDGE_CURVE('',#4343,#5386,#5388,.T.);
#5386 = VERTEX_POINT('',#5387);
#5387 = CARTESIAN_POINT('',(145.5,22.06,0.));
#5388 = LINE('',#5389,#5390);
#5389 = CARTESIAN_POINT('',(145.5,11.03,0.));
#5390 = VECTOR('',#5391,1.);
#5391 = DIRECTION('',(0.,1.,0.));
#5392 = ORIENTED_EDGE('',*,*,#5393,.T.);
#5393 = EDGE_CURVE('',#5386,#5377,#5394,.T.);
#5394 = LINE('',#5395,#5396);
#5395 = CARTESIAN_POINT('',(145.5,22.06,0.));
#5396 = VECTOR('',#5397,1.);
#5397 = DIRECTION('',(0.,0.,1.));
#5398 = PLANE('',#5399);
#5399 = AXIS2_PLACEMENT_3D('',#5400,#5401,#5402);
#5400 = CARTESIAN_POINT('',(145.5,11.03,0.));
#5401 = DIRECTION('',(1.,0.,0.));
#5402 = DIRECTION('',(0.,0.,1.));
#5403 = ADVANCED_FACE('',(#5404),#5422,.T.);
#5404 = FACE_BOUND('',#5405,.T.);
#5405 = EDGE_LOOP('',(#5406,#5407,#5408,#5416));
#5406 = ORIENTED_EDGE('',*,*,#5376,.F.);
#5407 = ORIENTED_EDGE('',*,*,#4711,.T.);
#5408 = ORIENTED_EDGE('',*,*,#5409,.T.);
#5409 = EDGE_CURVE('',#4712,#5410,#5412,.T.);
#5410 = VERTEX_POINT('',#5411);
#5411 = CARTESIAN_POINT('',(148.5,22.06,3.));
#5412 = LINE('',#5413,#5414);
#5413 = CARTESIAN_POINT('',(148.5,11.03,3.));
#5414 = VECTOR('',#5415,1.);
#5415 = DIRECTION('',(0.,1.,0.));
#5416 = ORIENTED_EDGE('',*,*,#5417,.F.);
#5417 = EDGE_CURVE('',#5377,#5410,#5418,.T.);
#5418 = LINE('',#5419,#5420);
#5419 = CARTESIAN_POINT('',(145.5,22.06,3.));
#5420 = VECTOR('',#5421,1.);
#5421 = DIRECTION('',(1.,0.,0.));
#5422 = PLANE('',#5423);
#5423 = AXIS2_PLACEMENT_3D('',#5424,#5425,#5426);
#5424 = CARTESIAN_POINT('',(145.5,11.03,3.));
#5425 = DIRECTION('',(0.,0.,1.));
#5426 = DIRECTION('',(1.,0.,0.));
#5427 = ADVANCED_FACE('',(#5428),#5453,.T.);
#5428 = FACE_BOUND('',#5429,.T.);
#5429 = EDGE_LOOP('',(#5430,#5438,#5439,#5447));
#5430 = ORIENTED_EDGE('',*,*,#5431,.F.);
#5431 = EDGE_CURVE('',#4712,#5432,#5434,.T.);
#5432 = VERTEX_POINT('',#5433);
#5433 = CARTESIAN_POINT('',(193.13,22.05,3.));
#5434 = LINE('',#5435,#5436);
#5435 = CARTESIAN_POINT('',(0.,22.05,3.));
#5436 = VECTOR('',#5437,1.);
#5437 = DIRECTION('',(1.,0.,0.));
#5438 = ORIENTED_EDGE('',*,*,#4728,.F.);
#5439 = ORIENTED_EDGE('',*,*,#5440,.T.);
#5440 = EDGE_CURVE('',#4721,#5441,#5443,.T.);
#5441 = VERTEX_POINT('',#5442);
#5442 = CARTESIAN_POINT('',(193.13,19.05,3.));
#5443 = LINE('',#5444,#5445);
#5444 = CARTESIAN_POINT('',(0.,19.05,3.));
#5445 = VECTOR('',#5446,1.);
#5446 = DIRECTION('',(1.,0.,0.));
#5447 = ORIENTED_EDGE('',*,*,#5448,.T.);
#5448 = EDGE_CURVE('',#5441,#5432,#5449,.T.);
#5449 = LINE('',#5450,#5451);
#5450 = CARTESIAN_POINT('',(193.13,19.05,3.));
#5451 = VECTOR('',#5452,1.);
#5452 = DIRECTION('',(0.,1.,0.));
#5453 = PLANE('',#5454);
#5454 = AXIS2_PLACEMENT_3D('',#5455,#5456,#5457);
#5455 = CARTESIAN_POINT('',(0.,19.05,3.));
#5456 = DIRECTION('',(0.,0.,1.));
#5457 = DIRECTION('',(1.,0.,0.));
#5458 = ADVANCED_FACE('',(#5459),#5478,.T.);
#5459 = FACE_BOUND('',#5460,.T.);
#5460 = EDGE_LOOP('',(#5461,#5462,#5471,#5477));
#5461 = ORIENTED_EDGE('',*,*,#4742,.F.);
#5462 = ORIENTED_EDGE('',*,*,#5463,.F.);
#5463 = EDGE_CURVE('',#5464,#4743,#5466,.T.);
#5464 = VERTEX_POINT('',#5465);
#5465 = CARTESIAN_POINT('',(148.5,13.628076211353,3.));
#5466 = CIRCLE('',#5467,3.);
#5467 = AXIS2_PLACEMENT_3D('',#5468,#5469,#5470);
#5468 = CARTESIAN_POINT('',(147.,11.03,3.));
#5469 = DIRECTION('',(0.,0.,1.));
#5470 = DIRECTION('',(1.,0.,0.));
#5471 = ORIENTED_EDGE('',*,*,#5472,.T.);
#5472 = EDGE_CURVE('',#5464,#4721,#5473,.T.);
#5473 = LINE('',#5474,#5475);
#5474 = CARTESIAN_POINT('',(148.5,11.03,3.));
#5475 = VECTOR('',#5476,1.);
#5476 = DIRECTION('',(0.,1.,0.));
#5477 = ORIENTED_EDGE('',*,*,#4720,.F.);
#5478 = PLANE('',#5479);
#5479 = AXIS2_PLACEMENT_3D('',#5480,#5481,#5482);
#5480 = CARTESIAN_POINT('',(145.5,11.03,3.));
#5481 = DIRECTION('',(0.,0.,1.));
#5482 = DIRECTION('',(1.,0.,0.));
#5483 = ADVANCED_FACE('',(#5484),#5503,.F.);
#5484 = FACE_BOUND('',#5485,.F.);
#5485 = EDGE_LOOP('',(#5486,#5487,#5496,#5502));
#5486 = ORIENTED_EDGE('',*,*,#4758,.F.);
#5487 = ORIENTED_EDGE('',*,*,#5488,.F.);
#5488 = EDGE_CURVE('',#5489,#4751,#5491,.T.);
#5489 = VERTEX_POINT('',#5490);
#5490 = CARTESIAN_POINT('',(148.5,13.628076211353,0.));
#5491 = CIRCLE('',#5492,3.);
#5492 = AXIS2_PLACEMENT_3D('',#5493,#5494,#5495);
#5493 = CARTESIAN_POINT('',(147.,11.03,0.));
#5494 = DIRECTION('',(0.,0.,1.));
#5495 = DIRECTION('',(1.,0.,0.));
#5496 = ORIENTED_EDGE('',*,*,#5497,.T.);
#5497 = EDGE_CURVE('',#5489,#4941,#5498,.T.);
#5498 = LINE('',#5499,#5500);
#5499 = CARTESIAN_POINT('',(148.5,11.03,0.));
#5500 = VECTOR('',#5501,1.);
#5501 = DIRECTION('',(0.,1.,0.));
#5502 = ORIENTED_EDGE('',*,*,#4940,.F.);
#5503 = PLANE('',#5504);
#5504 = AXIS2_PLACEMENT_3D('',#5505,#5506,#5507);
#5505 = CARTESIAN_POINT('',(145.5,11.03,0.));
#5506 = DIRECTION('',(0.,0.,1.));
#5507 = DIRECTION('',(1.,0.,0.));
#5508 = ADVANCED_FACE('',(#5509),#5536,.T.);
#5509 = FACE_BOUND('',#5510,.F.);
#5510 = EDGE_LOOP('',(#5511,#5521,#5528,#5529));
#5511 = ORIENTED_EDGE('',*,*,#5512,.F.);
#5512 = EDGE_CURVE('',#5513,#5515,#5517,.T.);
#5513 = VERTEX_POINT('',#5514);
#5514 = CARTESIAN_POINT('',(150.,11.03,0.));
#5515 = VERTEX_POINT('',#5516);
#5516 = CARTESIAN_POINT('',(150.,11.03,3.));
#5517 = LINE('',#5518,#5519);
#5518 = CARTESIAN_POINT('',(150.,11.03,0.));
#5519 = VECTOR('',#5520,1.);
#5520 = DIRECTION('',(0.,0.,1.));
#5521 = ORIENTED_EDGE('',*,*,#5522,.F.);
#5522 = EDGE_CURVE('',#4751,#5513,#5523,.T.);
#5523 = CIRCLE('',#5524,3.);
#5524 = AXIS2_PLACEMENT_3D('',#5525,#5526,#5527);
#5525 = CARTESIAN_POINT('',(147.,11.03,0.));
#5526 = DIRECTION('',(0.,0.,1.));
#5527 = DIRECTION('',(1.,0.,0.));
#5528 = ORIENTED_EDGE('',*,*,#4750,.F.);
#5529 = ORIENTED_EDGE('',*,*,#5530,.T.);
#5530 = EDGE_CURVE('',#4743,#5515,#5531,.T.);
#5531 = CIRCLE('',#5532,3.);
#5532 = AXIS2_PLACEMENT_3D('',#5533,#5534,#5535);
#5533 = CARTESIAN_POINT('',(147.,11.03,3.));
#5534 = DIRECTION('',(0.,0.,1.));
#5535 = DIRECTION('',(1.,0.,0.));
#5536 = CYLINDRICAL_SURFACE('',#5537,3.);
#5537 = AXIS2_PLACEMENT_3D('',#5538,#5539,#5540);
#5538 = CARTESIAN_POINT('',(147.,11.03,0.));
#5539 = DIRECTION('',(-0.,-0.,-1.));
#5540 = DIRECTION('',(1.,0.,0.));
#5541 = ADVANCED_FACE('',(#5542),#5553,.T.);
#5542 = FACE_BOUND('',#5543,.T.);
#5543 = EDGE_LOOP('',(#5544,#5545,#5546,#5547));
#5544 = ORIENTED_EDGE('',*,*,#4790,.F.);
#5545 = ORIENTED_EDGE('',*,*,#4776,.T.);
#5546 = ORIENTED_EDGE('',*,*,#4821,.T.);
#5547 = ORIENTED_EDGE('',*,*,#5548,.F.);
#5548 = EDGE_CURVE('',#4791,#4822,#5549,.T.);
#5549 = LINE('',#5550,#5551);
#5550 = CARTESIAN_POINT('',(26.44,79.2,0.));
#5551 = VECTOR('',#5552,1.);
#5552 = DIRECTION('',(0.,0.,1.));
#5553 = PLANE('',#5554);
#5554 = AXIS2_PLACEMENT_3D('',#5555,#5556,#5557);
#5555 = CARTESIAN_POINT('',(0.,79.2,0.));
#5556 = DIRECTION('',(0.,1.,0.));
#5557 = DIRECTION('',(0.,0.,1.));
#5558 = ADVANCED_FACE('',(#5559),#5584,.F.);
#5559 = FACE_BOUND('',#5560,.F.);
#5560 = EDGE_LOOP('',(#5561,#5562,#5570,#5578));
#5561 = ORIENTED_EDGE('',*,*,#4807,.F.);
#5562 = ORIENTED_EDGE('',*,*,#5563,.T.);
#5563 = EDGE_CURVE('',#4800,#5564,#5566,.T.);
#5564 = VERTEX_POINT('',#5565);
#5565 = CARTESIAN_POINT('',(29.44,76.2,0.));
#5566 = LINE('',#5567,#5568);
#5567 = CARTESIAN_POINT('',(0.,76.2,0.));
#5568 = VECTOR('',#5569,1.);
#5569 = DIRECTION('',(1.,0.,0.));
#5570 = ORIENTED_EDGE('',*,*,#5571,.T.);
#5571 = EDGE_CURVE('',#5564,#5572,#5574,.T.);
#5572 = VERTEX_POINT('',#5573);
#5573 = CARTESIAN_POINT('',(29.44,79.2,0.));
#5574 = LINE('',#5575,#5576);
#5575 = CARTESIAN_POINT('',(29.44,57.15,0.));
#5576 = VECTOR('',#5577,1.);
#5577 = DIRECTION('',(0.,1.,0.));
#5578 = ORIENTED_EDGE('',*,*,#5579,.F.);
#5579 = EDGE_CURVE('',#4791,#5572,#5580,.T.);
#5580 = LINE('',#5581,#5582);
#5581 = CARTESIAN_POINT('',(26.44,79.2,0.));
#5582 = VECTOR('',#5583,1.);
#5583 = DIRECTION('',(1.,0.,0.));
#5584 = PLANE('',#5585);
#5585 = AXIS2_PLACEMENT_3D('',#5586,#5587,#5588);
#5586 = CARTESIAN_POINT('',(26.44,57.15,0.));
#5587 = DIRECTION('',(0.,0.,1.));
#5588 = DIRECTION('',(1.,0.,0.));
#5589 = ADVANCED_FACE('',(#5590),#5615,.T.);
#5590 = FACE_BOUND('',#5591,.T.);
#5591 = EDGE_LOOP('',(#5592,#5593,#5601,#5609));
#5592 = ORIENTED_EDGE('',*,*,#4838,.F.);
#5593 = ORIENTED_EDGE('',*,*,#5594,.T.);
#5594 = EDGE_CURVE('',#4831,#5595,#5597,.T.);
#5595 = VERTEX_POINT('',#5596);
#5596 = CARTESIAN_POINT('',(29.44,76.2,3.));
#5597 = LINE('',#5598,#5599);
#5598 = CARTESIAN_POINT('',(0.,76.2,3.));
#5599 = VECTOR('',#5600,1.);
#5600 = DIRECTION('',(1.,0.,0.));
#5601 = ORIENTED_EDGE('',*,*,#5602,.T.);
#5602 = EDGE_CURVE('',#5595,#5603,#5605,.T.);
#5603 = VERTEX_POINT('',#5604);
#5604 = CARTESIAN_POINT('',(29.44,79.2,3.));
#5605 = LINE('',#5606,#5607);
#5606 = CARTESIAN_POINT('',(29.44,57.15,3.));
#5607 = VECTOR('',#5608,1.);
#5608 = DIRECTION('',(0.,1.,0.));
#5609 = ORIENTED_EDGE('',*,*,#5610,.F.);
#5610 = EDGE_CURVE('',#4822,#5603,#5611,.T.);
#5611 = LINE('',#5612,#5613);
#5612 = CARTESIAN_POINT('',(26.44,79.2,3.));
#5613 = VECTOR('',#5614,1.);
#5614 = DIRECTION('',(1.,0.,0.));
#5615 = PLANE('',#5616);
#5616 = AXIS2_PLACEMENT_3D('',#5617,#5618,#5619);
#5617 = CARTESIAN_POINT('',(26.44,57.15,3.));
#5618 = DIRECTION('',(0.,0.,1.));
#5619 = DIRECTION('',(1.,0.,0.));
#5620 = ADVANCED_FACE('',(#5621),#5640,.F.);
#5621 = FACE_BOUND('',#5622,.F.);
#5622 = EDGE_LOOP('',(#5623,#5624,#5625,#5633));
#5623 = ORIENTED_EDGE('',*,*,#5146,.F.);
#5624 = ORIENTED_EDGE('',*,*,#4862,.T.);
#5625 = ORIENTED_EDGE('',*,*,#5626,.T.);
#5626 = EDGE_CURVE('',#4855,#5627,#5629,.T.);
#5627 = VERTEX_POINT('',#5628);
#5628 = CARTESIAN_POINT('',(29.44,65.581923788647,0.));
#5629 = LINE('',#5630,#5631);
#5630 = CARTESIAN_POINT('',(29.44,57.15,0.));
#5631 = VECTOR('',#5632,1.);
#5632 = DIRECTION('',(0.,1.,0.));
#5633 = ORIENTED_EDGE('',*,*,#5634,.F.);
#5634 = EDGE_CURVE('',#5147,#5627,#5635,.T.);
#5635 = CIRCLE('',#5636,3.);
#5636 = AXIS2_PLACEMENT_3D('',#5637,#5638,#5639);
#5637 = CARTESIAN_POINT('',(27.94,68.18,0.));
#5638 = DIRECTION('',(0.,0.,1.));
#5639 = DIRECTION('',(1.,0.,0.));
#5640 = PLANE('',#5641);
#5641 = AXIS2_PLACEMENT_3D('',#5642,#5643,#5644);
#5642 = CARTESIAN_POINT('',(26.44,57.15,0.));
#5643 = DIRECTION('',(0.,0.,1.));
#5644 = DIRECTION('',(1.,0.,0.));
#5645 = ADVANCED_FACE('',(#5646),#5664,.F.);
#5646 = FACE_BOUND('',#5647,.F.);
#5647 = EDGE_LOOP('',(#5648,#5656,#5657,#5658));
#5648 = ORIENTED_EDGE('',*,*,#5649,.F.);
#5649 = EDGE_CURVE('',#4879,#5650,#5652,.T.);
#5650 = VERTEX_POINT('',#5651);
#5651 = CARTESIAN_POINT('',(83.59,60.15,0.));
#5652 = LINE('',#5653,#5654);
#5653 = CARTESIAN_POINT('',(0.,60.15,0.));
#5654 = VECTOR('',#5655,1.);
#5655 = DIRECTION('',(1.,0.,0.));
#5656 = ORIENTED_EDGE('',*,*,#4893,.F.);
#5657 = ORIENTED_EDGE('',*,*,#5280,.T.);
#5658 = ORIENTED_EDGE('',*,*,#5659,.T.);
#5659 = EDGE_CURVE('',#5281,#5650,#5660,.T.);
#5660 = LINE('',#5661,#5662);
#5661 = CARTESIAN_POINT('',(83.59,57.15,0.));
#5662 = VECTOR('',#5663,1.);
#5663 = DIRECTION('',(0.,1.,0.));
#5664 = PLANE('',#5665);
#5665 = AXIS2_PLACEMENT_3D('',#5666,#5667,#5668);
#5666 = CARTESIAN_POINT('',(0.,57.15,0.));
#5667 = DIRECTION('',(0.,0.,1.));
#5668 = DIRECTION('',(1.,0.,0.));
#5669 = ADVANCED_FACE('',(#5670),#5688,.F.);
#5670 = FACE_BOUND('',#5671,.F.);
#5671 = EDGE_LOOP('',(#5672,#5680,#5681,#5682));
#5672 = ORIENTED_EDGE('',*,*,#5673,.F.);
#5673 = EDGE_CURVE('',#4910,#5674,#5676,.T.);
#5674 = VERTEX_POINT('',#5675);
#5675 = CARTESIAN_POINT('',(150.26,41.1,0.));
#5676 = LINE('',#5677,#5678);
#5677 = CARTESIAN_POINT('',(0.,41.1,0.));
#5678 = VECTOR('',#5679,1.);
#5679 = DIRECTION('',(1.,0.,0.));
#5680 = ORIENTED_EDGE('',*,*,#4909,.F.);
#5681 = ORIENTED_EDGE('',*,*,#5352,.T.);
#5682 = ORIENTED_EDGE('',*,*,#5683,.T.);
#5683 = EDGE_CURVE('',#5353,#5674,#5684,.T.);
#5684 = LINE('',#5685,#5686);
#5685 = CARTESIAN_POINT('',(150.26,38.1,0.));
#5686 = VECTOR('',#5687,1.);
#5687 = DIRECTION('',(0.,1.,0.));
#5688 = PLANE('',#5689);
#5689 = AXIS2_PLACEMENT_3D('',#5690,#5691,#5692);
#5690 = CARTESIAN_POINT('',(0.,38.1,0.));
#5691 = DIRECTION('',(0.,0.,1.));
#5692 = DIRECTION('',(1.,0.,0.));
#5693 = ADVANCED_FACE('',(#5694),#5712,.F.);
#5694 = FACE_BOUND('',#5695,.F.);
#5695 = EDGE_LOOP('',(#5696,#5697,#5698,#5706));
#5696 = ORIENTED_EDGE('',*,*,#5385,.F.);
#5697 = ORIENTED_EDGE('',*,*,#4931,.T.);
#5698 = ORIENTED_EDGE('',*,*,#5699,.T.);
#5699 = EDGE_CURVE('',#4932,#5700,#5702,.T.);
#5700 = VERTEX_POINT('',#5701);
#5701 = CARTESIAN_POINT('',(148.5,22.06,0.));
#5702 = LINE('',#5703,#5704);
#5703 = CARTESIAN_POINT('',(148.5,11.03,0.));
#5704 = VECTOR('',#5705,1.);
#5705 = DIRECTION('',(0.,1.,0.));
#5706 = ORIENTED_EDGE('',*,*,#5707,.F.);
#5707 = EDGE_CURVE('',#5386,#5700,#5708,.T.);
#5708 = LINE('',#5709,#5710);
#5709 = CARTESIAN_POINT('',(145.5,22.06,0.));
#5710 = VECTOR('',#5711,1.);
#5711 = DIRECTION('',(1.,0.,0.));
#5712 = PLANE('',#5713);
#5713 = AXIS2_PLACEMENT_3D('',#5714,#5715,#5716);
#5714 = CARTESIAN_POINT('',(145.5,11.03,0.));
#5715 = DIRECTION('',(0.,0.,1.));
#5716 = DIRECTION('',(1.,0.,0.));
#5717 = ADVANCED_FACE('',(#5718),#5743,.F.);
#5718 = FACE_BOUND('',#5719,.F.);
#5719 = EDGE_LOOP('',(#5720,#5728,#5729,#5737));
#5720 = ORIENTED_EDGE('',*,*,#5721,.F.);
#5721 = EDGE_CURVE('',#4932,#5722,#5724,.T.);
#5722 = VERTEX_POINT('',#5723);
#5723 = CARTESIAN_POINT('',(193.13,22.05,0.));
#5724 = LINE('',#5725,#5726);
#5725 = CARTESIAN_POINT('',(0.,22.05,0.));
#5726 = VECTOR('',#5727,1.);
#5727 = DIRECTION('',(1.,0.,0.));
#5728 = ORIENTED_EDGE('',*,*,#4948,.F.);
#5729 = ORIENTED_EDGE('',*,*,#5730,.T.);
#5730 = EDGE_CURVE('',#4941,#5731,#5733,.T.);
#5731 = VERTEX_POINT('',#5732);
#5732 = CARTESIAN_POINT('',(193.13,19.05,0.));
#5733 = LINE('',#5734,#5735);
#5734 = CARTESIAN_POINT('',(0.,19.05,0.));
#5735 = VECTOR('',#5736,1.);
#5736 = DIRECTION('',(1.,0.,0.));
#5737 = ORIENTED_EDGE('',*,*,#5738,.T.);
#5738 = EDGE_CURVE('',#5731,#5722,#5739,.T.);
#5739 = LINE('',#5740,#5741);
#5740 = CARTESIAN_POINT('',(193.13,19.05,0.));
#5741 = VECTOR('',#5742,1.);
#5742 = DIRECTION('',(0.,1.,0.));
#5743 = PLANE('',#5744);
#5744 = AXIS2_PLACEMENT_3D('',#5745,#5746,#5747);
#5745 = CARTESIAN_POINT('',(0.,19.05,0.));
#5746 = DIRECTION('',(0.,0.,1.));
#5747 = DIRECTION('',(1.,0.,0.));
#5748 = ADVANCED_FACE('',(#5749),#5767,.T.);
#5749 = FACE_BOUND('',#5750,.T.);
#5750 = EDGE_LOOP('',(#5751,#5752,#5753,#5761));
#5751 = ORIENTED_EDGE('',*,*,#5058,.F.);
#5752 = ORIENTED_EDGE('',*,*,#4972,.T.);
#5753 = ORIENTED_EDGE('',*,*,#5754,.T.);
#5754 = EDGE_CURVE('',#4965,#5755,#5757,.T.);
#5755 = VERTEX_POINT('',#5756);
#5756 = CARTESIAN_POINT('',(224.7,3.,3.));
#5757 = LINE('',#5758,#5759);
#5758 = CARTESIAN_POINT('',(224.7,-19.05,3.));
#5759 = VECTOR('',#5760,1.);
#5760 = DIRECTION('',(0.,1.,0.));
#5761 = ORIENTED_EDGE('',*,*,#5762,.F.);
#5762 = EDGE_CURVE('',#5051,#5755,#5763,.T.);
#5763 = LINE('',#5764,#5765);
#5764 = CARTESIAN_POINT('',(221.7,3.,3.));
#5765 = VECTOR('',#5766,1.);
#5766 = DIRECTION('',(1.,0.,0.));
#5767 = PLANE('',#5768);
#5768 = AXIS2_PLACEMENT_3D('',#5769,#5770,#5771);
#5769 = CARTESIAN_POINT('',(221.7,-19.05,3.));
#5770 = DIRECTION('',(0.,0.,1.));
#5771 = DIRECTION('',(1.,0.,0.));
#5772 = ADVANCED_FACE('',(#5773),#5789,.T.);
#5773 = FACE_BOUND('',#5774,.T.);
#5774 = EDGE_LOOP('',(#5775,#5776,#5782,#5783));
#5775 = ORIENTED_EDGE('',*,*,#4964,.F.);
#5776 = ORIENTED_EDGE('',*,*,#5777,.F.);
#5777 = EDGE_CURVE('',#4441,#4369,#5778,.T.);
#5778 = LINE('',#5779,#5780);
#5779 = CARTESIAN_POINT('',(224.7,-8.97,0.));
#5780 = VECTOR('',#5781,1.);
#5781 = DIRECTION('',(0.,0.,1.));
#5782 = ORIENTED_EDGE('',*,*,#5074,.T.);
#5783 = ORIENTED_EDGE('',*,*,#5784,.T.);
#5784 = EDGE_CURVE('',#5075,#4965,#5785,.T.);
#5785 = LINE('',#5786,#5787);
#5786 = CARTESIAN_POINT('',(224.7,0.,0.));
#5787 = VECTOR('',#5788,1.);
#5788 = DIRECTION('',(0.,0.,1.));
#5789 = PLANE('',#5790);
#5790 = AXIS2_PLACEMENT_3D('',#5791,#5792,#5793);
#5791 = CARTESIAN_POINT('',(224.7,-19.05,0.));
#5792 = DIRECTION('',(1.,0.,0.));
#5793 = DIRECTION('',(0.,0.,1.));
#5794 = ADVANCED_FACE('',(#5795),#5806,.T.);
#5795 = FACE_BOUND('',#5796,.T.);
#5796 = EDGE_LOOP('',(#5797,#5798,#5799,#5800));
#5797 = ORIENTED_EDGE('',*,*,#5096,.F.);
#5798 = ORIENTED_EDGE('',*,*,#5777,.T.);
#5799 = ORIENTED_EDGE('',*,*,#4986,.T.);
#5800 = ORIENTED_EDGE('',*,*,#5801,.F.);
#5801 = EDGE_CURVE('',#5097,#4987,#5802,.T.);
#5802 = LINE('',#5803,#5804);
#5803 = CARTESIAN_POINT('',(291.,-8.97,0.));
#5804 = VECTOR('',#5805,1.);
#5805 = DIRECTION('',(0.,0.,1.));
#5806 = PLANE('',#5807);
#5807 = AXIS2_PLACEMENT_3D('',#5808,#5809,#5810);
#5808 = CARTESIAN_POINT('',(221.7,-8.97,0.));
#5809 = DIRECTION('',(0.,1.,0.));
#5810 = DIRECTION('',(0.,0.,1.));
#5811 = ADVANCED_FACE('',(#5812),#5837,.T.);
#5812 = FACE_BOUND('',#5813,.T.);
#5813 = EDGE_LOOP('',(#5814,#5815,#5823,#5831));
#5814 = ORIENTED_EDGE('',*,*,#5003,.F.);
#5815 = ORIENTED_EDGE('',*,*,#5816,.T.);
#5816 = EDGE_CURVE('',#4996,#5817,#5819,.T.);
#5817 = VERTEX_POINT('',#5818);
#5818 = CARTESIAN_POINT('',(294.,-11.97,3.));
#5819 = LINE('',#5820,#5821);
#5820 = CARTESIAN_POINT('',(291.,-11.97,3.));
#5821 = VECTOR('',#5822,1.);
#5822 = DIRECTION('',(1.,0.,0.));
#5823 = ORIENTED_EDGE('',*,*,#5824,.T.);
#5824 = EDGE_CURVE('',#5817,#5825,#5827,.T.);
#5825 = VERTEX_POINT('',#5826);
#5826 = CARTESIAN_POINT('',(294.,-8.97,3.));
#5827 = LINE('',#5828,#5829);
#5828 = CARTESIAN_POINT('',(294.,-11.97,3.));
#5829 = VECTOR('',#5830,1.);
#5830 = DIRECTION('',(0.,1.,0.));
#5831 = ORIENTED_EDGE('',*,*,#5832,.F.);
#5832 = EDGE_CURVE('',#4987,#5825,#5833,.T.);
#5833 = LINE('',#5834,#5835);
#5834 = CARTESIAN_POINT('',(221.7,-8.97,3.));
#5835 = VECTOR('',#5836,1.);
#5836 = DIRECTION('',(1.,0.,0.));
#5837 = PLANE('',#5838);
#5838 = AXIS2_PLACEMENT_3D('',#5839,#5840,#5841);
#5839 = CARTESIAN_POINT('',(291.,-11.97,3.));
#5840 = DIRECTION('',(0.,0.,1.));
#5841 = DIRECTION('',(1.,0.,0.));
#5842 = ADVANCED_FACE('',(#5843),#5861,.F.);
#5843 = FACE_BOUND('',#5844,.F.);
#5844 = EDGE_LOOP('',(#5845,#5853,#5854,#5855));
#5845 = ORIENTED_EDGE('',*,*,#5846,.F.);
#5846 = EDGE_CURVE('',#5018,#5847,#5849,.T.);
#5847 = VERTEX_POINT('',#5848);
#5848 = CARTESIAN_POINT('',(294.,-11.97,0.));
#5849 = LINE('',#5850,#5851);
#5850 = CARTESIAN_POINT('',(291.,-11.97,0.));
#5851 = VECTOR('',#5852,1.);
#5852 = DIRECTION('',(1.,0.,0.));
#5853 = ORIENTED_EDGE('',*,*,#5027,.T.);
#5854 = ORIENTED_EDGE('',*,*,#5816,.T.);
#5855 = ORIENTED_EDGE('',*,*,#5856,.F.);
#5856 = EDGE_CURVE('',#5847,#5817,#5857,.T.);
#5857 = LINE('',#5858,#5859);
#5858 = CARTESIAN_POINT('',(294.,-11.97,0.));
#5859 = VECTOR('',#5860,1.);
#5860 = DIRECTION('',(0.,0.,1.));
#5861 = PLANE('',#5862);
#5862 = AXIS2_PLACEMENT_3D('',#5863,#5864,#5865);
#5863 = CARTESIAN_POINT('',(291.,-11.97,0.));
#5864 = DIRECTION('',(0.,1.,0.));
#5865 = DIRECTION('',(0.,0.,1.));
#5866 = ADVANCED_FACE('',(#5867),#5892,.F.);
#5867 = FACE_BOUND('',#5868,.F.);
#5868 = EDGE_LOOP('',(#5869,#5877,#5878,#5886));
#5869 = ORIENTED_EDGE('',*,*,#5870,.F.);
#5870 = EDGE_CURVE('',#5051,#5871,#5873,.T.);
#5871 = VERTEX_POINT('',#5872);
#5872 = CARTESIAN_POINT('',(221.7,19.05,3.));
#5873 = LINE('',#5874,#5875);
#5874 = CARTESIAN_POINT('',(221.7,-19.05,3.));
#5875 = VECTOR('',#5876,1.);
#5876 = DIRECTION('',(0.,1.,0.));
#5877 = ORIENTED_EDGE('',*,*,#5050,.F.);
#5878 = ORIENTED_EDGE('',*,*,#5879,.T.);
#5879 = EDGE_CURVE('',#5043,#5880,#5882,.T.);
#5880 = VERTEX_POINT('',#5881);
#5881 = CARTESIAN_POINT('',(221.7,19.05,0.));
#5882 = LINE('',#5883,#5884);
#5883 = CARTESIAN_POINT('',(221.7,-19.05,0.));
#5884 = VECTOR('',#5885,1.);
#5885 = DIRECTION('',(0.,1.,0.));
#5886 = ORIENTED_EDGE('',*,*,#5887,.F.);
#5887 = EDGE_CURVE('',#5871,#5880,#5888,.T.);
#5888 = LINE('',#5889,#5890);
#5889 = CARTESIAN_POINT('',(221.7,19.05,0.));
#5890 = VECTOR('',#5891,1.);
#5891 = DIRECTION('',(0.,0.,-1.));
#5892 = PLANE('',#5893);
#5893 = AXIS2_PLACEMENT_3D('',#5894,#5895,#5896);
#5894 = CARTESIAN_POINT('',(221.7,-19.05,0.));
#5895 = DIRECTION('',(1.,0.,0.));
#5896 = DIRECTION('',(0.,0.,1.));
#5897 = ADVANCED_FACE('',(#5898),#5916,.F.);
#5898 = FACE_BOUND('',#5899,.F.);
#5899 = EDGE_LOOP('',(#5900,#5901,#5902,#5910));
#5900 = ORIENTED_EDGE('',*,*,#5042,.F.);
#5901 = ORIENTED_EDGE('',*,*,#5082,.T.);
#5902 = ORIENTED_EDGE('',*,*,#5903,.T.);
#5903 = EDGE_CURVE('',#5075,#5904,#5906,.T.);
#5904 = VERTEX_POINT('',#5905);
#5905 = CARTESIAN_POINT('',(224.7,3.,0.));
#5906 = LINE('',#5907,#5908);
#5907 = CARTESIAN_POINT('',(224.7,-19.05,0.));
#5908 = VECTOR('',#5909,1.);
#5909 = DIRECTION('',(0.,1.,0.));
#5910 = ORIENTED_EDGE('',*,*,#5911,.F.);
#5911 = EDGE_CURVE('',#5043,#5904,#5912,.T.);
#5912 = LINE('',#5913,#5914);
#5913 = CARTESIAN_POINT('',(221.7,3.,0.));
#5914 = VECTOR('',#5915,1.);
#5915 = DIRECTION('',(1.,0.,0.));
#5916 = PLANE('',#5917);
#5917 = AXIS2_PLACEMENT_3D('',#5918,#5919,#5920);
#5918 = CARTESIAN_POINT('',(221.7,-19.05,0.));
#5919 = DIRECTION('',(0.,0.,1.));
#5920 = DIRECTION('',(1.,0.,0.));
#5921 = ADVANCED_FACE('',(#5922),#5940,.F.);
#5922 = FACE_BOUND('',#5923,.F.);
#5923 = EDGE_LOOP('',(#5924,#5925,#5926,#5934));
#5924 = ORIENTED_EDGE('',*,*,#5106,.F.);
#5925 = ORIENTED_EDGE('',*,*,#5846,.T.);
#5926 = ORIENTED_EDGE('',*,*,#5927,.T.);
#5927 = EDGE_CURVE('',#5847,#5928,#5930,.T.);
#5928 = VERTEX_POINT('',#5929);
#5929 = CARTESIAN_POINT('',(294.,-8.97,0.));
#5930 = LINE('',#5931,#5932);
#5931 = CARTESIAN_POINT('',(294.,-11.97,0.));
#5932 = VECTOR('',#5933,1.);
#5933 = DIRECTION('',(0.,1.,0.));
#5934 = ORIENTED_EDGE('',*,*,#5935,.F.);
#5935 = EDGE_CURVE('',#5097,#5928,#5936,.T.);
#5936 = LINE('',#5937,#5938);
#5937 = CARTESIAN_POINT('',(221.7,-8.97,0.));
#5938 = VECTOR('',#5939,1.);
#5939 = DIRECTION('',(1.,0.,0.));
#5940 = PLANE('',#5941);
#5941 = AXIS2_PLACEMENT_3D('',#5942,#5943,#5944);
#5942 = CARTESIAN_POINT('',(291.,-11.97,0.));
#5943 = DIRECTION('',(0.,0.,1.));
#5944 = DIRECTION('',(1.,0.,0.));
#5945 = ADVANCED_FACE('',(#5946),#5971,.F.);
#5946 = FACE_BOUND('',#5947,.F.);
#5947 = EDGE_LOOP('',(#5948,#5956,#5964,#5970));
#5948 = ORIENTED_EDGE('',*,*,#5949,.F.);
#5949 = EDGE_CURVE('',#5950,#4831,#5952,.T.);
#5950 = VERTEX_POINT('',#5951);
#5951 = CARTESIAN_POINT('',(26.44,70.778076211353,3.));
#5952 = LINE('',#5953,#5954);
#5953 = CARTESIAN_POINT('',(26.44,57.15,3.));
#5954 = VECTOR('',#5955,1.);
#5955 = DIRECTION('',(0.,1.,0.));
#5956 = ORIENTED_EDGE('',*,*,#5957,.T.);
#5957 = EDGE_CURVE('',#5950,#5958,#5960,.T.);
#5958 = VERTEX_POINT('',#5959);
#5959 = CARTESIAN_POINT('',(26.44,70.778076211353,0.));
#5960 = LINE('',#5961,#5962);
#5961 = CARTESIAN_POINT('',(26.44,70.778076211353,0.));
#5962 = VECTOR('',#5963,1.);
#5963 = DIRECTION('',(-0.,-0.,-1.));
#5964 = ORIENTED_EDGE('',*,*,#5965,.T.);
#5965 = EDGE_CURVE('',#5958,#4800,#5966,.T.);
#5966 = LINE('',#5967,#5968);
#5967 = CARTESIAN_POINT('',(26.44,57.15,0.));
#5968 = VECTOR('',#5969,1.);
#5969 = DIRECTION('',(0.,1.,0.));
#5970 = ORIENTED_EDGE('',*,*,#5123,.T.);
#5971 = PLANE('',#5972);
#5972 = AXIS2_PLACEMENT_3D('',#5973,#5974,#5975);
#5973 = CARTESIAN_POINT('',(26.44,57.15,0.));
#5974 = DIRECTION('',(1.,0.,0.));
#5975 = DIRECTION('',(0.,0.,1.));
#5976 = ADVANCED_FACE('',(#5977),#5995,.T.);
#5977 = FACE_BOUND('',#5978,.F.);
#5978 = EDGE_LOOP('',(#5979,#5986,#5987,#5994));
#5979 = ORIENTED_EDGE('',*,*,#5980,.F.);
#5980 = EDGE_CURVE('',#5958,#5147,#5981,.T.);
#5981 = CIRCLE('',#5982,3.);
#5982 = AXIS2_PLACEMENT_3D('',#5983,#5984,#5985);
#5983 = CARTESIAN_POINT('',(27.94,68.18,0.));
#5984 = DIRECTION('',(0.,0.,1.));
#5985 = DIRECTION('',(1.,0.,0.));
#5986 = ORIENTED_EDGE('',*,*,#5957,.F.);
#5987 = ORIENTED_EDGE('',*,*,#5988,.T.);
#5988 = EDGE_CURVE('',#5950,#5138,#5989,.T.);
#5989 = CIRCLE('',#5990,3.);
#5990 = AXIS2_PLACEMENT_3D('',#5991,#5992,#5993);
#5991 = CARTESIAN_POINT('',(27.94,68.18,3.));
#5992 = DIRECTION('',(0.,0.,1.));
#5993 = DIRECTION('',(1.,0.,0.));
#5994 = ORIENTED_EDGE('',*,*,#5154,.T.);
#5995 = CYLINDRICAL_SURFACE('',#5996,3.);
#5996 = AXIS2_PLACEMENT_3D('',#5997,#5998,#5999);
#5997 = CARTESIAN_POINT('',(27.94,68.18,0.));
#5998 = DIRECTION('',(-0.,-0.,-1.));
#5999 = DIRECTION('',(1.,0.,0.));
#6000 = ADVANCED_FACE('',(#6001),#6027,.T.);
#6001 = FACE_BOUND('',#6002,.T.);
#6002 = EDGE_LOOP('',(#6003,#6004,#6012,#6021));
#6003 = ORIENTED_EDGE('',*,*,#5178,.T.);
#6004 = ORIENTED_EDGE('',*,*,#6005,.T.);
#6005 = EDGE_CURVE('',#5171,#6006,#6008,.T.);
#6006 = VERTEX_POINT('',#6007);
#6007 = CARTESIAN_POINT('',(29.44,68.18,3.));
#6008 = LINE('',#6009,#6010);
#6009 = CARTESIAN_POINT('',(29.44,57.15,3.));
#6010 = VECTOR('',#6011,1.);
#6011 = DIRECTION('',(0.,1.,0.));
#6012 = ORIENTED_EDGE('',*,*,#6013,.F.);
#6013 = EDGE_CURVE('',#6014,#6006,#6016,.T.);
#6014 = VERTEX_POINT('',#6015);
#6015 = CARTESIAN_POINT('',(26.44,68.18,3.));
#6016 = CIRCLE('',#6017,1.5);
#6017 = AXIS2_PLACEMENT_3D('',#6018,#6019,#6020);
#6018 = CARTESIAN_POINT('',(27.94,68.18,3.));
#6019 = DIRECTION('',(0.,0.,1.));
#6020 = DIRECTION('',(1.,0.,0.));
#6021 = ORIENTED_EDGE('',*,*,#6022,.F.);
#6022 = EDGE_CURVE('',#5138,#6014,#6023,.T.);
#6023 = LINE('',#6024,#6025);
#6024 = CARTESIAN_POINT('',(26.44,57.15,3.));
#6025 = VECTOR('',#6026,1.);
#6026 = DIRECTION('',(0.,1.,0.));
#6027 = PLANE('',#6028);
#6028 = AXIS2_PLACEMENT_3D('',#6029,#6030,#6031);
#6029 = CARTESIAN_POINT('',(27.94,68.18,3.));
#6030 = DIRECTION('',(0.,0.,1.));
#6031 = DIRECTION('',(1.,0.,0.));
#6032 = ADVANCED_FACE('',(#6033),#6049,.T.);
#6033 = FACE_BOUND('',#6034,.T.);
#6034 = EDGE_LOOP('',(#6035,#6036,#6042,#6043));
#6035 = ORIENTED_EDGE('',*,*,#5170,.F.);
#6036 = ORIENTED_EDGE('',*,*,#6037,.F.);
#6037 = EDGE_CURVE('',#4855,#4511,#6038,.T.);
#6038 = LINE('',#6039,#6040);
#6039 = CARTESIAN_POINT('',(29.44,60.15,0.));
#6040 = VECTOR('',#6041,1.);
#6041 = DIRECTION('',(0.,0.,1.));
#6042 = ORIENTED_EDGE('',*,*,#5626,.T.);
#6043 = ORIENTED_EDGE('',*,*,#6044,.F.);
#6044 = EDGE_CURVE('',#5171,#5627,#6045,.T.);
#6045 = LINE('',#6046,#6047);
#6046 = CARTESIAN_POINT('',(29.44,65.581923788647,0.));
#6047 = VECTOR('',#6048,1.);
#6048 = DIRECTION('',(-0.,-0.,-1.));
#6049 = PLANE('',#6050);
#6050 = AXIS2_PLACEMENT_3D('',#6051,#6052,#6053);
#6051 = CARTESIAN_POINT('',(29.44,57.15,0.));
#6052 = DIRECTION('',(1.,0.,0.));
#6053 = DIRECTION('',(0.,0.,1.));
#6054 = ADVANCED_FACE('',(#6055),#6061,.T.);
#6055 = FACE_BOUND('',#6056,.T.);
#6056 = EDGE_LOOP('',(#6057,#6058,#6059,#6060));
#6057 = ORIENTED_EDGE('',*,*,#5228,.F.);
#6058 = ORIENTED_EDGE('',*,*,#5210,.F.);
#6059 = ORIENTED_EDGE('',*,*,#6037,.T.);
#6060 = ORIENTED_EDGE('',*,*,#5193,.T.);
#6061 = PLANE('',#6062);
#6062 = AXIS2_PLACEMENT_3D('',#6063,#6064,#6065);
#6063 = CARTESIAN_POINT('',(0.,60.15,0.));
#6064 = DIRECTION('',(0.,1.,0.));
#6065 = DIRECTION('',(0.,0.,1.));
#6066 = ADVANCED_FACE('',(#6067),#6078,.T.);
#6067 = FACE_BOUND('',#6068,.T.);
#6068 = EDGE_LOOP('',(#6069,#6070,#6071,#6072));
#6069 = ORIENTED_EDGE('',*,*,#5649,.F.);
#6070 = ORIENTED_EDGE('',*,*,#5235,.T.);
#6071 = ORIENTED_EDGE('',*,*,#5249,.T.);
#6072 = ORIENTED_EDGE('',*,*,#6073,.T.);
#6073 = EDGE_CURVE('',#5250,#5650,#6074,.T.);
#6074 = LINE('',#6075,#6076);
#6075 = CARTESIAN_POINT('',(83.59,60.15,0.));
#6076 = VECTOR('',#6077,1.);
#6077 = DIRECTION('',(0.,0.,-1.));
#6078 = PLANE('',#6079);
#6079 = AXIS2_PLACEMENT_3D('',#6080,#6081,#6082);
#6080 = CARTESIAN_POINT('',(0.,60.15,0.));
#6081 = DIRECTION('',(0.,1.,0.));
#6082 = DIRECTION('',(0.,0.,1.));
#6083 = ADVANCED_FACE('',(#6084),#6109,.T.);
#6084 = FACE_BOUND('',#6085,.T.);
#6085 = EDGE_LOOP('',(#6086,#6094,#6095,#6103));
#6086 = ORIENTED_EDGE('',*,*,#6087,.F.);
#6087 = EDGE_CURVE('',#5250,#6088,#6090,.T.);
#6088 = VERTEX_POINT('',#6089);
#6089 = CARTESIAN_POINT('',(86.59,60.15,3.));
#6090 = LINE('',#6091,#6092);
#6091 = CARTESIAN_POINT('',(0.,60.15,3.));
#6092 = VECTOR('',#6093,1.);
#6093 = DIRECTION('',(1.,0.,0.));
#6094 = ORIENTED_EDGE('',*,*,#5266,.F.);
#6095 = ORIENTED_EDGE('',*,*,#6096,.T.);
#6096 = EDGE_CURVE('',#5259,#6097,#6099,.T.);
#6097 = VERTEX_POINT('',#6098);
#6098 = CARTESIAN_POINT('',(86.59,57.15,3.));
#6099 = LINE('',#6100,#6101);
#6100 = CARTESIAN_POINT('',(83.59,57.15,3.));
#6101 = VECTOR('',#6102,1.);
#6102 = DIRECTION('',(1.,0.,0.));
#6103 = ORIENTED_EDGE('',*,*,#6104,.T.);
#6104 = EDGE_CURVE('',#6097,#6088,#6105,.T.);
#6105 = LINE('',#6106,#6107);
#6106 = CARTESIAN_POINT('',(86.59,57.15,3.));
#6107 = VECTOR('',#6108,1.);
#6108 = DIRECTION('',(0.,1.,0.));
#6109 = PLANE('',#6110);
#6110 = AXIS2_PLACEMENT_3D('',#6111,#6112,#6113);
#6111 = CARTESIAN_POINT('',(0.,57.15,3.));
#6112 = DIRECTION('',(0.,0.,1.));
#6113 = DIRECTION('',(1.,0.,0.));
#6114 = ADVANCED_FACE('',(#6115),#6133,.F.);
#6115 = FACE_BOUND('',#6116,.F.);
#6116 = EDGE_LOOP('',(#6117,#6125,#6126,#6127));
#6117 = ORIENTED_EDGE('',*,*,#6118,.F.);
#6118 = EDGE_CURVE('',#5281,#6119,#6121,.T.);
#6119 = VERTEX_POINT('',#6120);
#6120 = CARTESIAN_POINT('',(86.59,57.15,0.));
#6121 = LINE('',#6122,#6123);
#6122 = CARTESIAN_POINT('',(83.59,57.15,0.));
#6123 = VECTOR('',#6124,1.);
#6124 = DIRECTION('',(1.,0.,0.));
#6125 = ORIENTED_EDGE('',*,*,#5290,.T.);
#6126 = ORIENTED_EDGE('',*,*,#6096,.T.);
#6127 = ORIENTED_EDGE('',*,*,#6128,.F.);
#6128 = EDGE_CURVE('',#6119,#6097,#6129,.T.);
#6129 = LINE('',#6130,#6131);
#6130 = CARTESIAN_POINT('',(86.59,57.15,0.));
#6131 = VECTOR('',#6132,1.);
#6132 = DIRECTION('',(0.,0.,1.));
#6133 = PLANE('',#6134);
#6134 = AXIS2_PLACEMENT_3D('',#6135,#6136,#6137);
#6135 = CARTESIAN_POINT('',(83.59,57.15,0.));
#6136 = DIRECTION('',(0.,1.,0.));
#6137 = DIRECTION('',(0.,0.,1.));
#6138 = ADVANCED_FACE('',(#6139),#6150,.T.);
#6139 = FACE_BOUND('',#6140,.T.);
#6140 = EDGE_LOOP('',(#6141,#6142,#6143,#6144));
#6141 = ORIENTED_EDGE('',*,*,#5673,.F.);
#6142 = ORIENTED_EDGE('',*,*,#5307,.T.);
#6143 = ORIENTED_EDGE('',*,*,#5321,.T.);
#6144 = ORIENTED_EDGE('',*,*,#6145,.F.);
#6145 = EDGE_CURVE('',#5674,#5322,#6146,.T.);
#6146 = LINE('',#6147,#6148);
#6147 = CARTESIAN_POINT('',(150.26,41.1,0.));
#6148 = VECTOR('',#6149,1.);
#6149 = DIRECTION('',(0.,0.,1.));
#6150 = PLANE('',#6151);
#6151 = AXIS2_PLACEMENT_3D('',#6152,#6153,#6154);
#6152 = CARTESIAN_POINT('',(0.,41.1,0.));
#6153 = DIRECTION('',(0.,1.,0.));
#6154 = DIRECTION('',(0.,0.,1.));
#6155 = ADVANCED_FACE('',(#6156),#6181,.T.);
#6156 = FACE_BOUND('',#6157,.T.);
#6157 = EDGE_LOOP('',(#6158,#6159,#6167,#6175));
#6158 = ORIENTED_EDGE('',*,*,#5338,.F.);
#6159 = ORIENTED_EDGE('',*,*,#6160,.T.);
#6160 = EDGE_CURVE('',#5331,#6161,#6163,.T.);
#6161 = VERTEX_POINT('',#6162);
#6162 = CARTESIAN_POINT('',(153.26,38.1,3.));
#6163 = LINE('',#6164,#6165);
#6164 = CARTESIAN_POINT('',(150.26,38.1,3.));
#6165 = VECTOR('',#6166,1.);
#6166 = DIRECTION('',(1.,0.,0.));
#6167 = ORIENTED_EDGE('',*,*,#6168,.T.);
#6168 = EDGE_CURVE('',#6161,#6169,#6171,.T.);
#6169 = VERTEX_POINT('',#6170);
#6170 = CARTESIAN_POINT('',(153.26,41.1,3.));
#6171 = LINE('',#6172,#6173);
#6172 = CARTESIAN_POINT('',(153.26,38.1,3.));
#6173 = VECTOR('',#6174,1.);
#6174 = DIRECTION('',(0.,1.,0.));
#6175 = ORIENTED_EDGE('',*,*,#6176,.F.);
#6176 = EDGE_CURVE('',#5322,#6169,#6177,.T.);
#6177 = LINE('',#6178,#6179);
#6178 = CARTESIAN_POINT('',(0.,41.1,3.));
#6179 = VECTOR('',#6180,1.);
#6180 = DIRECTION('',(1.,0.,0.));
#6181 = PLANE('',#6182);
#6182 = AXIS2_PLACEMENT_3D('',#6183,#6184,#6185);
#6183 = CARTESIAN_POINT('',(150.26,38.1,3.));
#6184 = DIRECTION('',(0.,0.,1.));
#6185 = DIRECTION('',(1.,0.,0.));
#6186 = ADVANCED_FACE('',(#6187),#6205,.F.);
#6187 = FACE_BOUND('',#6188,.F.);
#6188 = EDGE_LOOP('',(#6189,#6197,#6198,#6199));
#6189 = ORIENTED_EDGE('',*,*,#6190,.F.);
#6190 = EDGE_CURVE('',#5353,#6191,#6193,.T.);
#6191 = VERTEX_POINT('',#6192);
#6192 = CARTESIAN_POINT('',(153.26,38.1,0.));
#6193 = LINE('',#6194,#6195);
#6194 = CARTESIAN_POINT('',(150.26,38.1,0.));
#6195 = VECTOR('',#6196,1.);
#6196 = DIRECTION('',(1.,0.,0.));
#6197 = ORIENTED_EDGE('',*,*,#5362,.T.);
#6198 = ORIENTED_EDGE('',*,*,#6160,.T.);
#6199 = ORIENTED_EDGE('',*,*,#6200,.F.);
#6200 = EDGE_CURVE('',#6191,#6161,#6201,.T.);
#6201 = LINE('',#6202,#6203);
#6202 = CARTESIAN_POINT('',(153.26,38.1,0.));
#6203 = VECTOR('',#6204,1.);
#6204 = DIRECTION('',(0.,0.,1.));
#6205 = PLANE('',#6206);
#6206 = AXIS2_PLACEMENT_3D('',#6207,#6208,#6209);
#6207 = CARTESIAN_POINT('',(150.26,38.1,0.));
#6208 = DIRECTION('',(0.,1.,0.));
#6209 = DIRECTION('',(0.,0.,1.));
#6210 = ADVANCED_FACE('',(#6211),#6222,.T.);
#6211 = FACE_BOUND('',#6212,.T.);
#6212 = EDGE_LOOP('',(#6213,#6214,#6215,#6216));
#6213 = ORIENTED_EDGE('',*,*,#5707,.F.);
#6214 = ORIENTED_EDGE('',*,*,#5393,.T.);
#6215 = ORIENTED_EDGE('',*,*,#5417,.T.);
#6216 = ORIENTED_EDGE('',*,*,#6217,.F.);
#6217 = EDGE_CURVE('',#5700,#5410,#6218,.T.);
#6218 = LINE('',#6219,#6220);
#6219 = CARTESIAN_POINT('',(148.5,22.06,0.));
#6220 = VECTOR('',#6221,1.);
#6221 = DIRECTION('',(0.,0.,1.));
#6222 = PLANE('',#6223);
#6223 = AXIS2_PLACEMENT_3D('',#6224,#6225,#6226);
#6224 = CARTESIAN_POINT('',(145.5,22.06,0.));
#6225 = DIRECTION('',(0.,1.,0.));
#6226 = DIRECTION('',(0.,0.,1.));
#6227 = ADVANCED_FACE('',(#6228),#6239,.T.);
#6228 = FACE_BOUND('',#6229,.T.);
#6229 = EDGE_LOOP('',(#6230,#6231,#6237,#6238));
#6230 = ORIENTED_EDGE('',*,*,#5409,.F.);
#6231 = ORIENTED_EDGE('',*,*,#6232,.T.);
#6232 = EDGE_CURVE('',#4712,#4932,#6233,.T.);
#6233 = LINE('',#6234,#6235);
#6234 = CARTESIAN_POINT('',(148.5,22.05,0.));
#6235 = VECTOR('',#6236,1.);
#6236 = DIRECTION('',(0.,0.,-1.));
#6237 = ORIENTED_EDGE('',*,*,#5699,.T.);
#6238 = ORIENTED_EDGE('',*,*,#6217,.T.);
#6239 = PLANE('',#6240);
#6240 = AXIS2_PLACEMENT_3D('',#6241,#6242,#6243);
#6241 = CARTESIAN_POINT('',(148.5,11.03,0.));
#6242 = DIRECTION('',(1.,0.,0.));
#6243 = DIRECTION('',(0.,0.,1.));
#6244 = ADVANCED_FACE('',(#6245),#6256,.T.);
#6245 = FACE_BOUND('',#6246,.T.);
#6246 = EDGE_LOOP('',(#6247,#6248,#6249,#6250));
#6247 = ORIENTED_EDGE('',*,*,#5721,.F.);
#6248 = ORIENTED_EDGE('',*,*,#6232,.F.);
#6249 = ORIENTED_EDGE('',*,*,#5431,.T.);
#6250 = ORIENTED_EDGE('',*,*,#6251,.F.);
#6251 = EDGE_CURVE('',#5722,#5432,#6252,.T.);
#6252 = LINE('',#6253,#6254);
#6253 = CARTESIAN_POINT('',(193.13,22.05,0.));
#6254 = VECTOR('',#6255,1.);
#6255 = DIRECTION('',(0.,0.,1.));
#6256 = PLANE('',#6257);
#6257 = AXIS2_PLACEMENT_3D('',#6258,#6259,#6260);
#6258 = CARTESIAN_POINT('',(0.,22.05,0.));
#6259 = DIRECTION('',(0.,1.,0.));
#6260 = DIRECTION('',(0.,0.,1.));
#6261 = ADVANCED_FACE('',(#6262),#6287,.T.);
#6262 = FACE_BOUND('',#6263,.T.);
#6263 = EDGE_LOOP('',(#6264,#6265,#6273,#6281));
#6264 = ORIENTED_EDGE('',*,*,#5448,.F.);
#6265 = ORIENTED_EDGE('',*,*,#6266,.T.);
#6266 = EDGE_CURVE('',#5441,#6267,#6269,.T.);
#6267 = VERTEX_POINT('',#6268);
#6268 = CARTESIAN_POINT('',(196.13,19.05,3.));
#6269 = LINE('',#6270,#6271);
#6270 = CARTESIAN_POINT('',(193.13,19.05,3.));
#6271 = VECTOR('',#6272,1.);
#6272 = DIRECTION('',(1.,0.,0.));
#6273 = ORIENTED_EDGE('',*,*,#6274,.T.);
#6274 = EDGE_CURVE('',#6267,#6275,#6277,.T.);
#6275 = VERTEX_POINT('',#6276);
#6276 = CARTESIAN_POINT('',(196.13,22.05,3.));
#6277 = LINE('',#6278,#6279);
#6278 = CARTESIAN_POINT('',(196.13,19.05,3.));
#6279 = VECTOR('',#6280,1.);
#6280 = DIRECTION('',(0.,1.,0.));
#6281 = ORIENTED_EDGE('',*,*,#6282,.F.);
#6282 = EDGE_CURVE('',#5432,#6275,#6283,.T.);
#6283 = LINE('',#6284,#6285);
#6284 = CARTESIAN_POINT('',(0.,22.05,3.));
#6285 = VECTOR('',#6286,1.);
#6286 = DIRECTION('',(1.,0.,0.));
#6287 = PLANE('',#6288);
#6288 = AXIS2_PLACEMENT_3D('',#6289,#6290,#6291);
#6289 = CARTESIAN_POINT('',(193.13,19.05,3.));
#6290 = DIRECTION('',(0.,0.,1.));
#6291 = DIRECTION('',(1.,0.,0.));
#6292 = ADVANCED_FACE('',(#6293),#6309,.F.);
#6293 = FACE_BOUND('',#6294,.F.);
#6294 = EDGE_LOOP('',(#6295,#6296,#6302,#6303));
#6295 = ORIENTED_EDGE('',*,*,#5730,.F.);
#6296 = ORIENTED_EDGE('',*,*,#6297,.F.);
#6297 = EDGE_CURVE('',#4721,#4941,#6298,.T.);
#6298 = LINE('',#6299,#6300);
#6299 = CARTESIAN_POINT('',(148.5,19.05,0.));
#6300 = VECTOR('',#6301,1.);
#6301 = DIRECTION('',(0.,0.,-1.));
#6302 = ORIENTED_EDGE('',*,*,#5440,.T.);
#6303 = ORIENTED_EDGE('',*,*,#6304,.F.);
#6304 = EDGE_CURVE('',#5731,#5441,#6305,.T.);
#6305 = LINE('',#6306,#6307);
#6306 = CARTESIAN_POINT('',(193.13,19.05,0.));
#6307 = VECTOR('',#6308,1.);
#6308 = DIRECTION('',(0.,0.,1.));
#6309 = PLANE('',#6310);
#6310 = AXIS2_PLACEMENT_3D('',#6311,#6312,#6313);
#6311 = CARTESIAN_POINT('',(0.,19.05,0.));
#6312 = DIRECTION('',(0.,1.,0.));
#6313 = DIRECTION('',(0.,0.,1.));
#6314 = ADVANCED_FACE('',(#6315),#6326,.T.);
#6315 = FACE_BOUND('',#6316,.T.);
#6316 = EDGE_LOOP('',(#6317,#6318,#6324,#6325));
#6317 = ORIENTED_EDGE('',*,*,#5472,.F.);
#6318 = ORIENTED_EDGE('',*,*,#6319,.T.);
#6319 = EDGE_CURVE('',#5464,#5489,#6320,.T.);
#6320 = LINE('',#6321,#6322);
#6321 = CARTESIAN_POINT('',(148.5,13.628076211353,0.));
#6322 = VECTOR('',#6323,1.);
#6323 = DIRECTION('',(-0.,-0.,-1.));
#6324 = ORIENTED_EDGE('',*,*,#5497,.T.);
#6325 = ORIENTED_EDGE('',*,*,#6297,.F.);
#6326 = PLANE('',#6327);
#6327 = AXIS2_PLACEMENT_3D('',#6328,#6329,#6330);
#6328 = CARTESIAN_POINT('',(148.5,11.03,0.));
#6329 = DIRECTION('',(1.,0.,0.));
#6330 = DIRECTION('',(0.,0.,1.));
#6331 = ADVANCED_FACE('',(#6332),#6358,.T.);
#6332 = FACE_BOUND('',#6333,.T.);
#6333 = EDGE_LOOP('',(#6334,#6345,#6351,#6352));
#6334 = ORIENTED_EDGE('',*,*,#6335,.F.);
#6335 = EDGE_CURVE('',#6336,#6338,#6340,.T.);
#6336 = VERTEX_POINT('',#6337);
#6337 = CARTESIAN_POINT('',(148.5,11.03,3.));
#6338 = VERTEX_POINT('',#6339);
#6339 = CARTESIAN_POINT('',(145.5,11.03,3.));
#6340 = CIRCLE('',#6341,1.5);
#6341 = AXIS2_PLACEMENT_3D('',#6342,#6343,#6344);
#6342 = CARTESIAN_POINT('',(147.,11.03,3.));
#6343 = DIRECTION('',(0.,0.,1.));
#6344 = DIRECTION('',(1.,0.,0.));
#6345 = ORIENTED_EDGE('',*,*,#6346,.T.);
#6346 = EDGE_CURVE('',#6336,#5464,#6347,.T.);
#6347 = LINE('',#6348,#6349);
#6348 = CARTESIAN_POINT('',(148.5,11.03,3.));
#6349 = VECTOR('',#6350,1.);
#6350 = DIRECTION('',(0.,1.,0.));
#6351 = ORIENTED_EDGE('',*,*,#5463,.T.);
#6352 = ORIENTED_EDGE('',*,*,#6353,.F.);
#6353 = EDGE_CURVE('',#6338,#4743,#6354,.T.);
#6354 = LINE('',#6355,#6356);
#6355 = CARTESIAN_POINT('',(145.5,11.03,3.));
#6356 = VECTOR('',#6357,1.);
#6357 = DIRECTION('',(0.,1.,0.));
#6358 = PLANE('',#6359);
#6359 = AXIS2_PLACEMENT_3D('',#6360,#6361,#6362);
#6360 = CARTESIAN_POINT('',(147.,11.03,3.));
#6361 = DIRECTION('',(0.,0.,1.));
#6362 = DIRECTION('',(1.,0.,0.));
#6363 = ADVANCED_FACE('',(#6364),#6390,.F.);
#6364 = FACE_BOUND('',#6365,.F.);
#6365 = EDGE_LOOP('',(#6366,#6377,#6383,#6384));
#6366 = ORIENTED_EDGE('',*,*,#6367,.F.);
#6367 = EDGE_CURVE('',#6368,#6370,#6372,.T.);
#6368 = VERTEX_POINT('',#6369);
#6369 = CARTESIAN_POINT('',(148.5,11.03,0.));
#6370 = VERTEX_POINT('',#6371);
#6371 = CARTESIAN_POINT('',(145.5,11.03,0.));
#6372 = CIRCLE('',#6373,1.5);
#6373 = AXIS2_PLACEMENT_3D('',#6374,#6375,#6376);
#6374 = CARTESIAN_POINT('',(147.,11.03,0.));
#6375 = DIRECTION('',(0.,0.,1.));
#6376 = DIRECTION('',(1.,0.,0.));
#6377 = ORIENTED_EDGE('',*,*,#6378,.T.);
#6378 = EDGE_CURVE('',#6368,#5489,#6379,.T.);
#6379 = LINE('',#6380,#6381);
#6380 = CARTESIAN_POINT('',(148.5,11.03,0.));
#6381 = VECTOR('',#6382,1.);
#6382 = DIRECTION('',(0.,1.,0.));
#6383 = ORIENTED_EDGE('',*,*,#5488,.T.);
#6384 = ORIENTED_EDGE('',*,*,#6385,.F.);
#6385 = EDGE_CURVE('',#6370,#4751,#6386,.T.);
#6386 = LINE('',#6387,#6388);
#6387 = CARTESIAN_POINT('',(145.5,11.03,0.));
#6388 = VECTOR('',#6389,1.);
#6389 = DIRECTION('',(0.,1.,0.));
#6390 = PLANE('',#6391);
#6391 = AXIS2_PLACEMENT_3D('',#6392,#6393,#6394);
#6392 = CARTESIAN_POINT('',(147.,11.03,0.));
#6393 = DIRECTION('',(0.,0.,1.));
#6394 = DIRECTION('',(1.,0.,0.));
#6395 = ADVANCED_FACE('',(#6396),#6414,.T.);
#6396 = FACE_BOUND('',#6397,.F.);
#6397 = EDGE_LOOP('',(#6398,#6405,#6406,#6413));
#6398 = ORIENTED_EDGE('',*,*,#6399,.F.);
#6399 = EDGE_CURVE('',#5513,#5489,#6400,.T.);
#6400 = CIRCLE('',#6401,3.);
#6401 = AXIS2_PLACEMENT_3D('',#6402,#6403,#6404);
#6402 = CARTESIAN_POINT('',(147.,11.03,0.));
#6403 = DIRECTION('',(0.,0.,1.));
#6404 = DIRECTION('',(1.,0.,0.));
#6405 = ORIENTED_EDGE('',*,*,#5512,.T.);
#6406 = ORIENTED_EDGE('',*,*,#6407,.T.);
#6407 = EDGE_CURVE('',#5515,#5464,#6408,.T.);
#6408 = CIRCLE('',#6409,3.);
#6409 = AXIS2_PLACEMENT_3D('',#6410,#6411,#6412);
#6410 = CARTESIAN_POINT('',(147.,11.03,3.));
#6411 = DIRECTION('',(0.,0.,1.));
#6412 = DIRECTION('',(1.,0.,0.));
#6413 = ORIENTED_EDGE('',*,*,#6319,.T.);
#6414 = CYLINDRICAL_SURFACE('',#6415,3.);
#6415 = AXIS2_PLACEMENT_3D('',#6416,#6417,#6418);
#6416 = CARTESIAN_POINT('',(147.,11.03,0.));
#6417 = DIRECTION('',(-0.,-0.,-1.));
#6418 = DIRECTION('',(1.,0.,0.));
#6419 = ADVANCED_FACE('',(#6420),#6433,.T.);
#6420 = FACE_BOUND('',#6421,.T.);
#6421 = EDGE_LOOP('',(#6422,#6423,#6424,#6425,#6426));
#6422 = ORIENTED_EDGE('',*,*,#6353,.T.);
#6423 = ORIENTED_EDGE('',*,*,#5530,.T.);
#6424 = ORIENTED_EDGE('',*,*,#6407,.T.);
#6425 = ORIENTED_EDGE('',*,*,#6346,.F.);
#6426 = ORIENTED_EDGE('',*,*,#6427,.F.);
#6427 = EDGE_CURVE('',#6338,#6336,#6428,.T.);
#6428 = CIRCLE('',#6429,1.5);
#6429 = AXIS2_PLACEMENT_3D('',#6430,#6431,#6432);
#6430 = CARTESIAN_POINT('',(147.,11.03,3.));
#6431 = DIRECTION('',(0.,0.,1.));
#6432 = DIRECTION('',(1.,0.,0.));
#6433 = PLANE('',#6434);
#6434 = AXIS2_PLACEMENT_3D('',#6435,#6436,#6437);
#6435 = CARTESIAN_POINT('',(147.,11.03,3.));
#6436 = DIRECTION('',(0.,0.,1.));
#6437 = DIRECTION('',(1.,0.,0.));
#6438 = ADVANCED_FACE('',(#6439),#6452,.F.);
#6439 = FACE_BOUND('',#6440,.F.);
#6440 = EDGE_LOOP('',(#6441,#6442,#6443,#6444,#6445));
#6441 = ORIENTED_EDGE('',*,*,#6385,.T.);
#6442 = ORIENTED_EDGE('',*,*,#5522,.T.);
#6443 = ORIENTED_EDGE('',*,*,#6399,.T.);
#6444 = ORIENTED_EDGE('',*,*,#6378,.F.);
#6445 = ORIENTED_EDGE('',*,*,#6446,.F.);
#6446 = EDGE_CURVE('',#6370,#6368,#6447,.T.);
#6447 = CIRCLE('',#6448,1.5);
#6448 = AXIS2_PLACEMENT_3D('',#6449,#6450,#6451);
#6449 = CARTESIAN_POINT('',(147.,11.03,0.));
#6450 = DIRECTION('',(0.,0.,1.));
#6451 = DIRECTION('',(1.,0.,0.));
#6452 = PLANE('',#6453);
#6453 = AXIS2_PLACEMENT_3D('',#6454,#6455,#6456);
#6454 = CARTESIAN_POINT('',(147.,11.03,0.));
#6455 = DIRECTION('',(0.,0.,1.));
#6456 = DIRECTION('',(1.,0.,0.));
#6457 = ADVANCED_FACE('',(#6458),#6469,.T.);
#6458 = FACE_BOUND('',#6459,.T.);
#6459 = EDGE_LOOP('',(#6460,#6461,#6462,#6463));
#6460 = ORIENTED_EDGE('',*,*,#5579,.F.);
#6461 = ORIENTED_EDGE('',*,*,#5548,.T.);
#6462 = ORIENTED_EDGE('',*,*,#5610,.T.);
#6463 = ORIENTED_EDGE('',*,*,#6464,.F.);
#6464 = EDGE_CURVE('',#5572,#5603,#6465,.T.);
#6465 = LINE('',#6466,#6467);
#6466 = CARTESIAN_POINT('',(29.44,79.2,0.));
#6467 = VECTOR('',#6468,1.);
#6468 = DIRECTION('',(0.,0.,1.));
#6469 = PLANE('',#6470);
#6470 = AXIS2_PLACEMENT_3D('',#6471,#6472,#6473);
#6471 = CARTESIAN_POINT('',(26.44,79.2,0.));
#6472 = DIRECTION('',(0.,1.,0.));
#6473 = DIRECTION('',(0.,0.,1.));
#6474 = ADVANCED_FACE('',(#6475),#6500,.F.);
#6475 = FACE_BOUND('',#6476,.F.);
#6476 = EDGE_LOOP('',(#6477,#6485,#6486,#6494));
#6477 = ORIENTED_EDGE('',*,*,#6478,.F.);
#6478 = EDGE_CURVE('',#5572,#6479,#6481,.T.);
#6479 = VERTEX_POINT('',#6480);
#6480 = CARTESIAN_POINT('',(83.59,79.2,0.));
#6481 = LINE('',#6482,#6483);
#6482 = CARTESIAN_POINT('',(0.,79.2,0.));
#6483 = VECTOR('',#6484,1.);
#6484 = DIRECTION('',(1.,0.,0.));
#6485 = ORIENTED_EDGE('',*,*,#5571,.F.);
#6486 = ORIENTED_EDGE('',*,*,#6487,.T.);
#6487 = EDGE_CURVE('',#5564,#6488,#6490,.T.);
#6488 = VERTEX_POINT('',#6489);
#6489 = CARTESIAN_POINT('',(83.59,76.2,0.));
#6490 = LINE('',#6491,#6492);
#6491 = CARTESIAN_POINT('',(0.,76.2,0.));
#6492 = VECTOR('',#6493,1.);
#6493 = DIRECTION('',(1.,0.,0.));
#6494 = ORIENTED_EDGE('',*,*,#6495,.T.);
#6495 = EDGE_CURVE('',#6488,#6479,#6496,.T.);
#6496 = LINE('',#6497,#6498);
#6497 = CARTESIAN_POINT('',(83.59,57.15,0.));
#6498 = VECTOR('',#6499,1.);
#6499 = DIRECTION('',(0.,1.,0.));
#6500 = PLANE('',#6501);
#6501 = AXIS2_PLACEMENT_3D('',#6502,#6503,#6504);
#6502 = CARTESIAN_POINT('',(0.,76.2,0.));
#6503 = DIRECTION('',(0.,0.,1.));
#6504 = DIRECTION('',(1.,0.,0.));
#6505 = ADVANCED_FACE('',(#6506),#6525,.F.);
#6506 = FACE_BOUND('',#6507,.F.);
#6507 = EDGE_LOOP('',(#6508,#6509,#6518,#6524));
#6508 = ORIENTED_EDGE('',*,*,#5965,.F.);
#6509 = ORIENTED_EDGE('',*,*,#6510,.F.);
#6510 = EDGE_CURVE('',#6511,#5958,#6513,.T.);
#6511 = VERTEX_POINT('',#6512);
#6512 = CARTESIAN_POINT('',(29.44,70.778076211353,0.));
#6513 = CIRCLE('',#6514,3.);
#6514 = AXIS2_PLACEMENT_3D('',#6515,#6516,#6517);
#6515 = CARTESIAN_POINT('',(27.94,68.18,0.));
#6516 = DIRECTION('',(0.,0.,1.));
#6517 = DIRECTION('',(1.,0.,0.));
#6518 = ORIENTED_EDGE('',*,*,#6519,.T.);
#6519 = EDGE_CURVE('',#6511,#5564,#6520,.T.);
#6520 = LINE('',#6521,#6522);
#6521 = CARTESIAN_POINT('',(29.44,57.15,0.));
#6522 = VECTOR('',#6523,1.);
#6523 = DIRECTION('',(0.,1.,0.));
#6524 = ORIENTED_EDGE('',*,*,#5563,.F.);
#6525 = PLANE('',#6526);
#6526 = AXIS2_PLACEMENT_3D('',#6527,#6528,#6529);
#6527 = CARTESIAN_POINT('',(26.44,57.15,0.));
#6528 = DIRECTION('',(0.,0.,1.));
#6529 = DIRECTION('',(1.,0.,0.));
#6530 = ADVANCED_FACE('',(#6531),#6556,.T.);
#6531 = FACE_BOUND('',#6532,.T.);
#6532 = EDGE_LOOP('',(#6533,#6541,#6542,#6550));
#6533 = ORIENTED_EDGE('',*,*,#6534,.F.);
#6534 = EDGE_CURVE('',#5603,#6535,#6537,.T.);
#6535 = VERTEX_POINT('',#6536);
#6536 = CARTESIAN_POINT('',(83.59,79.2,3.));
#6537 = LINE('',#6538,#6539);
#6538 = CARTESIAN_POINT('',(0.,79.2,3.));
#6539 = VECTOR('',#6540,1.);
#6540 = DIRECTION('',(1.,0.,0.));
#6541 = ORIENTED_EDGE('',*,*,#5602,.F.);
#6542 = ORIENTED_EDGE('',*,*,#6543,.T.);
#6543 = EDGE_CURVE('',#5595,#6544,#6546,.T.);
#6544 = VERTEX_POINT('',#6545);
#6545 = CARTESIAN_POINT('',(83.59,76.2,3.));
#6546 = LINE('',#6547,#6548);
#6547 = CARTESIAN_POINT('',(0.,76.2,3.));
#6548 = VECTOR('',#6549,1.);
#6549 = DIRECTION('',(1.,0.,0.));
#6550 = ORIENTED_EDGE('',*,*,#6551,.T.);
#6551 = EDGE_CURVE('',#6544,#6535,#6552,.T.);
#6552 = LINE('',#6553,#6554);
#6553 = CARTESIAN_POINT('',(83.59,57.15,3.));
#6554 = VECTOR('',#6555,1.);
#6555 = DIRECTION('',(0.,1.,0.));
#6556 = PLANE('',#6557);
#6557 = AXIS2_PLACEMENT_3D('',#6558,#6559,#6560);
#6558 = CARTESIAN_POINT('',(0.,76.2,3.));
#6559 = DIRECTION('',(0.,0.,1.));
#6560 = DIRECTION('',(1.,0.,0.));
#6561 = ADVANCED_FACE('',(#6562),#6581,.T.);
#6562 = FACE_BOUND('',#6563,.T.);
#6563 = EDGE_LOOP('',(#6564,#6565,#6574,#6580));
#6564 = ORIENTED_EDGE('',*,*,#5949,.F.);
#6565 = ORIENTED_EDGE('',*,*,#6566,.F.);
#6566 = EDGE_CURVE('',#6567,#5950,#6569,.T.);
#6567 = VERTEX_POINT('',#6568);
#6568 = CARTESIAN_POINT('',(29.44,70.778076211353,3.));
#6569 = CIRCLE('',#6570,3.);
#6570 = AXIS2_PLACEMENT_3D('',#6571,#6572,#6573);
#6571 = CARTESIAN_POINT('',(27.94,68.18,3.));
#6572 = DIRECTION('',(0.,0.,1.));
#6573 = DIRECTION('',(1.,0.,0.));
#6574 = ORIENTED_EDGE('',*,*,#6575,.T.);
#6575 = EDGE_CURVE('',#6567,#5595,#6576,.T.);
#6576 = LINE('',#6577,#6578);
#6577 = CARTESIAN_POINT('',(29.44,57.15,3.));
#6578 = VECTOR('',#6579,1.);
#6579 = DIRECTION('',(0.,1.,0.));
#6580 = ORIENTED_EDGE('',*,*,#5594,.F.);
#6581 = PLANE('',#6582);
#6582 = AXIS2_PLACEMENT_3D('',#6583,#6584,#6585);
#6583 = CARTESIAN_POINT('',(26.44,57.15,3.));
#6584 = DIRECTION('',(0.,0.,1.));
#6585 = DIRECTION('',(1.,0.,0.));
#6586 = ADVANCED_FACE('',(#6587),#6613,.F.);
#6587 = FACE_BOUND('',#6588,.F.);
#6588 = EDGE_LOOP('',(#6589,#6590,#6598,#6607));
#6589 = ORIENTED_EDGE('',*,*,#5634,.T.);
#6590 = ORIENTED_EDGE('',*,*,#6591,.T.);
#6591 = EDGE_CURVE('',#5627,#6592,#6594,.T.);
#6592 = VERTEX_POINT('',#6593);
#6593 = CARTESIAN_POINT('',(29.44,68.18,0.));
#6594 = LINE('',#6595,#6596);
#6595 = CARTESIAN_POINT('',(29.44,57.15,0.));
#6596 = VECTOR('',#6597,1.);
#6597 = DIRECTION('',(0.,1.,0.));
#6598 = ORIENTED_EDGE('',*,*,#6599,.F.);
#6599 = EDGE_CURVE('',#6600,#6592,#6602,.T.);
#6600 = VERTEX_POINT('',#6601);
#6601 = CARTESIAN_POINT('',(26.44,68.18,0.));
#6602 = CIRCLE('',#6603,1.5);
#6603 = AXIS2_PLACEMENT_3D('',#6604,#6605,#6606);
#6604 = CARTESIAN_POINT('',(27.94,68.18,0.));
#6605 = DIRECTION('',(0.,0.,1.));
#6606 = DIRECTION('',(1.,0.,0.));
#6607 = ORIENTED_EDGE('',*,*,#6608,.F.);
#6608 = EDGE_CURVE('',#5147,#6600,#6609,.T.);
#6609 = LINE('',#6610,#6611);
#6610 = CARTESIAN_POINT('',(26.44,57.15,0.));
#6611 = VECTOR('',#6612,1.);
#6612 = DIRECTION('',(0.,1.,0.));
#6613 = PLANE('',#6614);
#6614 = AXIS2_PLACEMENT_3D('',#6615,#6616,#6617);
#6615 = CARTESIAN_POINT('',(27.94,68.18,0.));
#6616 = DIRECTION('',(0.,0.,1.));
#6617 = DIRECTION('',(1.,0.,0.));
#6618 = ADVANCED_FACE('',(#6619),#6637,.F.);
#6619 = FACE_BOUND('',#6620,.F.);
#6620 = EDGE_LOOP('',(#6621,#6629,#6630,#6631));
#6621 = ORIENTED_EDGE('',*,*,#6622,.F.);
#6622 = EDGE_CURVE('',#5650,#6623,#6625,.T.);
#6623 = VERTEX_POINT('',#6624);
#6624 = CARTESIAN_POINT('',(86.59,60.15,0.));
#6625 = LINE('',#6626,#6627);
#6626 = CARTESIAN_POINT('',(0.,60.15,0.));
#6627 = VECTOR('',#6628,1.);
#6628 = DIRECTION('',(1.,0.,0.));
#6629 = ORIENTED_EDGE('',*,*,#5659,.F.);
#6630 = ORIENTED_EDGE('',*,*,#6118,.T.);
#6631 = ORIENTED_EDGE('',*,*,#6632,.T.);
#6632 = EDGE_CURVE('',#6119,#6623,#6633,.T.);
#6633 = LINE('',#6634,#6635);
#6634 = CARTESIAN_POINT('',(86.59,57.15,0.));
#6635 = VECTOR('',#6636,1.);
#6636 = DIRECTION('',(0.,1.,0.));
#6637 = PLANE('',#6638);
#6638 = AXIS2_PLACEMENT_3D('',#6639,#6640,#6641);
#6639 = CARTESIAN_POINT('',(0.,57.15,0.));
#6640 = DIRECTION('',(0.,0.,1.));
#6641 = DIRECTION('',(1.,0.,0.));
#6642 = ADVANCED_FACE('',(#6643),#6661,.F.);
#6643 = FACE_BOUND('',#6644,.F.);
#6644 = EDGE_LOOP('',(#6645,#6646,#6647,#6655));
#6645 = ORIENTED_EDGE('',*,*,#5683,.F.);
#6646 = ORIENTED_EDGE('',*,*,#6190,.T.);
#6647 = ORIENTED_EDGE('',*,*,#6648,.T.);
#6648 = EDGE_CURVE('',#6191,#6649,#6651,.T.);
#6649 = VERTEX_POINT('',#6650);
#6650 = CARTESIAN_POINT('',(153.26,41.1,0.));
#6651 = LINE('',#6652,#6653);
#6652 = CARTESIAN_POINT('',(153.26,38.1,0.));
#6653 = VECTOR('',#6654,1.);
#6654 = DIRECTION('',(0.,1.,0.));
#6655 = ORIENTED_EDGE('',*,*,#6656,.F.);
#6656 = EDGE_CURVE('',#5674,#6649,#6657,.T.);
#6657 = LINE('',#6658,#6659);
#6658 = CARTESIAN_POINT('',(0.,41.1,0.));
#6659 = VECTOR('',#6660,1.);
#6660 = DIRECTION('',(1.,0.,0.));
#6661 = PLANE('',#6662);
#6662 = AXIS2_PLACEMENT_3D('',#6663,#6664,#6665);
#6663 = CARTESIAN_POINT('',(150.26,38.1,0.));
#6664 = DIRECTION('',(0.,0.,1.));
#6665 = DIRECTION('',(1.,0.,0.));
#6666 = ADVANCED_FACE('',(#6667),#6692,.F.);
#6667 = FACE_BOUND('',#6668,.F.);
#6668 = EDGE_LOOP('',(#6669,#6670,#6678,#6686));
#6669 = ORIENTED_EDGE('',*,*,#5738,.F.);
#6670 = ORIENTED_EDGE('',*,*,#6671,.T.);
#6671 = EDGE_CURVE('',#5731,#6672,#6674,.T.);
#6672 = VERTEX_POINT('',#6673);
#6673 = CARTESIAN_POINT('',(196.13,19.05,0.));
#6674 = LINE('',#6675,#6676);
#6675 = CARTESIAN_POINT('',(193.13,19.05,0.));
#6676 = VECTOR('',#6677,1.);
#6677 = DIRECTION('',(1.,0.,0.));
#6678 = ORIENTED_EDGE('',*,*,#6679,.T.);
#6679 = EDGE_CURVE('',#6672,#6680,#6682,.T.);
#6680 = VERTEX_POINT('',#6681);
#6681 = CARTESIAN_POINT('',(196.13,22.05,0.));
#6682 = LINE('',#6683,#6684);
#6683 = CARTESIAN_POINT('',(196.13,19.05,0.));
#6684 = VECTOR('',#6685,1.);
#6685 = DIRECTION('',(0.,1.,0.));
#6686 = ORIENTED_EDGE('',*,*,#6687,.F.);
#6687 = EDGE_CURVE('',#5722,#6680,#6688,.T.);
#6688 = LINE('',#6689,#6690);
#6689 = CARTESIAN_POINT('',(0.,22.05,0.));
#6690 = VECTOR('',#6691,1.);
#6691 = DIRECTION('',(1.,0.,0.));
#6692 = PLANE('',#6693);
#6693 = AXIS2_PLACEMENT_3D('',#6694,#6695,#6696);
#6694 = CARTESIAN_POINT('',(193.13,19.05,0.));
#6695 = DIRECTION('',(0.,0.,1.));
#6696 = DIRECTION('',(1.,0.,0.));
#6697 = ADVANCED_FACE('',(#6698),#6716,.T.);
#6698 = FACE_BOUND('',#6699,.T.);
#6699 = EDGE_LOOP('',(#6700,#6701,#6702,#6710));
#6700 = ORIENTED_EDGE('',*,*,#5870,.F.);
#6701 = ORIENTED_EDGE('',*,*,#5762,.T.);
#6702 = ORIENTED_EDGE('',*,*,#6703,.T.);
#6703 = EDGE_CURVE('',#5755,#6704,#6706,.T.);
#6704 = VERTEX_POINT('',#6705);
#6705 = CARTESIAN_POINT('',(224.7,19.05,3.));
#6706 = LINE('',#6707,#6708);
#6707 = CARTESIAN_POINT('',(224.7,-19.05,3.));
#6708 = VECTOR('',#6709,1.);
#6709 = DIRECTION('',(0.,1.,0.));
#6710 = ORIENTED_EDGE('',*,*,#6711,.F.);
#6711 = EDGE_CURVE('',#5871,#6704,#6712,.T.);
#6712 = LINE('',#6713,#6714);
#6713 = CARTESIAN_POINT('',(0.,19.05,3.));
#6714 = VECTOR('',#6715,1.);
#6715 = DIRECTION('',(1.,0.,0.));
#6716 = PLANE('',#6717);
#6717 = AXIS2_PLACEMENT_3D('',#6718,#6719,#6720);
#6718 = CARTESIAN_POINT('',(221.7,-19.05,3.));
#6719 = DIRECTION('',(0.,0.,1.));
#6720 = DIRECTION('',(1.,0.,0.));
#6721 = ADVANCED_FACE('',(#6722),#6747,.T.);
#6722 = FACE_BOUND('',#6723,.T.);
#6723 = EDGE_LOOP('',(#6724,#6732,#6733,#6741));
#6724 = ORIENTED_EDGE('',*,*,#6725,.F.);
#6725 = EDGE_CURVE('',#5755,#6726,#6728,.T.);
#6726 = VERTEX_POINT('',#6727);
#6727 = CARTESIAN_POINT('',(278.85,3.,3.));
#6728 = LINE('',#6729,#6730);
#6729 = CARTESIAN_POINT('',(221.7,3.,3.));
#6730 = VECTOR('',#6731,1.);
#6731 = DIRECTION('',(1.,0.,0.));
#6732 = ORIENTED_EDGE('',*,*,#5754,.F.);
#6733 = ORIENTED_EDGE('',*,*,#6734,.T.);
#6734 = EDGE_CURVE('',#4965,#6735,#6737,.T.);
#6735 = VERTEX_POINT('',#6736);
#6736 = CARTESIAN_POINT('',(278.85,0.,3.));
#6737 = LINE('',#6738,#6739);
#6738 = CARTESIAN_POINT('',(221.7,0.,3.));
#6739 = VECTOR('',#6740,1.);
#6740 = DIRECTION('',(1.,0.,0.));
#6741 = ORIENTED_EDGE('',*,*,#6742,.T.);
#6742 = EDGE_CURVE('',#6735,#6726,#6743,.T.);
#6743 = LINE('',#6744,#6745);
#6744 = CARTESIAN_POINT('',(278.85,0.,3.));
#6745 = VECTOR('',#6746,1.);
#6746 = DIRECTION('',(0.,1.,0.));
#6747 = PLANE('',#6748);
#6748 = AXIS2_PLACEMENT_3D('',#6749,#6750,#6751);
#6749 = CARTESIAN_POINT('',(221.7,0.,3.));
#6750 = DIRECTION('',(0.,0.,1.));
#6751 = DIRECTION('',(1.,0.,0.));
#6752 = ADVANCED_FACE('',(#6753),#6771,.F.);
#6753 = FACE_BOUND('',#6754,.F.);
#6754 = EDGE_LOOP('',(#6755,#6763,#6769,#6770));
#6755 = ORIENTED_EDGE('',*,*,#6756,.F.);
#6756 = EDGE_CURVE('',#6757,#6735,#6759,.T.);
#6757 = VERTEX_POINT('',#6758);
#6758 = CARTESIAN_POINT('',(278.85,0.,0.));
#6759 = LINE('',#6760,#6761);
#6760 = CARTESIAN_POINT('',(278.85,0.,0.));
#6761 = VECTOR('',#6762,1.);
#6762 = DIRECTION('',(0.,0.,1.));
#6763 = ORIENTED_EDGE('',*,*,#6764,.F.);
#6764 = EDGE_CURVE('',#5075,#6757,#6765,.T.);
#6765 = LINE('',#6766,#6767);
#6766 = CARTESIAN_POINT('',(221.7,0.,0.));
#6767 = VECTOR('',#6768,1.);
#6768 = DIRECTION('',(1.,0.,0.));
#6769 = ORIENTED_EDGE('',*,*,#5784,.T.);
#6770 = ORIENTED_EDGE('',*,*,#6734,.T.);
#6771 = PLANE('',#6772);
#6772 = AXIS2_PLACEMENT_3D('',#6773,#6774,#6775);
#6773 = CARTESIAN_POINT('',(221.7,0.,0.));
#6774 = DIRECTION('',(0.,1.,0.));
#6775 = DIRECTION('',(0.,0.,1.));
#6776 = ADVANCED_FACE('',(#6777),#6802,.F.);
#6777 = FACE_BOUND('',#6778,.F.);
#6778 = EDGE_LOOP('',(#6779,#6787,#6788,#6796));
#6779 = ORIENTED_EDGE('',*,*,#6780,.F.);
#6780 = EDGE_CURVE('',#4987,#6781,#6783,.T.);
#6781 = VERTEX_POINT('',#6782);
#6782 = CARTESIAN_POINT('',(291.,0.,3.));
#6783 = LINE('',#6784,#6785);
#6784 = CARTESIAN_POINT('',(291.,-11.97,3.));
#6785 = VECTOR('',#6786,1.);
#6786 = DIRECTION('',(0.,1.,0.));
#6787 = ORIENTED_EDGE('',*,*,#5801,.F.);
#6788 = ORIENTED_EDGE('',*,*,#6789,.T.);
#6789 = EDGE_CURVE('',#5097,#6790,#6792,.T.);
#6790 = VERTEX_POINT('',#6791);
#6791 = CARTESIAN_POINT('',(291.,0.,0.));
#6792 = LINE('',#6793,#6794);
#6793 = CARTESIAN_POINT('',(291.,-11.97,0.));
#6794 = VECTOR('',#6795,1.);
#6795 = DIRECTION('',(0.,1.,0.));
#6796 = ORIENTED_EDGE('',*,*,#6797,.T.);
#6797 = EDGE_CURVE('',#6790,#6781,#6798,.T.);
#6798 = LINE('',#6799,#6800);
#6799 = CARTESIAN_POINT('',(291.,0.,0.));
#6800 = VECTOR('',#6801,1.);
#6801 = DIRECTION('',(0.,0.,1.));
#6802 = PLANE('',#6803);
#6803 = AXIS2_PLACEMENT_3D('',#6804,#6805,#6806);
#6804 = CARTESIAN_POINT('',(291.,-11.97,0.));
#6805 = DIRECTION('',(1.,0.,0.));
#6806 = DIRECTION('',(0.,0.,1.));
#6807 = ADVANCED_FACE('',(#6808),#6826,.T.);
#6808 = FACE_BOUND('',#6809,.T.);
#6809 = EDGE_LOOP('',(#6810,#6811,#6812,#6820));
#6810 = ORIENTED_EDGE('',*,*,#6780,.F.);
#6811 = ORIENTED_EDGE('',*,*,#5832,.T.);
#6812 = ORIENTED_EDGE('',*,*,#6813,.T.);
#6813 = EDGE_CURVE('',#5825,#6814,#6816,.T.);
#6814 = VERTEX_POINT('',#6815);
#6815 = CARTESIAN_POINT('',(294.,0.,3.));
#6816 = LINE('',#6817,#6818);
#6817 = CARTESIAN_POINT('',(294.,-11.97,3.));
#6818 = VECTOR('',#6819,1.);
#6819 = DIRECTION('',(0.,1.,0.));
#6820 = ORIENTED_EDGE('',*,*,#6821,.F.);
#6821 = EDGE_CURVE('',#6781,#6814,#6822,.T.);
#6822 = LINE('',#6823,#6824);
#6823 = CARTESIAN_POINT('',(291.,0.,3.));
#6824 = VECTOR('',#6825,1.);
#6825 = DIRECTION('',(1.,0.,0.));
#6826 = PLANE('',#6827);
#6827 = AXIS2_PLACEMENT_3D('',#6828,#6829,#6830);
#6828 = CARTESIAN_POINT('',(291.,-11.97,3.));
#6829 = DIRECTION('',(0.,0.,1.));
#6830 = DIRECTION('',(1.,0.,0.));
#6831 = ADVANCED_FACE('',(#6832),#6843,.T.);
#6832 = FACE_BOUND('',#6833,.T.);
#6833 = EDGE_LOOP('',(#6834,#6835,#6836,#6842));
#6834 = ORIENTED_EDGE('',*,*,#5856,.F.);
#6835 = ORIENTED_EDGE('',*,*,#5927,.T.);
#6836 = ORIENTED_EDGE('',*,*,#6837,.T.);
#6837 = EDGE_CURVE('',#5928,#5825,#6838,.T.);
#6838 = LINE('',#6839,#6840);
#6839 = CARTESIAN_POINT('',(294.,-8.97,0.));
#6840 = VECTOR('',#6841,1.);
#6841 = DIRECTION('',(0.,0.,1.));
#6842 = ORIENTED_EDGE('',*,*,#5824,.F.);
#6843 = PLANE('',#6844);
#6844 = AXIS2_PLACEMENT_3D('',#6845,#6846,#6847);
#6845 = CARTESIAN_POINT('',(294.,-11.97,0.));
#6846 = DIRECTION('',(1.,0.,0.));
#6847 = DIRECTION('',(0.,0.,1.));
#6848 = ADVANCED_FACE('',(#6849),#6870,.F.);
#6849 = FACE_BOUND('',#6850,.F.);
#6850 = EDGE_LOOP('',(#6851,#6857,#6863,#6869));
#6851 = ORIENTED_EDGE('',*,*,#6852,.F.);
#6852 = EDGE_CURVE('',#6672,#5880,#6853,.T.);
#6853 = LINE('',#6854,#6855);
#6854 = CARTESIAN_POINT('',(0.,19.05,0.));
#6855 = VECTOR('',#6856,1.);
#6856 = DIRECTION('',(1.,0.,0.));
#6857 = ORIENTED_EDGE('',*,*,#6858,.T.);
#6858 = EDGE_CURVE('',#6672,#6267,#6859,.T.);
#6859 = LINE('',#6860,#6861);
#6860 = CARTESIAN_POINT('',(196.13,19.05,0.));
#6861 = VECTOR('',#6862,1.);
#6862 = DIRECTION('',(0.,0.,1.));
#6863 = ORIENTED_EDGE('',*,*,#6864,.T.);
#6864 = EDGE_CURVE('',#6267,#5871,#6865,.T.);
#6865 = LINE('',#6866,#6867);
#6866 = CARTESIAN_POINT('',(0.,19.05,3.));
#6867 = VECTOR('',#6868,1.);
#6868 = DIRECTION('',(1.,0.,0.));
#6869 = ORIENTED_EDGE('',*,*,#5887,.T.);
#6870 = PLANE('',#6871);
#6871 = AXIS2_PLACEMENT_3D('',#6872,#6873,#6874);
#6872 = CARTESIAN_POINT('',(0.,19.05,0.));
#6873 = DIRECTION('',(0.,1.,0.));
#6874 = DIRECTION('',(0.,0.,1.));
#6875 = ADVANCED_FACE('',(#6876),#6894,.F.);
#6876 = FACE_BOUND('',#6877,.F.);
#6877 = EDGE_LOOP('',(#6878,#6879,#6880,#6888));
#6878 = ORIENTED_EDGE('',*,*,#5879,.F.);
#6879 = ORIENTED_EDGE('',*,*,#5911,.T.);
#6880 = ORIENTED_EDGE('',*,*,#6881,.T.);
#6881 = EDGE_CURVE('',#5904,#6882,#6884,.T.);
#6882 = VERTEX_POINT('',#6883);
#6883 = CARTESIAN_POINT('',(224.7,19.05,0.));
#6884 = LINE('',#6885,#6886);
#6885 = CARTESIAN_POINT('',(224.7,-19.05,0.));
#6886 = VECTOR('',#6887,1.);
#6887 = DIRECTION('',(0.,1.,0.));
#6888 = ORIENTED_EDGE('',*,*,#6889,.F.);
#6889 = EDGE_CURVE('',#5880,#6882,#6890,.T.);
#6890 = LINE('',#6891,#6892);
#6891 = CARTESIAN_POINT('',(0.,19.05,0.));
#6892 = VECTOR('',#6893,1.);
#6893 = DIRECTION('',(1.,0.,0.));
#6894 = PLANE('',#6895);
#6895 = AXIS2_PLACEMENT_3D('',#6896,#6897,#6898);
#6896 = CARTESIAN_POINT('',(221.7,-19.05,0.));
#6897 = DIRECTION('',(0.,0.,1.));
#6898 = DIRECTION('',(1.,0.,0.));
#6899 = ADVANCED_FACE('',(#6900),#6918,.F.);
#6900 = FACE_BOUND('',#6901,.F.);
#6901 = EDGE_LOOP('',(#6902,#6910,#6911,#6912));
#6902 = ORIENTED_EDGE('',*,*,#6903,.F.);
#6903 = EDGE_CURVE('',#5904,#6904,#6906,.T.);
#6904 = VERTEX_POINT('',#6905);
#6905 = CARTESIAN_POINT('',(278.85,3.,0.));
#6906 = LINE('',#6907,#6908);
#6907 = CARTESIAN_POINT('',(221.7,3.,0.));
#6908 = VECTOR('',#6909,1.);
#6909 = DIRECTION('',(1.,0.,0.));
#6910 = ORIENTED_EDGE('',*,*,#5903,.F.);
#6911 = ORIENTED_EDGE('',*,*,#6764,.T.);
#6912 = ORIENTED_EDGE('',*,*,#6913,.T.);
#6913 = EDGE_CURVE('',#6757,#6904,#6914,.T.);
#6914 = LINE('',#6915,#6916);
#6915 = CARTESIAN_POINT('',(278.85,0.,0.));
#6916 = VECTOR('',#6917,1.);
#6917 = DIRECTION('',(0.,1.,0.));
#6918 = PLANE('',#6919);
#6919 = AXIS2_PLACEMENT_3D('',#6920,#6921,#6922);
#6920 = CARTESIAN_POINT('',(221.7,0.,0.));
#6921 = DIRECTION('',(0.,0.,1.));
#6922 = DIRECTION('',(1.,0.,0.));
#6923 = ADVANCED_FACE('',(#6924),#6942,.F.);
#6924 = FACE_BOUND('',#6925,.F.);
#6925 = EDGE_LOOP('',(#6926,#6927,#6928,#6936));
#6926 = ORIENTED_EDGE('',*,*,#6789,.F.);
#6927 = ORIENTED_EDGE('',*,*,#5935,.T.);
#6928 = ORIENTED_EDGE('',*,*,#6929,.T.);
#6929 = EDGE_CURVE('',#5928,#6930,#6932,.T.);
#6930 = VERTEX_POINT('',#6931);
#6931 = CARTESIAN_POINT('',(294.,0.,0.));
#6932 = LINE('',#6933,#6934);
#6933 = CARTESIAN_POINT('',(294.,-11.97,0.));
#6934 = VECTOR('',#6935,1.);
#6935 = DIRECTION('',(0.,1.,0.));
#6936 = ORIENTED_EDGE('',*,*,#6937,.F.);
#6937 = EDGE_CURVE('',#6790,#6930,#6938,.T.);
#6938 = LINE('',#6939,#6940);
#6939 = CARTESIAN_POINT('',(291.,0.,0.));
#6940 = VECTOR('',#6941,1.);
#6941 = DIRECTION('',(1.,0.,0.));
#6942 = PLANE('',#6943);
#6943 = AXIS2_PLACEMENT_3D('',#6944,#6945,#6946);
#6944 = CARTESIAN_POINT('',(291.,-11.97,0.));
#6945 = DIRECTION('',(0.,0.,1.));
#6946 = DIRECTION('',(1.,0.,0.));
#6947 = ADVANCED_FACE('',(#6948),#6958,.F.);
#6948 = FACE_BOUND('',#6949,.F.);
#6949 = EDGE_LOOP('',(#6950,#6951,#6957));
#6950 = ORIENTED_EDGE('',*,*,#6608,.T.);
#6951 = ORIENTED_EDGE('',*,*,#6952,.T.);
#6952 = EDGE_CURVE('',#6600,#5958,#6953,.T.);
#6953 = LINE('',#6954,#6955);
#6954 = CARTESIAN_POINT('',(26.44,57.15,0.));
#6955 = VECTOR('',#6956,1.);
#6956 = DIRECTION('',(0.,1.,0.));
#6957 = ORIENTED_EDGE('',*,*,#5980,.T.);
#6958 = PLANE('',#6959);
#6959 = AXIS2_PLACEMENT_3D('',#6960,#6961,#6962);
#6960 = CARTESIAN_POINT('',(27.94,68.18,0.));
#6961 = DIRECTION('',(0.,0.,1.));
#6962 = DIRECTION('',(1.,0.,0.));
#6963 = ADVANCED_FACE('',(#6964),#6974,.T.);
#6964 = FACE_BOUND('',#6965,.T.);
#6965 = EDGE_LOOP('',(#6966,#6967,#6973));
#6966 = ORIENTED_EDGE('',*,*,#6022,.T.);
#6967 = ORIENTED_EDGE('',*,*,#6968,.T.);
#6968 = EDGE_CURVE('',#6014,#5950,#6969,.T.);
#6969 = LINE('',#6970,#6971);
#6970 = CARTESIAN_POINT('',(26.44,57.15,3.));
#6971 = VECTOR('',#6972,1.);
#6972 = DIRECTION('',(0.,1.,0.));
#6973 = ORIENTED_EDGE('',*,*,#5988,.T.);
#6974 = PLANE('',#6975);
#6975 = AXIS2_PLACEMENT_3D('',#6976,#6977,#6978);
#6976 = CARTESIAN_POINT('',(27.94,68.18,3.));
#6977 = DIRECTION('',(0.,0.,1.));
#6978 = DIRECTION('',(1.,0.,0.));
#6979 = ADVANCED_FACE('',(#6980),#7005,.F.);
#6980 = FACE_BOUND('',#6981,.T.);
#6981 = EDGE_LOOP('',(#6982,#6989,#6995,#7002,#7003,#7004));
#6982 = ORIENTED_EDGE('',*,*,#6983,.F.);
#6983 = EDGE_CURVE('',#6592,#6600,#6984,.T.);
#6984 = CIRCLE('',#6985,1.5);
#6985 = AXIS2_PLACEMENT_3D('',#6986,#6987,#6988);
#6986 = CARTESIAN_POINT('',(27.94,68.18,0.));
#6987 = DIRECTION('',(0.,0.,1.));
#6988 = DIRECTION('',(1.,0.,0.));
#6989 = ORIENTED_EDGE('',*,*,#6990,.T.);
#6990 = EDGE_CURVE('',#6592,#6006,#6991,.T.);
#6991 = LINE('',#6992,#6993);
#6992 = CARTESIAN_POINT('',(29.44,68.18,0.));
#6993 = VECTOR('',#6994,1.);
#6994 = DIRECTION('',(0.,0.,1.));
#6995 = ORIENTED_EDGE('',*,*,#6996,.T.);
#6996 = EDGE_CURVE('',#6006,#6014,#6997,.T.);
#6997 = CIRCLE('',#6998,1.5);
#6998 = AXIS2_PLACEMENT_3D('',#6999,#7000,#7001);
#6999 = CARTESIAN_POINT('',(27.94,68.18,3.));
#7000 = DIRECTION('',(0.,0.,1.));
#7001 = DIRECTION('',(1.,0.,0.));
#7002 = ORIENTED_EDGE('',*,*,#6013,.T.);
#7003 = ORIENTED_EDGE('',*,*,#6990,.F.);
#7004 = ORIENTED_EDGE('',*,*,#6599,.F.);
#7005 = CYLINDRICAL_SURFACE('',#7006,1.5);
#7006 = AXIS2_PLACEMENT_3D('',#7007,#7008,#7009);
#7007 = CARTESIAN_POINT('',(27.94,68.18,0.));
#7008 = DIRECTION('',(-0.,-0.,-1.));
#7009 = DIRECTION('',(1.,0.,0.));
#7010 = ADVANCED_FACE('',(#7011),#7036,.T.);
#7011 = FACE_BOUND('',#7012,.T.);
#7012 = EDGE_LOOP('',(#7013,#7022,#7029,#7035));
#7013 = ORIENTED_EDGE('',*,*,#7014,.T.);
#7014 = EDGE_CURVE('',#5171,#7015,#7017,.T.);
#7015 = VERTEX_POINT('',#7016);
#7016 = CARTESIAN_POINT('',(30.94,68.18,3.));
#7017 = CIRCLE('',#7018,3.);
#7018 = AXIS2_PLACEMENT_3D('',#7019,#7020,#7021);
#7019 = CARTESIAN_POINT('',(27.94,68.18,3.));
#7020 = DIRECTION('',(0.,0.,1.));
#7021 = DIRECTION('',(1.,0.,0.));
#7022 = ORIENTED_EDGE('',*,*,#7023,.T.);
#7023 = EDGE_CURVE('',#7015,#6567,#7024,.T.);
#7024 = CIRCLE('',#7025,3.);
#7025 = AXIS2_PLACEMENT_3D('',#7026,#7027,#7028);
#7026 = CARTESIAN_POINT('',(27.94,68.18,3.));
#7027 = DIRECTION('',(0.,0.,1.));
#7028 = DIRECTION('',(1.,0.,0.));
#7029 = ORIENTED_EDGE('',*,*,#7030,.F.);
#7030 = EDGE_CURVE('',#6006,#6567,#7031,.T.);
#7031 = LINE('',#7032,#7033);
#7032 = CARTESIAN_POINT('',(29.44,57.15,3.));
#7033 = VECTOR('',#7034,1.);
#7034 = DIRECTION('',(0.,1.,0.));
#7035 = ORIENTED_EDGE('',*,*,#6005,.F.);
#7036 = PLANE('',#7037);
#7037 = AXIS2_PLACEMENT_3D('',#7038,#7039,#7040);
#7038 = CARTESIAN_POINT('',(27.94,68.18,3.));
#7039 = DIRECTION('',(0.,0.,1.));
#7040 = DIRECTION('',(1.,0.,0.));
#7041 = ADVANCED_FACE('',(#7042),#7061,.T.);
#7042 = FACE_BOUND('',#7043,.F.);
#7043 = EDGE_LOOP('',(#7044,#7052,#7059,#7060));
#7044 = ORIENTED_EDGE('',*,*,#7045,.F.);
#7045 = EDGE_CURVE('',#7046,#7015,#7048,.T.);
#7046 = VERTEX_POINT('',#7047);
#7047 = CARTESIAN_POINT('',(30.94,68.18,0.));
#7048 = LINE('',#7049,#7050);
#7049 = CARTESIAN_POINT('',(30.94,68.18,0.));
#7050 = VECTOR('',#7051,1.);
#7051 = DIRECTION('',(0.,0.,1.));
#7052 = ORIENTED_EDGE('',*,*,#7053,.F.);
#7053 = EDGE_CURVE('',#5627,#7046,#7054,.T.);
#7054 = CIRCLE('',#7055,3.);
#7055 = AXIS2_PLACEMENT_3D('',#7056,#7057,#7058);
#7056 = CARTESIAN_POINT('',(27.94,68.18,0.));
#7057 = DIRECTION('',(0.,0.,1.));
#7058 = DIRECTION('',(1.,0.,0.));
#7059 = ORIENTED_EDGE('',*,*,#6044,.F.);
#7060 = ORIENTED_EDGE('',*,*,#7014,.T.);
#7061 = CYLINDRICAL_SURFACE('',#7062,3.);
#7062 = AXIS2_PLACEMENT_3D('',#7063,#7064,#7065);
#7063 = CARTESIAN_POINT('',(27.94,68.18,0.));
#7064 = DIRECTION('',(-0.,-0.,-1.));
#7065 = DIRECTION('',(1.,0.,0.));
#7066 = ADVANCED_FACE('',(#7067),#7088,.F.);
#7067 = FACE_BOUND('',#7068,.F.);
#7068 = EDGE_LOOP('',(#7069,#7075,#7076,#7082));
#7069 = ORIENTED_EDGE('',*,*,#7070,.F.);
#7070 = EDGE_CURVE('',#5250,#6544,#7071,.T.);
#7071 = LINE('',#7072,#7073);
#7072 = CARTESIAN_POINT('',(83.59,57.15,3.));
#7073 = VECTOR('',#7074,1.);
#7074 = DIRECTION('',(0.,1.,0.));
#7075 = ORIENTED_EDGE('',*,*,#6073,.T.);
#7076 = ORIENTED_EDGE('',*,*,#7077,.T.);
#7077 = EDGE_CURVE('',#5650,#6488,#7078,.T.);
#7078 = LINE('',#7079,#7080);
#7079 = CARTESIAN_POINT('',(83.59,57.15,0.));
#7080 = VECTOR('',#7081,1.);
#7081 = DIRECTION('',(0.,1.,0.));
#7082 = ORIENTED_EDGE('',*,*,#7083,.F.);
#7083 = EDGE_CURVE('',#6544,#6488,#7084,.T.);
#7084 = LINE('',#7085,#7086);
#7085 = CARTESIAN_POINT('',(83.59,76.2,0.));
#7086 = VECTOR('',#7087,1.);
#7087 = DIRECTION('',(0.,0.,-1.));
#7088 = PLANE('',#7089);
#7089 = AXIS2_PLACEMENT_3D('',#7090,#7091,#7092);
#7090 = CARTESIAN_POINT('',(83.59,57.15,0.));
#7091 = DIRECTION('',(1.,0.,0.));
#7092 = DIRECTION('',(0.,0.,1.));
#7093 = ADVANCED_FACE('',(#7094),#7112,.T.);
#7094 = FACE_BOUND('',#7095,.T.);
#7095 = EDGE_LOOP('',(#7096,#7097,#7098,#7106));
#7096 = ORIENTED_EDGE('',*,*,#7070,.F.);
#7097 = ORIENTED_EDGE('',*,*,#6087,.T.);
#7098 = ORIENTED_EDGE('',*,*,#7099,.T.);
#7099 = EDGE_CURVE('',#6088,#7100,#7102,.T.);
#7100 = VERTEX_POINT('',#7101);
#7101 = CARTESIAN_POINT('',(86.59,76.2,3.));
#7102 = LINE('',#7103,#7104);
#7103 = CARTESIAN_POINT('',(86.59,57.15,3.));
#7104 = VECTOR('',#7105,1.);
#7105 = DIRECTION('',(0.,1.,0.));
#7106 = ORIENTED_EDGE('',*,*,#7107,.F.);
#7107 = EDGE_CURVE('',#6544,#7100,#7108,.T.);
#7108 = LINE('',#7109,#7110);
#7109 = CARTESIAN_POINT('',(0.,76.2,3.));
#7110 = VECTOR('',#7111,1.);
#7111 = DIRECTION('',(1.,0.,0.));
#7112 = PLANE('',#7113);
#7113 = AXIS2_PLACEMENT_3D('',#7114,#7115,#7116);
#7114 = CARTESIAN_POINT('',(83.59,57.15,3.));
#7115 = DIRECTION('',(0.,0.,1.));
#7116 = DIRECTION('',(1.,0.,0.));
#7117 = ADVANCED_FACE('',(#7118),#7143,.T.);
#7118 = FACE_BOUND('',#7119,.T.);
#7119 = EDGE_LOOP('',(#7120,#7128,#7129,#7137));
#7120 = ORIENTED_EDGE('',*,*,#7121,.F.);
#7121 = EDGE_CURVE('',#6088,#7122,#7124,.T.);
#7122 = VERTEX_POINT('',#7123);
#7123 = CARTESIAN_POINT('',(140.74,60.15,3.));
#7124 = LINE('',#7125,#7126);
#7125 = CARTESIAN_POINT('',(0.,60.15,3.));
#7126 = VECTOR('',#7127,1.);
#7127 = DIRECTION('',(1.,0.,0.));
#7128 = ORIENTED_EDGE('',*,*,#6104,.F.);
#7129 = ORIENTED_EDGE('',*,*,#7130,.T.);
#7130 = EDGE_CURVE('',#6097,#7131,#7133,.T.);
#7131 = VERTEX_POINT('',#7132);
#7132 = CARTESIAN_POINT('',(140.74,57.15,3.));
#7133 = LINE('',#7134,#7135);
#7134 = CARTESIAN_POINT('',(0.,57.15,3.));
#7135 = VECTOR('',#7136,1.);
#7136 = DIRECTION('',(1.,0.,0.));
#7137 = ORIENTED_EDGE('',*,*,#7138,.T.);
#7138 = EDGE_CURVE('',#7131,#7122,#7139,.T.);
#7139 = LINE('',#7140,#7141);
#7140 = CARTESIAN_POINT('',(140.74,57.15,3.));
#7141 = VECTOR('',#7142,1.);
#7142 = DIRECTION('',(0.,1.,0.));
#7143 = PLANE('',#7144);
#7144 = AXIS2_PLACEMENT_3D('',#7145,#7146,#7147);
#7145 = CARTESIAN_POINT('',(0.,57.15,3.));
#7146 = DIRECTION('',(0.,0.,1.));
#7147 = DIRECTION('',(1.,0.,0.));
#7148 = ADVANCED_FACE('',(#7149),#7167,.F.);
#7149 = FACE_BOUND('',#7150,.F.);
#7150 = EDGE_LOOP('',(#7151,#7159,#7160,#7161));
#7151 = ORIENTED_EDGE('',*,*,#7152,.F.);
#7152 = EDGE_CURVE('',#6119,#7153,#7155,.T.);
#7153 = VERTEX_POINT('',#7154);
#7154 = CARTESIAN_POINT('',(140.74,57.15,0.));
#7155 = LINE('',#7156,#7157);
#7156 = CARTESIAN_POINT('',(0.,57.15,0.));
#7157 = VECTOR('',#7158,1.);
#7158 = DIRECTION('',(1.,0.,0.));
#7159 = ORIENTED_EDGE('',*,*,#6128,.T.);
#7160 = ORIENTED_EDGE('',*,*,#7130,.T.);
#7161 = ORIENTED_EDGE('',*,*,#7162,.F.);
#7162 = EDGE_CURVE('',#7153,#7131,#7163,.T.);
#7163 = LINE('',#7164,#7165);
#7164 = CARTESIAN_POINT('',(140.74,57.15,0.));
#7165 = VECTOR('',#7166,1.);
#7166 = DIRECTION('',(0.,0.,1.));
#7167 = PLANE('',#7168);
#7168 = AXIS2_PLACEMENT_3D('',#7169,#7170,#7171);
#7169 = CARTESIAN_POINT('',(0.,57.15,0.));
#7170 = DIRECTION('',(0.,1.,0.));
#7171 = DIRECTION('',(0.,0.,1.));
#7172 = ADVANCED_FACE('',(#7173),#7198,.F.);
#7173 = FACE_BOUND('',#7174,.F.);
#7174 = EDGE_LOOP('',(#7175,#7183,#7184,#7192));
#7175 = ORIENTED_EDGE('',*,*,#7176,.F.);
#7176 = EDGE_CURVE('',#5322,#7177,#7179,.T.);
#7177 = VERTEX_POINT('',#7178);
#7178 = CARTESIAN_POINT('',(150.26,46.531923788647,3.));
#7179 = LINE('',#7180,#7181);
#7180 = CARTESIAN_POINT('',(150.26,38.1,3.));
#7181 = VECTOR('',#7182,1.);
#7182 = DIRECTION('',(0.,1.,0.));
#7183 = ORIENTED_EDGE('',*,*,#6145,.F.);
#7184 = ORIENTED_EDGE('',*,*,#7185,.T.);
#7185 = EDGE_CURVE('',#5674,#7186,#7188,.T.);
#7186 = VERTEX_POINT('',#7187);
#7187 = CARTESIAN_POINT('',(150.26,46.531923788647,0.));
#7188 = LINE('',#7189,#7190);
#7189 = CARTESIAN_POINT('',(150.26,38.1,0.));
#7190 = VECTOR('',#7191,1.);
#7191 = DIRECTION('',(0.,1.,0.));
#7192 = ORIENTED_EDGE('',*,*,#7193,.F.);
#7193 = EDGE_CURVE('',#7177,#7186,#7194,.T.);
#7194 = LINE('',#7195,#7196);
#7195 = CARTESIAN_POINT('',(150.26,46.531923788647,0.));
#7196 = VECTOR('',#7197,1.);
#7197 = DIRECTION('',(-0.,-0.,-1.));
#7198 = PLANE('',#7199);
#7199 = AXIS2_PLACEMENT_3D('',#7200,#7201,#7202);
#7200 = CARTESIAN_POINT('',(150.26,38.1,0.));
#7201 = DIRECTION('',(1.,0.,0.));
#7202 = DIRECTION('',(0.,0.,1.));
#7203 = ADVANCED_FACE('',(#7204),#7223,.T.);
#7204 = FACE_BOUND('',#7205,.T.);
#7205 = EDGE_LOOP('',(#7206,#7207,#7208,#7216));
#7206 = ORIENTED_EDGE('',*,*,#7176,.F.);
#7207 = ORIENTED_EDGE('',*,*,#6176,.T.);
#7208 = ORIENTED_EDGE('',*,*,#7209,.T.);
#7209 = EDGE_CURVE('',#6169,#7210,#7212,.T.);
#7210 = VERTEX_POINT('',#7211);
#7211 = CARTESIAN_POINT('',(153.26,46.531923788647,3.));
#7212 = LINE('',#7213,#7214);
#7213 = CARTESIAN_POINT('',(153.26,38.1,3.));
#7214 = VECTOR('',#7215,1.);
#7215 = DIRECTION('',(0.,1.,0.));
#7216 = ORIENTED_EDGE('',*,*,#7217,.F.);
#7217 = EDGE_CURVE('',#7177,#7210,#7218,.T.);
#7218 = CIRCLE('',#7219,3.);
#7219 = AXIS2_PLACEMENT_3D('',#7220,#7221,#7222);
#7220 = CARTESIAN_POINT('',(151.76,49.13,3.));
#7221 = DIRECTION('',(0.,0.,1.));
#7222 = DIRECTION('',(1.,0.,0.));
#7223 = PLANE('',#7224);
#7224 = AXIS2_PLACEMENT_3D('',#7225,#7226,#7227);
#7225 = CARTESIAN_POINT('',(150.26,38.1,3.));
#7226 = DIRECTION('',(0.,0.,1.));
#7227 = DIRECTION('',(1.,0.,0.));
#7228 = ADVANCED_FACE('',(#7229),#7254,.T.);
#7229 = FACE_BOUND('',#7230,.T.);
#7230 = EDGE_LOOP('',(#7231,#7239,#7240,#7248));
#7231 = ORIENTED_EDGE('',*,*,#7232,.F.);
#7232 = EDGE_CURVE('',#6169,#7233,#7235,.T.);
#7233 = VERTEX_POINT('',#7234);
#7234 = CARTESIAN_POINT('',(193.13,41.1,3.));
#7235 = LINE('',#7236,#7237);
#7236 = CARTESIAN_POINT('',(0.,41.1,3.));
#7237 = VECTOR('',#7238,1.);
#7238 = DIRECTION('',(1.,0.,0.));
#7239 = ORIENTED_EDGE('',*,*,#6168,.F.);
#7240 = ORIENTED_EDGE('',*,*,#7241,.T.);
#7241 = EDGE_CURVE('',#6161,#7242,#7244,.T.);
#7242 = VERTEX_POINT('',#7243);
#7243 = CARTESIAN_POINT('',(193.13,38.1,3.));
#7244 = LINE('',#7245,#7246);
#7245 = CARTESIAN_POINT('',(0.,38.1,3.));
#7246 = VECTOR('',#7247,1.);
#7247 = DIRECTION('',(1.,0.,0.));
#7248 = ORIENTED_EDGE('',*,*,#7249,.T.);
#7249 = EDGE_CURVE('',#7242,#7233,#7250,.T.);
#7250 = LINE('',#7251,#7252);
#7251 = CARTESIAN_POINT('',(193.13,19.05,3.));
#7252 = VECTOR('',#7253,1.);
#7253 = DIRECTION('',(0.,1.,0.));
#7254 = PLANE('',#7255);
#7255 = AXIS2_PLACEMENT_3D('',#7256,#7257,#7258);
#7256 = CARTESIAN_POINT('',(0.,38.1,3.));
#7257 = DIRECTION('',(0.,0.,1.));
#7258 = DIRECTION('',(1.,0.,0.));
#7259 = ADVANCED_FACE('',(#7260),#7278,.F.);
#7260 = FACE_BOUND('',#7261,.F.);
#7261 = EDGE_LOOP('',(#7262,#7270,#7271,#7272));
#7262 = ORIENTED_EDGE('',*,*,#7263,.F.);
#7263 = EDGE_CURVE('',#6191,#7264,#7266,.T.);
#7264 = VERTEX_POINT('',#7265);
#7265 = CARTESIAN_POINT('',(193.13,38.1,0.));
#7266 = LINE('',#7267,#7268);
#7267 = CARTESIAN_POINT('',(0.,38.1,0.));
#7268 = VECTOR('',#7269,1.);
#7269 = DIRECTION('',(1.,0.,0.));
#7270 = ORIENTED_EDGE('',*,*,#6200,.T.);
#7271 = ORIENTED_EDGE('',*,*,#7241,.T.);
#7272 = ORIENTED_EDGE('',*,*,#7273,.F.);
#7273 = EDGE_CURVE('',#7264,#7242,#7274,.T.);
#7274 = LINE('',#7275,#7276);
#7275 = CARTESIAN_POINT('',(193.13,38.1,0.));
#7276 = VECTOR('',#7277,1.);
#7277 = DIRECTION('',(0.,0.,1.));
#7278 = PLANE('',#7279);
#7279 = AXIS2_PLACEMENT_3D('',#7280,#7281,#7282);
#7280 = CARTESIAN_POINT('',(0.,38.1,0.));
#7281 = DIRECTION('',(0.,1.,0.));
#7282 = DIRECTION('',(0.,0.,1.));
#7283 = ADVANCED_FACE('',(#7284),#7300,.F.);
#7284 = FACE_BOUND('',#7285,.F.);
#7285 = EDGE_LOOP('',(#7286,#7292,#7293,#7299));
#7286 = ORIENTED_EDGE('',*,*,#7287,.F.);
#7287 = EDGE_CURVE('',#5432,#7242,#7288,.T.);
#7288 = LINE('',#7289,#7290);
#7289 = CARTESIAN_POINT('',(193.13,19.05,3.));
#7290 = VECTOR('',#7291,1.);
#7291 = DIRECTION('',(0.,1.,0.));
#7292 = ORIENTED_EDGE('',*,*,#6251,.F.);
#7293 = ORIENTED_EDGE('',*,*,#7294,.T.);
#7294 = EDGE_CURVE('',#5722,#7264,#7295,.T.);
#7295 = LINE('',#7296,#7297);
#7296 = CARTESIAN_POINT('',(193.13,19.05,0.));
#7297 = VECTOR('',#7298,1.);
#7298 = DIRECTION('',(0.,1.,0.));
#7299 = ORIENTED_EDGE('',*,*,#7273,.T.);
#7300 = PLANE('',#7301);
#7301 = AXIS2_PLACEMENT_3D('',#7302,#7303,#7304);
#7302 = CARTESIAN_POINT('',(193.13,19.05,0.));
#7303 = DIRECTION('',(1.,0.,0.));
#7304 = DIRECTION('',(0.,0.,1.));
#7305 = ADVANCED_FACE('',(#7306),#7324,.T.);
#7306 = FACE_BOUND('',#7307,.T.);
#7307 = EDGE_LOOP('',(#7308,#7309,#7310,#7318));
#7308 = ORIENTED_EDGE('',*,*,#7287,.F.);
#7309 = ORIENTED_EDGE('',*,*,#6282,.T.);
#7310 = ORIENTED_EDGE('',*,*,#7311,.T.);
#7311 = EDGE_CURVE('',#6275,#7312,#7314,.T.);
#7312 = VERTEX_POINT('',#7313);
#7313 = CARTESIAN_POINT('',(196.13,38.1,3.));
#7314 = LINE('',#7315,#7316);
#7315 = CARTESIAN_POINT('',(196.13,19.05,3.));
#7316 = VECTOR('',#7317,1.);
#7317 = DIRECTION('',(0.,1.,0.));
#7318 = ORIENTED_EDGE('',*,*,#7319,.F.);
#7319 = EDGE_CURVE('',#7242,#7312,#7320,.T.);
#7320 = LINE('',#7321,#7322);
#7321 = CARTESIAN_POINT('',(0.,38.1,3.));
#7322 = VECTOR('',#7323,1.);
#7323 = DIRECTION('',(1.,0.,0.));
#7324 = PLANE('',#7325);
#7325 = AXIS2_PLACEMENT_3D('',#7326,#7327,#7328);
#7326 = CARTESIAN_POINT('',(193.13,19.05,3.));
#7327 = DIRECTION('',(0.,0.,1.));
#7328 = DIRECTION('',(1.,0.,0.));
#7329 = ADVANCED_FACE('',(#7330),#7348,.T.);
#7330 = FACE_BOUND('',#7331,.T.);
#7331 = EDGE_LOOP('',(#7332,#7340,#7341,#7342));
#7332 = ORIENTED_EDGE('',*,*,#7333,.F.);
#7333 = EDGE_CURVE('',#6275,#7334,#7336,.T.);
#7334 = VERTEX_POINT('',#7335);
#7335 = CARTESIAN_POINT('',(221.7,22.05,3.));
#7336 = LINE('',#7337,#7338);
#7337 = CARTESIAN_POINT('',(0.,22.05,3.));
#7338 = VECTOR('',#7339,1.);
#7339 = DIRECTION('',(1.,0.,0.));
#7340 = ORIENTED_EDGE('',*,*,#6274,.F.);
#7341 = ORIENTED_EDGE('',*,*,#6864,.T.);
#7342 = ORIENTED_EDGE('',*,*,#7343,.T.);
#7343 = EDGE_CURVE('',#5871,#7334,#7344,.T.);
#7344 = LINE('',#7345,#7346);
#7345 = CARTESIAN_POINT('',(221.7,-19.05,3.));
#7346 = VECTOR('',#7347,1.);
#7347 = DIRECTION('',(0.,1.,0.));
#7348 = PLANE('',#7349);
#7349 = AXIS2_PLACEMENT_3D('',#7350,#7351,#7352);
#7350 = CARTESIAN_POINT('',(0.,19.05,3.));
#7351 = DIRECTION('',(0.,0.,1.));
#7352 = DIRECTION('',(1.,0.,0.));
#7353 = ADVANCED_FACE('',(#7354),#7360,.F.);
#7354 = FACE_BOUND('',#7355,.F.);
#7355 = EDGE_LOOP('',(#7356,#7357,#7358,#7359));
#7356 = ORIENTED_EDGE('',*,*,#6671,.F.);
#7357 = ORIENTED_EDGE('',*,*,#6304,.T.);
#7358 = ORIENTED_EDGE('',*,*,#6266,.T.);
#7359 = ORIENTED_EDGE('',*,*,#6858,.F.);
#7360 = PLANE('',#7361);
#7361 = AXIS2_PLACEMENT_3D('',#7362,#7363,#7364);
#7362 = CARTESIAN_POINT('',(193.13,19.05,0.));
#7363 = DIRECTION('',(0.,1.,0.));
#7364 = DIRECTION('',(0.,0.,1.));
#7365 = ADVANCED_FACE('',(#7366),#7379,.F.);
#7366 = FACE_BOUND('',#7367,.T.);
#7367 = EDGE_LOOP('',(#7368,#7369,#7375,#7376,#7377,#7378));
#7368 = ORIENTED_EDGE('',*,*,#6367,.F.);
#7369 = ORIENTED_EDGE('',*,*,#7370,.T.);
#7370 = EDGE_CURVE('',#6368,#6336,#7371,.T.);
#7371 = LINE('',#7372,#7373);
#7372 = CARTESIAN_POINT('',(148.5,11.03,0.));
#7373 = VECTOR('',#7374,1.);
#7374 = DIRECTION('',(0.,0.,1.));
#7375 = ORIENTED_EDGE('',*,*,#6335,.T.);
#7376 = ORIENTED_EDGE('',*,*,#6427,.T.);
#7377 = ORIENTED_EDGE('',*,*,#7370,.F.);
#7378 = ORIENTED_EDGE('',*,*,#6446,.F.);
#7379 = CYLINDRICAL_SURFACE('',#7380,1.5);
#7380 = AXIS2_PLACEMENT_3D('',#7381,#7382,#7383);
#7381 = CARTESIAN_POINT('',(147.,11.03,0.));
#7382 = DIRECTION('',(-0.,-0.,-1.));
#7383 = DIRECTION('',(1.,0.,0.));
#7384 = ADVANCED_FACE('',(#7385),#7396,.T.);
#7385 = FACE_BOUND('',#7386,.T.);
#7386 = EDGE_LOOP('',(#7387,#7388,#7389,#7390));
#7387 = ORIENTED_EDGE('',*,*,#6478,.F.);
#7388 = ORIENTED_EDGE('',*,*,#6464,.T.);
#7389 = ORIENTED_EDGE('',*,*,#6534,.T.);
#7390 = ORIENTED_EDGE('',*,*,#7391,.F.);
#7391 = EDGE_CURVE('',#6479,#6535,#7392,.T.);
#7392 = LINE('',#7393,#7394);
#7393 = CARTESIAN_POINT('',(83.59,79.2,0.));
#7394 = VECTOR('',#7395,1.);
#7395 = DIRECTION('',(0.,0.,1.));
#7396 = PLANE('',#7397);
#7397 = AXIS2_PLACEMENT_3D('',#7398,#7399,#7400);
#7398 = CARTESIAN_POINT('',(0.,79.2,0.));
#7399 = DIRECTION('',(0.,1.,0.));
#7400 = DIRECTION('',(0.,0.,1.));
#7401 = ADVANCED_FACE('',(#7402),#7427,.F.);
#7402 = FACE_BOUND('',#7403,.F.);
#7403 = EDGE_LOOP('',(#7404,#7412,#7413,#7421));
#7404 = ORIENTED_EDGE('',*,*,#7405,.F.);
#7405 = EDGE_CURVE('',#6479,#7406,#7408,.T.);
#7406 = VERTEX_POINT('',#7407);
#7407 = CARTESIAN_POINT('',(86.59,79.2,0.));
#7408 = LINE('',#7409,#7410);
#7409 = CARTESIAN_POINT('',(0.,79.2,0.));
#7410 = VECTOR('',#7411,1.);
#7411 = DIRECTION('',(1.,0.,0.));
#7412 = ORIENTED_EDGE('',*,*,#6495,.F.);
#7413 = ORIENTED_EDGE('',*,*,#7414,.T.);
#7414 = EDGE_CURVE('',#6488,#7415,#7417,.T.);
#7415 = VERTEX_POINT('',#7416);
#7416 = CARTESIAN_POINT('',(86.59,76.2,0.));
#7417 = LINE('',#7418,#7419);
#7418 = CARTESIAN_POINT('',(0.,76.2,0.));
#7419 = VECTOR('',#7420,1.);
#7420 = DIRECTION('',(1.,0.,0.));
#7421 = ORIENTED_EDGE('',*,*,#7422,.T.);
#7422 = EDGE_CURVE('',#7415,#7406,#7423,.T.);
#7423 = LINE('',#7424,#7425);
#7424 = CARTESIAN_POINT('',(86.59,76.2,0.));
#7425 = VECTOR('',#7426,1.);
#7426 = DIRECTION('',(0.,1.,0.));
#7427 = PLANE('',#7428);
#7428 = AXIS2_PLACEMENT_3D('',#7429,#7430,#7431);
#7429 = CARTESIAN_POINT('',(0.,76.2,0.));
#7430 = DIRECTION('',(0.,0.,1.));
#7431 = DIRECTION('',(1.,0.,0.));
#7432 = ADVANCED_FACE('',(#7433),#7444,.F.);
#7433 = FACE_BOUND('',#7434,.F.);
#7434 = EDGE_LOOP('',(#7435,#7436,#7442,#7443));
#7435 = ORIENTED_EDGE('',*,*,#6487,.F.);
#7436 = ORIENTED_EDGE('',*,*,#7437,.T.);
#7437 = EDGE_CURVE('',#5564,#5595,#7438,.T.);
#7438 = LINE('',#7439,#7440);
#7439 = CARTESIAN_POINT('',(29.44,76.2,0.));
#7440 = VECTOR('',#7441,1.);
#7441 = DIRECTION('',(0.,0.,1.));
#7442 = ORIENTED_EDGE('',*,*,#6543,.T.);
#7443 = ORIENTED_EDGE('',*,*,#7083,.T.);
#7444 = PLANE('',#7445);
#7445 = AXIS2_PLACEMENT_3D('',#7446,#7447,#7448);
#7446 = CARTESIAN_POINT('',(0.,76.2,0.));
#7447 = DIRECTION('',(0.,1.,0.));
#7448 = DIRECTION('',(0.,0.,1.));
#7449 = ADVANCED_FACE('',(#7450),#7461,.T.);
#7450 = FACE_BOUND('',#7451,.T.);
#7451 = EDGE_LOOP('',(#7452,#7453,#7459,#7460));
#7452 = ORIENTED_EDGE('',*,*,#6575,.F.);
#7453 = ORIENTED_EDGE('',*,*,#7454,.T.);
#7454 = EDGE_CURVE('',#6567,#6511,#7455,.T.);
#7455 = LINE('',#7456,#7457);
#7456 = CARTESIAN_POINT('',(29.44,70.778076211353,0.));
#7457 = VECTOR('',#7458,1.);
#7458 = DIRECTION('',(-0.,-0.,-1.));
#7459 = ORIENTED_EDGE('',*,*,#6519,.T.);
#7460 = ORIENTED_EDGE('',*,*,#7437,.T.);
#7461 = PLANE('',#7462);
#7462 = AXIS2_PLACEMENT_3D('',#7463,#7464,#7465);
#7463 = CARTESIAN_POINT('',(29.44,57.15,0.));
#7464 = DIRECTION('',(1.,0.,0.));
#7465 = DIRECTION('',(0.,0.,1.));
#7466 = ADVANCED_FACE('',(#7467),#7478,.F.);
#7467 = FACE_BOUND('',#7468,.F.);
#7468 = EDGE_LOOP('',(#7469,#7470,#7476,#7477));
#7469 = ORIENTED_EDGE('',*,*,#6983,.F.);
#7470 = ORIENTED_EDGE('',*,*,#7471,.T.);
#7471 = EDGE_CURVE('',#6592,#6511,#7472,.T.);
#7472 = LINE('',#7473,#7474);
#7473 = CARTESIAN_POINT('',(29.44,57.15,0.));
#7474 = VECTOR('',#7475,1.);
#7475 = DIRECTION('',(0.,1.,0.));
#7476 = ORIENTED_EDGE('',*,*,#6510,.T.);
#7477 = ORIENTED_EDGE('',*,*,#6952,.F.);
#7478 = PLANE('',#7479);
#7479 = AXIS2_PLACEMENT_3D('',#7480,#7481,#7482);
#7480 = CARTESIAN_POINT('',(27.94,68.18,0.));
#7481 = DIRECTION('',(0.,0.,1.));
#7482 = DIRECTION('',(1.,0.,0.));
#7483 = ADVANCED_FACE('',(#7484),#7502,.T.);
#7484 = FACE_BOUND('',#7485,.T.);
#7485 = EDGE_LOOP('',(#7486,#7494,#7495,#7496));
#7486 = ORIENTED_EDGE('',*,*,#7487,.F.);
#7487 = EDGE_CURVE('',#6535,#7488,#7490,.T.);
#7488 = VERTEX_POINT('',#7489);
#7489 = CARTESIAN_POINT('',(86.59,79.2,3.));
#7490 = LINE('',#7491,#7492);
#7491 = CARTESIAN_POINT('',(0.,79.2,3.));
#7492 = VECTOR('',#7493,1.);
#7493 = DIRECTION('',(1.,0.,0.));
#7494 = ORIENTED_EDGE('',*,*,#6551,.F.);
#7495 = ORIENTED_EDGE('',*,*,#7107,.T.);
#7496 = ORIENTED_EDGE('',*,*,#7497,.T.);
#7497 = EDGE_CURVE('',#7100,#7488,#7498,.T.);
#7498 = LINE('',#7499,#7500);
#7499 = CARTESIAN_POINT('',(86.59,76.2,3.));
#7500 = VECTOR('',#7501,1.);
#7501 = DIRECTION('',(0.,1.,0.));
#7502 = PLANE('',#7503);
#7503 = AXIS2_PLACEMENT_3D('',#7504,#7505,#7506);
#7504 = CARTESIAN_POINT('',(0.,76.2,3.));
#7505 = DIRECTION('',(0.,0.,1.));
#7506 = DIRECTION('',(1.,0.,0.));
#7507 = ADVANCED_FACE('',(#7508),#7514,.T.);
#7508 = FACE_BOUND('',#7509,.T.);
#7509 = EDGE_LOOP('',(#7510,#7511,#7512,#7513));
#7510 = ORIENTED_EDGE('',*,*,#6996,.F.);
#7511 = ORIENTED_EDGE('',*,*,#7030,.T.);
#7512 = ORIENTED_EDGE('',*,*,#6566,.T.);
#7513 = ORIENTED_EDGE('',*,*,#6968,.F.);
#7514 = PLANE('',#7515);
#7515 = AXIS2_PLACEMENT_3D('',#7516,#7517,#7518);
#7516 = CARTESIAN_POINT('',(27.94,68.18,3.));
#7517 = DIRECTION('',(0.,0.,1.));
#7518 = DIRECTION('',(1.,0.,0.));
#7519 = ADVANCED_FACE('',(#7520),#7532,.F.);
#7520 = FACE_BOUND('',#7521,.F.);
#7521 = EDGE_LOOP('',(#7522,#7523,#7530,#7531));
#7522 = ORIENTED_EDGE('',*,*,#7053,.T.);
#7523 = ORIENTED_EDGE('',*,*,#7524,.T.);
#7524 = EDGE_CURVE('',#7046,#6511,#7525,.T.);
#7525 = CIRCLE('',#7526,3.);
#7526 = AXIS2_PLACEMENT_3D('',#7527,#7528,#7529);
#7527 = CARTESIAN_POINT('',(27.94,68.18,0.));
#7528 = DIRECTION('',(0.,0.,1.));
#7529 = DIRECTION('',(1.,0.,0.));
#7530 = ORIENTED_EDGE('',*,*,#7471,.F.);
#7531 = ORIENTED_EDGE('',*,*,#6591,.F.);
#7532 = PLANE('',#7533);
#7533 = AXIS2_PLACEMENT_3D('',#7534,#7535,#7536);
#7534 = CARTESIAN_POINT('',(27.94,68.18,0.));
#7535 = DIRECTION('',(0.,0.,1.));
#7536 = DIRECTION('',(1.,0.,0.));
#7537 = ADVANCED_FACE('',(#7538),#7549,.F.);
#7538 = FACE_BOUND('',#7539,.F.);
#7539 = EDGE_LOOP('',(#7540,#7541,#7542,#7548));
#7540 = ORIENTED_EDGE('',*,*,#7077,.F.);
#7541 = ORIENTED_EDGE('',*,*,#6622,.T.);
#7542 = ORIENTED_EDGE('',*,*,#7543,.T.);
#7543 = EDGE_CURVE('',#6623,#7415,#7544,.T.);
#7544 = LINE('',#7545,#7546);
#7545 = CARTESIAN_POINT('',(86.59,57.15,0.));
#7546 = VECTOR('',#7547,1.);
#7547 = DIRECTION('',(0.,1.,0.));
#7548 = ORIENTED_EDGE('',*,*,#7414,.F.);
#7549 = PLANE('',#7550);
#7550 = AXIS2_PLACEMENT_3D('',#7551,#7552,#7553);
#7551 = CARTESIAN_POINT('',(83.59,57.15,0.));
#7552 = DIRECTION('',(0.,0.,1.));
#7553 = DIRECTION('',(1.,0.,0.));
#7554 = ADVANCED_FACE('',(#7555),#7573,.F.);
#7555 = FACE_BOUND('',#7556,.F.);
#7556 = EDGE_LOOP('',(#7557,#7565,#7566,#7567));
#7557 = ORIENTED_EDGE('',*,*,#7558,.F.);
#7558 = EDGE_CURVE('',#6623,#7559,#7561,.T.);
#7559 = VERTEX_POINT('',#7560);
#7560 = CARTESIAN_POINT('',(140.74,60.15,0.));
#7561 = LINE('',#7562,#7563);
#7562 = CARTESIAN_POINT('',(0.,60.15,0.));
#7563 = VECTOR('',#7564,1.);
#7564 = DIRECTION('',(1.,0.,0.));
#7565 = ORIENTED_EDGE('',*,*,#6632,.F.);
#7566 = ORIENTED_EDGE('',*,*,#7152,.T.);
#7567 = ORIENTED_EDGE('',*,*,#7568,.T.);
#7568 = EDGE_CURVE('',#7153,#7559,#7569,.T.);
#7569 = LINE('',#7570,#7571);
#7570 = CARTESIAN_POINT('',(140.74,57.15,0.));
#7571 = VECTOR('',#7572,1.);
#7572 = DIRECTION('',(0.,1.,0.));
#7573 = PLANE('',#7574);
#7574 = AXIS2_PLACEMENT_3D('',#7575,#7576,#7577);
#7575 = CARTESIAN_POINT('',(0.,57.15,0.));
#7576 = DIRECTION('',(0.,0.,1.));
#7577 = DIRECTION('',(1.,0.,0.));
#7578 = ADVANCED_FACE('',(#7579),#7598,.F.);
#7579 = FACE_BOUND('',#7580,.F.);
#7580 = EDGE_LOOP('',(#7581,#7582,#7583,#7591));
#7581 = ORIENTED_EDGE('',*,*,#7185,.F.);
#7582 = ORIENTED_EDGE('',*,*,#6656,.T.);
#7583 = ORIENTED_EDGE('',*,*,#7584,.T.);
#7584 = EDGE_CURVE('',#6649,#7585,#7587,.T.);
#7585 = VERTEX_POINT('',#7586);
#7586 = CARTESIAN_POINT('',(153.26,46.531923788647,0.));
#7587 = LINE('',#7588,#7589);
#7588 = CARTESIAN_POINT('',(153.26,38.1,0.));
#7589 = VECTOR('',#7590,1.);
#7590 = DIRECTION('',(0.,1.,0.));
#7591 = ORIENTED_EDGE('',*,*,#7592,.F.);
#7592 = EDGE_CURVE('',#7186,#7585,#7593,.T.);
#7593 = CIRCLE('',#7594,3.);
#7594 = AXIS2_PLACEMENT_3D('',#7595,#7596,#7597);
#7595 = CARTESIAN_POINT('',(151.76,49.13,0.));
#7596 = DIRECTION('',(0.,0.,1.));
#7597 = DIRECTION('',(1.,0.,0.));
#7598 = PLANE('',#7599);
#7599 = AXIS2_PLACEMENT_3D('',#7600,#7601,#7602);
#7600 = CARTESIAN_POINT('',(150.26,38.1,0.));
#7601 = DIRECTION('',(0.,0.,1.));
#7602 = DIRECTION('',(1.,0.,0.));
#7603 = ADVANCED_FACE('',(#7604),#7622,.F.);
#7604 = FACE_BOUND('',#7605,.F.);
#7605 = EDGE_LOOP('',(#7606,#7614,#7615,#7616));
#7606 = ORIENTED_EDGE('',*,*,#7607,.F.);
#7607 = EDGE_CURVE('',#6649,#7608,#7610,.T.);
#7608 = VERTEX_POINT('',#7609);
#7609 = CARTESIAN_POINT('',(193.13,41.1,0.));
#7610 = LINE('',#7611,#7612);
#7611 = CARTESIAN_POINT('',(0.,41.1,0.));
#7612 = VECTOR('',#7613,1.);
#7613 = DIRECTION('',(1.,0.,0.));
#7614 = ORIENTED_EDGE('',*,*,#6648,.F.);
#7615 = ORIENTED_EDGE('',*,*,#7263,.T.);
#7616 = ORIENTED_EDGE('',*,*,#7617,.T.);
#7617 = EDGE_CURVE('',#7264,#7608,#7618,.T.);
#7618 = LINE('',#7619,#7620);
#7619 = CARTESIAN_POINT('',(193.13,19.05,0.));
#7620 = VECTOR('',#7621,1.);
#7621 = DIRECTION('',(0.,1.,0.));
#7622 = PLANE('',#7623);
#7623 = AXIS2_PLACEMENT_3D('',#7624,#7625,#7626);
#7624 = CARTESIAN_POINT('',(0.,38.1,0.));
#7625 = DIRECTION('',(0.,0.,1.));
#7626 = DIRECTION('',(1.,0.,0.));
#7627 = ADVANCED_FACE('',(#7628),#7646,.F.);
#7628 = FACE_BOUND('',#7629,.F.);
#7629 = EDGE_LOOP('',(#7630,#7631,#7632,#7640));
#7630 = ORIENTED_EDGE('',*,*,#7294,.F.);
#7631 = ORIENTED_EDGE('',*,*,#6687,.T.);
#7632 = ORIENTED_EDGE('',*,*,#7633,.T.);
#7633 = EDGE_CURVE('',#6680,#7634,#7636,.T.);
#7634 = VERTEX_POINT('',#7635);
#7635 = CARTESIAN_POINT('',(196.13,38.1,0.));
#7636 = LINE('',#7637,#7638);
#7637 = CARTESIAN_POINT('',(196.13,19.05,0.));
#7638 = VECTOR('',#7639,1.);
#7639 = DIRECTION('',(0.,1.,0.));
#7640 = ORIENTED_EDGE('',*,*,#7641,.F.);
#7641 = EDGE_CURVE('',#7264,#7634,#7642,.T.);
#7642 = LINE('',#7643,#7644);
#7643 = CARTESIAN_POINT('',(0.,38.1,0.));
#7644 = VECTOR('',#7645,1.);
#7645 = DIRECTION('',(1.,0.,0.));
#7646 = PLANE('',#7647);
#7647 = AXIS2_PLACEMENT_3D('',#7648,#7649,#7650);
#7648 = CARTESIAN_POINT('',(193.13,19.05,0.));
#7649 = DIRECTION('',(0.,0.,1.));
#7650 = DIRECTION('',(1.,0.,0.));
#7651 = ADVANCED_FACE('',(#7652),#7670,.F.);
#7652 = FACE_BOUND('',#7653,.F.);
#7653 = EDGE_LOOP('',(#7654,#7662,#7663,#7664));
#7654 = ORIENTED_EDGE('',*,*,#7655,.F.);
#7655 = EDGE_CURVE('',#6680,#7656,#7658,.T.);
#7656 = VERTEX_POINT('',#7657);
#7657 = CARTESIAN_POINT('',(221.7,22.05,0.));
#7658 = LINE('',#7659,#7660);
#7659 = CARTESIAN_POINT('',(0.,22.05,0.));
#7660 = VECTOR('',#7661,1.);
#7661 = DIRECTION('',(1.,0.,0.));
#7662 = ORIENTED_EDGE('',*,*,#6679,.F.);
#7663 = ORIENTED_EDGE('',*,*,#6852,.T.);
#7664 = ORIENTED_EDGE('',*,*,#7665,.T.);
#7665 = EDGE_CURVE('',#5880,#7656,#7666,.T.);
#7666 = LINE('',#7667,#7668);
#7667 = CARTESIAN_POINT('',(221.7,-19.05,0.));
#7668 = VECTOR('',#7669,1.);
#7669 = DIRECTION('',(0.,1.,0.));
#7670 = PLANE('',#7671);
#7671 = AXIS2_PLACEMENT_3D('',#7672,#7673,#7674);
#7672 = CARTESIAN_POINT('',(0.,19.05,0.));
#7673 = DIRECTION('',(0.,0.,1.));
#7674 = DIRECTION('',(1.,0.,0.));
#7675 = ADVANCED_FACE('',(#7676),#7694,.T.);
#7676 = FACE_BOUND('',#7677,.T.);
#7677 = EDGE_LOOP('',(#7678,#7686,#7687,#7688));
#7678 = ORIENTED_EDGE('',*,*,#7679,.F.);
#7679 = EDGE_CURVE('',#7334,#7680,#7682,.T.);
#7680 = VERTEX_POINT('',#7681);
#7681 = CARTESIAN_POINT('',(224.7,22.05,3.));
#7682 = LINE('',#7683,#7684);
#7683 = CARTESIAN_POINT('',(221.7,22.05,3.));
#7684 = VECTOR('',#7685,1.);
#7685 = DIRECTION('',(1.,0.,0.));
#7686 = ORIENTED_EDGE('',*,*,#7343,.F.);
#7687 = ORIENTED_EDGE('',*,*,#6711,.T.);
#7688 = ORIENTED_EDGE('',*,*,#7689,.T.);
#7689 = EDGE_CURVE('',#6704,#7680,#7690,.T.);
#7690 = LINE('',#7691,#7692);
#7691 = CARTESIAN_POINT('',(224.7,-19.05,3.));
#7692 = VECTOR('',#7693,1.);
#7693 = DIRECTION('',(0.,1.,0.));
#7694 = PLANE('',#7695);
#7695 = AXIS2_PLACEMENT_3D('',#7696,#7697,#7698);
#7696 = CARTESIAN_POINT('',(0.,19.05,3.));
#7697 = DIRECTION('',(0.,0.,1.));
#7698 = DIRECTION('',(1.,0.,0.));
#7699 = ADVANCED_FACE('',(#7700),#7716,.T.);
#7700 = FACE_BOUND('',#7701,.T.);
#7701 = EDGE_LOOP('',(#7702,#7703,#7709,#7710));
#7702 = ORIENTED_EDGE('',*,*,#6703,.F.);
#7703 = ORIENTED_EDGE('',*,*,#7704,.F.);
#7704 = EDGE_CURVE('',#5904,#5755,#7705,.T.);
#7705 = LINE('',#7706,#7707);
#7706 = CARTESIAN_POINT('',(224.7,3.,0.));
#7707 = VECTOR('',#7708,1.);
#7708 = DIRECTION('',(0.,0.,1.));
#7709 = ORIENTED_EDGE('',*,*,#6881,.T.);
#7710 = ORIENTED_EDGE('',*,*,#7711,.F.);
#7711 = EDGE_CURVE('',#6704,#6882,#7712,.T.);
#7712 = LINE('',#7713,#7714);
#7713 = CARTESIAN_POINT('',(224.7,19.05,0.));
#7714 = VECTOR('',#7715,1.);
#7715 = DIRECTION('',(0.,0.,-1.));
#7716 = PLANE('',#7717);
#7717 = AXIS2_PLACEMENT_3D('',#7718,#7719,#7720);
#7718 = CARTESIAN_POINT('',(224.7,-19.05,0.));
#7719 = DIRECTION('',(1.,0.,0.));
#7720 = DIRECTION('',(0.,0.,1.));
#7721 = ADVANCED_FACE('',(#7722),#7733,.T.);
#7722 = FACE_BOUND('',#7723,.T.);
#7723 = EDGE_LOOP('',(#7724,#7730,#7731,#7732));
#7724 = ORIENTED_EDGE('',*,*,#7725,.F.);
#7725 = EDGE_CURVE('',#6904,#6726,#7726,.T.);
#7726 = LINE('',#7727,#7728);
#7727 = CARTESIAN_POINT('',(278.85,3.,0.));
#7728 = VECTOR('',#7729,1.);
#7729 = DIRECTION('',(0.,0.,1.));
#7730 = ORIENTED_EDGE('',*,*,#6903,.F.);
#7731 = ORIENTED_EDGE('',*,*,#7704,.T.);
#7732 = ORIENTED_EDGE('',*,*,#6725,.T.);
#7733 = PLANE('',#7734);
#7734 = AXIS2_PLACEMENT_3D('',#7735,#7736,#7737);
#7735 = CARTESIAN_POINT('',(221.7,3.,0.));
#7736 = DIRECTION('',(0.,1.,0.));
#7737 = DIRECTION('',(0.,0.,1.));
#7738 = ADVANCED_FACE('',(#7739),#7764,.T.);
#7739 = FACE_BOUND('',#7740,.T.);
#7740 = EDGE_LOOP('',(#7741,#7742,#7750,#7758));
#7741 = ORIENTED_EDGE('',*,*,#6742,.F.);
#7742 = ORIENTED_EDGE('',*,*,#7743,.T.);
#7743 = EDGE_CURVE('',#6735,#7744,#7746,.T.);
#7744 = VERTEX_POINT('',#7745);
#7745 = CARTESIAN_POINT('',(281.85,0.,3.));
#7746 = LINE('',#7747,#7748);
#7747 = CARTESIAN_POINT('',(278.85,0.,3.));
#7748 = VECTOR('',#7749,1.);
#7749 = DIRECTION('',(1.,0.,0.));
#7750 = ORIENTED_EDGE('',*,*,#7751,.T.);
#7751 = EDGE_CURVE('',#7744,#7752,#7754,.T.);
#7752 = VERTEX_POINT('',#7753);
#7753 = CARTESIAN_POINT('',(281.85,3.,3.));
#7754 = LINE('',#7755,#7756);
#7755 = CARTESIAN_POINT('',(281.85,0.,3.));
#7756 = VECTOR('',#7757,1.);
#7757 = DIRECTION('',(0.,1.,0.));
#7758 = ORIENTED_EDGE('',*,*,#7759,.F.);
#7759 = EDGE_CURVE('',#6726,#7752,#7760,.T.);
#7760 = LINE('',#7761,#7762);
#7761 = CARTESIAN_POINT('',(221.7,3.,3.));
#7762 = VECTOR('',#7763,1.);
#7763 = DIRECTION('',(1.,0.,0.));
#7764 = PLANE('',#7765);
#7765 = AXIS2_PLACEMENT_3D('',#7766,#7767,#7768);
#7766 = CARTESIAN_POINT('',(278.85,0.,3.));
#7767 = DIRECTION('',(0.,0.,1.));
#7768 = DIRECTION('',(1.,0.,0.));
#7769 = ADVANCED_FACE('',(#7770),#7788,.F.);
#7770 = FACE_BOUND('',#7771,.F.);
#7771 = EDGE_LOOP('',(#7772,#7780,#7781,#7782));
#7772 = ORIENTED_EDGE('',*,*,#7773,.F.);
#7773 = EDGE_CURVE('',#6757,#7774,#7776,.T.);
#7774 = VERTEX_POINT('',#7775);
#7775 = CARTESIAN_POINT('',(281.85,0.,0.));
#7776 = LINE('',#7777,#7778);
#7777 = CARTESIAN_POINT('',(278.85,0.,0.));
#7778 = VECTOR('',#7779,1.);
#7779 = DIRECTION('',(1.,0.,0.));
#7780 = ORIENTED_EDGE('',*,*,#6756,.T.);
#7781 = ORIENTED_EDGE('',*,*,#7743,.T.);
#7782 = ORIENTED_EDGE('',*,*,#7783,.F.);
#7783 = EDGE_CURVE('',#7774,#7744,#7784,.T.);
#7784 = LINE('',#7785,#7786);
#7785 = CARTESIAN_POINT('',(281.85,0.,0.));
#7786 = VECTOR('',#7787,1.);
#7787 = DIRECTION('',(0.,0.,1.));
#7788 = PLANE('',#7789);
#7789 = AXIS2_PLACEMENT_3D('',#7790,#7791,#7792);
#7790 = CARTESIAN_POINT('',(278.85,0.,0.));
#7791 = DIRECTION('',(0.,1.,0.));
#7792 = DIRECTION('',(0.,0.,1.));
#7793 = ADVANCED_FACE('',(#7794),#7810,.F.);
#7794 = FACE_BOUND('',#7795,.F.);
#7795 = EDGE_LOOP('',(#7796,#7802,#7803,#7809));
#7796 = ORIENTED_EDGE('',*,*,#7797,.F.);
#7797 = EDGE_CURVE('',#7774,#6790,#7798,.T.);
#7798 = LINE('',#7799,#7800);
#7799 = CARTESIAN_POINT('',(221.7,0.,0.));
#7800 = VECTOR('',#7801,1.);
#7801 = DIRECTION('',(1.,0.,0.));
#7802 = ORIENTED_EDGE('',*,*,#7783,.T.);
#7803 = ORIENTED_EDGE('',*,*,#7804,.T.);
#7804 = EDGE_CURVE('',#7744,#6781,#7805,.T.);
#7805 = LINE('',#7806,#7807);
#7806 = CARTESIAN_POINT('',(221.7,0.,3.));
#7807 = VECTOR('',#7808,1.);
#7808 = DIRECTION('',(1.,0.,0.));
#7809 = ORIENTED_EDGE('',*,*,#6797,.F.);
#7810 = PLANE('',#7811);
#7811 = AXIS2_PLACEMENT_3D('',#7812,#7813,#7814);
#7812 = CARTESIAN_POINT('',(221.7,0.,0.));
#7813 = DIRECTION('',(0.,1.,0.));
#7814 = DIRECTION('',(0.,0.,1.));
#7815 = ADVANCED_FACE('',(#7816),#7841,.T.);
#7816 = FACE_BOUND('',#7817,.T.);
#7817 = EDGE_LOOP('',(#7818,#7826,#7827,#7835));
#7818 = ORIENTED_EDGE('',*,*,#7819,.F.);
#7819 = EDGE_CURVE('',#6781,#7820,#7822,.T.);
#7820 = VERTEX_POINT('',#7821);
#7821 = CARTESIAN_POINT('',(291.,3.,3.));
#7822 = LINE('',#7823,#7824);
#7823 = CARTESIAN_POINT('',(291.,0.,3.));
#7824 = VECTOR('',#7825,1.);
#7825 = DIRECTION('',(0.,1.,0.));
#7826 = ORIENTED_EDGE('',*,*,#6821,.T.);
#7827 = ORIENTED_EDGE('',*,*,#7828,.T.);
#7828 = EDGE_CURVE('',#6814,#7829,#7831,.T.);
#7829 = VERTEX_POINT('',#7830);
#7830 = CARTESIAN_POINT('',(294.,3.,3.));
#7831 = LINE('',#7832,#7833);
#7832 = CARTESIAN_POINT('',(294.,0.,3.));
#7833 = VECTOR('',#7834,1.);
#7834 = DIRECTION('',(0.,1.,0.));
#7835 = ORIENTED_EDGE('',*,*,#7836,.F.);
#7836 = EDGE_CURVE('',#7820,#7829,#7837,.T.);
#7837 = LINE('',#7838,#7839);
#7838 = CARTESIAN_POINT('',(221.7,3.,3.));
#7839 = VECTOR('',#7840,1.);
#7840 = DIRECTION('',(1.,0.,0.));
#7841 = PLANE('',#7842);
#7842 = AXIS2_PLACEMENT_3D('',#7843,#7844,#7845);
#7843 = CARTESIAN_POINT('',(291.,0.,3.));
#7844 = DIRECTION('',(0.,0.,1.));
#7845 = DIRECTION('',(1.,0.,0.));
#7846 = ADVANCED_FACE('',(#7847),#7858,.T.);
#7847 = FACE_BOUND('',#7848,.T.);
#7848 = EDGE_LOOP('',(#7849,#7850,#7851,#7852));
#7849 = ORIENTED_EDGE('',*,*,#6813,.F.);
#7850 = ORIENTED_EDGE('',*,*,#6837,.F.);
#7851 = ORIENTED_EDGE('',*,*,#6929,.T.);
#7852 = ORIENTED_EDGE('',*,*,#7853,.T.);
#7853 = EDGE_CURVE('',#6930,#6814,#7854,.T.);
#7854 = LINE('',#7855,#7856);
#7855 = CARTESIAN_POINT('',(294.,0.,0.));
#7856 = VECTOR('',#7857,1.);
#7857 = DIRECTION('',(0.,0.,1.));
#7858 = PLANE('',#7859);
#7859 = AXIS2_PLACEMENT_3D('',#7860,#7861,#7862);
#7860 = CARTESIAN_POINT('',(294.,-11.97,0.));
#7861 = DIRECTION('',(1.,0.,0.));
#7862 = DIRECTION('',(0.,0.,1.));
#7863 = ADVANCED_FACE('',(#7864),#7882,.F.);
#7864 = FACE_BOUND('',#7865,.F.);
#7865 = EDGE_LOOP('',(#7866,#7874,#7875,#7876));
#7866 = ORIENTED_EDGE('',*,*,#7867,.F.);
#7867 = EDGE_CURVE('',#7656,#7868,#7870,.T.);
#7868 = VERTEX_POINT('',#7869);
#7869 = CARTESIAN_POINT('',(224.7,22.05,0.));
#7870 = LINE('',#7871,#7872);
#7871 = CARTESIAN_POINT('',(221.7,22.05,0.));
#7872 = VECTOR('',#7873,1.);
#7873 = DIRECTION('',(1.,0.,0.));
#7874 = ORIENTED_EDGE('',*,*,#7665,.F.);
#7875 = ORIENTED_EDGE('',*,*,#6889,.T.);
#7876 = ORIENTED_EDGE('',*,*,#7877,.T.);
#7877 = EDGE_CURVE('',#6882,#7868,#7878,.T.);
#7878 = LINE('',#7879,#7880);
#7879 = CARTESIAN_POINT('',(224.7,-19.05,0.));
#7880 = VECTOR('',#7881,1.);
#7881 = DIRECTION('',(0.,1.,0.));
#7882 = PLANE('',#7883);
#7883 = AXIS2_PLACEMENT_3D('',#7884,#7885,#7886);
#7884 = CARTESIAN_POINT('',(0.,19.05,0.));
#7885 = DIRECTION('',(0.,0.,1.));
#7886 = DIRECTION('',(1.,0.,0.));
#7887 = ADVANCED_FACE('',(#7888),#7906,.F.);
#7888 = FACE_BOUND('',#7889,.F.);
#7889 = EDGE_LOOP('',(#7890,#7891,#7892,#7900));
#7890 = ORIENTED_EDGE('',*,*,#6913,.F.);
#7891 = ORIENTED_EDGE('',*,*,#7773,.T.);
#7892 = ORIENTED_EDGE('',*,*,#7893,.T.);
#7893 = EDGE_CURVE('',#7774,#7894,#7896,.T.);
#7894 = VERTEX_POINT('',#7895);
#7895 = CARTESIAN_POINT('',(281.85,3.,0.));
#7896 = LINE('',#7897,#7898);
#7897 = CARTESIAN_POINT('',(281.85,0.,0.));
#7898 = VECTOR('',#7899,1.);
#7899 = DIRECTION('',(0.,1.,0.));
#7900 = ORIENTED_EDGE('',*,*,#7901,.F.);
#7901 = EDGE_CURVE('',#6904,#7894,#7902,.T.);
#7902 = LINE('',#7903,#7904);
#7903 = CARTESIAN_POINT('',(221.7,3.,0.));
#7904 = VECTOR('',#7905,1.);
#7905 = DIRECTION('',(1.,0.,0.));
#7906 = PLANE('',#7907);
#7907 = AXIS2_PLACEMENT_3D('',#7908,#7909,#7910);
#7908 = CARTESIAN_POINT('',(278.85,0.,0.));
#7909 = DIRECTION('',(0.,0.,1.));
#7910 = DIRECTION('',(1.,0.,0.));
#7911 = ADVANCED_FACE('',(#7912),#7937,.F.);
#7912 = FACE_BOUND('',#7913,.F.);
#7913 = EDGE_LOOP('',(#7914,#7922,#7923,#7931));
#7914 = ORIENTED_EDGE('',*,*,#7915,.F.);
#7915 = EDGE_CURVE('',#6790,#7916,#7918,.T.);
#7916 = VERTEX_POINT('',#7917);
#7917 = CARTESIAN_POINT('',(291.,3.,0.));
#7918 = LINE('',#7919,#7920);
#7919 = CARTESIAN_POINT('',(291.,0.,0.));
#7920 = VECTOR('',#7921,1.);
#7921 = DIRECTION('',(0.,1.,0.));
#7922 = ORIENTED_EDGE('',*,*,#6937,.T.);
#7923 = ORIENTED_EDGE('',*,*,#7924,.T.);
#7924 = EDGE_CURVE('',#6930,#7925,#7927,.T.);
#7925 = VERTEX_POINT('',#7926);
#7926 = CARTESIAN_POINT('',(294.,3.,0.));
#7927 = LINE('',#7928,#7929);
#7928 = CARTESIAN_POINT('',(294.,0.,0.));
#7929 = VECTOR('',#7930,1.);
#7930 = DIRECTION('',(0.,1.,0.));
#7931 = ORIENTED_EDGE('',*,*,#7932,.F.);
#7932 = EDGE_CURVE('',#7916,#7925,#7933,.T.);
#7933 = LINE('',#7934,#7935);
#7934 = CARTESIAN_POINT('',(221.7,3.,0.));
#7935 = VECTOR('',#7936,1.);
#7936 = DIRECTION('',(1.,0.,0.));
#7937 = PLANE('',#7938);
#7938 = AXIS2_PLACEMENT_3D('',#7939,#7940,#7941);
#7939 = CARTESIAN_POINT('',(291.,0.,0.));
#7940 = DIRECTION('',(0.,0.,1.));
#7941 = DIRECTION('',(1.,0.,0.));
#7942 = ADVANCED_FACE('',(#7943),#7949,.T.);
#7943 = FACE_BOUND('',#7944,.F.);
#7944 = EDGE_LOOP('',(#7945,#7946,#7947,#7948));
#7945 = ORIENTED_EDGE('',*,*,#7524,.F.);
#7946 = ORIENTED_EDGE('',*,*,#7045,.T.);
#7947 = ORIENTED_EDGE('',*,*,#7023,.T.);
#7948 = ORIENTED_EDGE('',*,*,#7454,.T.);
#7949 = CYLINDRICAL_SURFACE('',#7950,3.);
#7950 = AXIS2_PLACEMENT_3D('',#7951,#7952,#7953);
#7951 = CARTESIAN_POINT('',(27.94,68.18,0.));
#7952 = DIRECTION('',(-0.,-0.,-1.));
#7953 = DIRECTION('',(1.,0.,0.));
#7954 = ADVANCED_FACE('',(#7955),#7971,.T.);
#7955 = FACE_BOUND('',#7956,.T.);
#7956 = EDGE_LOOP('',(#7957,#7958,#7964,#7965));
#7957 = ORIENTED_EDGE('',*,*,#7099,.F.);
#7958 = ORIENTED_EDGE('',*,*,#7959,.T.);
#7959 = EDGE_CURVE('',#6088,#6623,#7960,.T.);
#7960 = LINE('',#7961,#7962);
#7961 = CARTESIAN_POINT('',(86.59,60.15,0.));
#7962 = VECTOR('',#7963,1.);
#7963 = DIRECTION('',(0.,0.,-1.));
#7964 = ORIENTED_EDGE('',*,*,#7543,.T.);
#7965 = ORIENTED_EDGE('',*,*,#7966,.T.);
#7966 = EDGE_CURVE('',#7415,#7100,#7967,.T.);
#7967 = LINE('',#7968,#7969);
#7968 = CARTESIAN_POINT('',(86.59,76.2,0.));
#7969 = VECTOR('',#7970,1.);
#7970 = DIRECTION('',(0.,0.,1.));
#7971 = PLANE('',#7972);
#7972 = AXIS2_PLACEMENT_3D('',#7973,#7974,#7975);
#7973 = CARTESIAN_POINT('',(86.59,57.15,0.));
#7974 = DIRECTION('',(1.,0.,0.));
#7975 = DIRECTION('',(0.,0.,1.));
#7976 = ADVANCED_FACE('',(#7977),#7988,.T.);
#7977 = FACE_BOUND('',#7978,.T.);
#7978 = EDGE_LOOP('',(#7979,#7980,#7981,#7982));
#7979 = ORIENTED_EDGE('',*,*,#7558,.F.);
#7980 = ORIENTED_EDGE('',*,*,#7959,.F.);
#7981 = ORIENTED_EDGE('',*,*,#7121,.T.);
#7982 = ORIENTED_EDGE('',*,*,#7983,.T.);
#7983 = EDGE_CURVE('',#7122,#7559,#7984,.T.);
#7984 = LINE('',#7985,#7986);
#7985 = CARTESIAN_POINT('',(140.74,60.15,0.));
#7986 = VECTOR('',#7987,1.);
#7987 = DIRECTION('',(0.,0.,-1.));
#7988 = PLANE('',#7989);
#7989 = AXIS2_PLACEMENT_3D('',#7990,#7991,#7992);
#7990 = CARTESIAN_POINT('',(0.,60.15,0.));
#7991 = DIRECTION('',(0.,1.,0.));
#7992 = DIRECTION('',(0.,0.,1.));
#7993 = ADVANCED_FACE('',(#7994),#8019,.T.);
#7994 = FACE_BOUND('',#7995,.T.);
#7995 = EDGE_LOOP('',(#7996,#8004,#8005,#8013));
#7996 = ORIENTED_EDGE('',*,*,#7997,.F.);
#7997 = EDGE_CURVE('',#7122,#7998,#8000,.T.);
#7998 = VERTEX_POINT('',#7999);
#7999 = CARTESIAN_POINT('',(143.74,60.15,3.));
#8000 = LINE('',#8001,#8002);
#8001 = CARTESIAN_POINT('',(0.,60.15,3.));
#8002 = VECTOR('',#8003,1.);
#8003 = DIRECTION('',(1.,0.,0.));
#8004 = ORIENTED_EDGE('',*,*,#7138,.F.);
#8005 = ORIENTED_EDGE('',*,*,#8006,.T.);
#8006 = EDGE_CURVE('',#7131,#8007,#8009,.T.);
#8007 = VERTEX_POINT('',#8008);
#8008 = CARTESIAN_POINT('',(143.74,57.15,3.));
#8009 = LINE('',#8010,#8011);
#8010 = CARTESIAN_POINT('',(140.74,57.15,3.));
#8011 = VECTOR('',#8012,1.);
#8012 = DIRECTION('',(1.,0.,0.));
#8013 = ORIENTED_EDGE('',*,*,#8014,.T.);
#8014 = EDGE_CURVE('',#8007,#7998,#8015,.T.);
#8015 = LINE('',#8016,#8017);
#8016 = CARTESIAN_POINT('',(143.74,57.15,3.));
#8017 = VECTOR('',#8018,1.);
#8018 = DIRECTION('',(0.,1.,0.));
#8019 = PLANE('',#8020);
#8020 = AXIS2_PLACEMENT_3D('',#8021,#8022,#8023);
#8021 = CARTESIAN_POINT('',(0.,57.15,3.));
#8022 = DIRECTION('',(0.,0.,1.));
#8023 = DIRECTION('',(1.,0.,0.));
#8024 = ADVANCED_FACE('',(#8025),#8043,.F.);
#8025 = FACE_BOUND('',#8026,.F.);
#8026 = EDGE_LOOP('',(#8027,#8035,#8036,#8037));
#8027 = ORIENTED_EDGE('',*,*,#8028,.F.);
#8028 = EDGE_CURVE('',#7153,#8029,#8031,.T.);
#8029 = VERTEX_POINT('',#8030);
#8030 = CARTESIAN_POINT('',(143.74,57.15,0.));
#8031 = LINE('',#8032,#8033);
#8032 = CARTESIAN_POINT('',(140.74,57.15,0.));
#8033 = VECTOR('',#8034,1.);
#8034 = DIRECTION('',(1.,0.,0.));
#8035 = ORIENTED_EDGE('',*,*,#7162,.T.);
#8036 = ORIENTED_EDGE('',*,*,#8006,.T.);
#8037 = ORIENTED_EDGE('',*,*,#8038,.F.);
#8038 = EDGE_CURVE('',#8029,#8007,#8039,.T.);
#8039 = LINE('',#8040,#8041);
#8040 = CARTESIAN_POINT('',(143.74,57.15,0.));
#8041 = VECTOR('',#8042,1.);
#8042 = DIRECTION('',(0.,0.,1.));
#8043 = PLANE('',#8044);
#8044 = AXIS2_PLACEMENT_3D('',#8045,#8046,#8047);
#8045 = CARTESIAN_POINT('',(140.74,57.15,0.));
#8046 = DIRECTION('',(0.,1.,0.));
#8047 = DIRECTION('',(0.,0.,1.));
#8048 = ADVANCED_FACE('',(#8049),#8076,.T.);
#8049 = FACE_BOUND('',#8050,.F.);
#8050 = EDGE_LOOP('',(#8051,#8060,#8068,#8075));
#8051 = ORIENTED_EDGE('',*,*,#8052,.F.);
#8052 = EDGE_CURVE('',#8053,#7186,#8055,.T.);
#8053 = VERTEX_POINT('',#8054);
#8054 = CARTESIAN_POINT('',(150.26,51.728076211353,0.));
#8055 = CIRCLE('',#8056,3.);
#8056 = AXIS2_PLACEMENT_3D('',#8057,#8058,#8059);
#8057 = CARTESIAN_POINT('',(151.76,49.13,0.));
#8058 = DIRECTION('',(0.,0.,1.));
#8059 = DIRECTION('',(1.,0.,0.));
#8060 = ORIENTED_EDGE('',*,*,#8061,.F.);
#8061 = EDGE_CURVE('',#8062,#8053,#8064,.T.);
#8062 = VERTEX_POINT('',#8063);
#8063 = CARTESIAN_POINT('',(150.26,51.728076211353,3.));
#8064 = LINE('',#8065,#8066);
#8065 = CARTESIAN_POINT('',(150.26,51.728076211353,0.));
#8066 = VECTOR('',#8067,1.);
#8067 = DIRECTION('',(-0.,-0.,-1.));
#8068 = ORIENTED_EDGE('',*,*,#8069,.T.);
#8069 = EDGE_CURVE('',#8062,#7177,#8070,.T.);
#8070 = CIRCLE('',#8071,3.);
#8071 = AXIS2_PLACEMENT_3D('',#8072,#8073,#8074);
#8072 = CARTESIAN_POINT('',(151.76,49.13,3.));
#8073 = DIRECTION('',(0.,0.,1.));
#8074 = DIRECTION('',(1.,0.,0.));
#8075 = ORIENTED_EDGE('',*,*,#7193,.T.);
#8076 = CYLINDRICAL_SURFACE('',#8077,3.);
#8077 = AXIS2_PLACEMENT_3D('',#8078,#8079,#8080);
#8078 = CARTESIAN_POINT('',(151.76,49.13,0.));
#8079 = DIRECTION('',(-0.,-0.,-1.));
#8080 = DIRECTION('',(1.,0.,0.));
#8081 = ADVANCED_FACE('',(#8082),#8108,.T.);
#8082 = FACE_BOUND('',#8083,.T.);
#8083 = EDGE_LOOP('',(#8084,#8085,#8093,#8102));
#8084 = ORIENTED_EDGE('',*,*,#7217,.T.);
#8085 = ORIENTED_EDGE('',*,*,#8086,.T.);
#8086 = EDGE_CURVE('',#7210,#8087,#8089,.T.);
#8087 = VERTEX_POINT('',#8088);
#8088 = CARTESIAN_POINT('',(153.26,49.13,3.));
#8089 = LINE('',#8090,#8091);
#8090 = CARTESIAN_POINT('',(153.26,38.1,3.));
#8091 = VECTOR('',#8092,1.);
#8092 = DIRECTION('',(0.,1.,0.));
#8093 = ORIENTED_EDGE('',*,*,#8094,.F.);
#8094 = EDGE_CURVE('',#8095,#8087,#8097,.T.);
#8095 = VERTEX_POINT('',#8096);
#8096 = CARTESIAN_POINT('',(150.26,49.13,3.));
#8097 = CIRCLE('',#8098,1.5);
#8098 = AXIS2_PLACEMENT_3D('',#8099,#8100,#8101);
#8099 = CARTESIAN_POINT('',(151.76,49.13,3.));
#8100 = DIRECTION('',(0.,0.,1.));
#8101 = DIRECTION('',(1.,0.,0.));
#8102 = ORIENTED_EDGE('',*,*,#8103,.F.);
#8103 = EDGE_CURVE('',#7177,#8095,#8104,.T.);
#8104 = LINE('',#8105,#8106);
#8105 = CARTESIAN_POINT('',(150.26,38.1,3.));
#8106 = VECTOR('',#8107,1.);
#8107 = DIRECTION('',(0.,1.,0.));
#8108 = PLANE('',#8109);
#8109 = AXIS2_PLACEMENT_3D('',#8110,#8111,#8112);
#8110 = CARTESIAN_POINT('',(151.76,49.13,3.));
#8111 = DIRECTION('',(0.,0.,1.));
#8112 = DIRECTION('',(1.,0.,0.));
#8113 = ADVANCED_FACE('',(#8114),#8130,.T.);
#8114 = FACE_BOUND('',#8115,.T.);
#8115 = EDGE_LOOP('',(#8116,#8117,#8123,#8124));
#8116 = ORIENTED_EDGE('',*,*,#7209,.F.);
#8117 = ORIENTED_EDGE('',*,*,#8118,.F.);
#8118 = EDGE_CURVE('',#6649,#6169,#8119,.T.);
#8119 = LINE('',#8120,#8121);
#8120 = CARTESIAN_POINT('',(153.26,41.1,0.));
#8121 = VECTOR('',#8122,1.);
#8122 = DIRECTION('',(0.,0.,1.));
#8123 = ORIENTED_EDGE('',*,*,#7584,.T.);
#8124 = ORIENTED_EDGE('',*,*,#8125,.F.);
#8125 = EDGE_CURVE('',#7210,#7585,#8126,.T.);
#8126 = LINE('',#8127,#8128);
#8127 = CARTESIAN_POINT('',(153.26,46.531923788647,0.));
#8128 = VECTOR('',#8129,1.);
#8129 = DIRECTION('',(-0.,-0.,-1.));
#8130 = PLANE('',#8131);
#8131 = AXIS2_PLACEMENT_3D('',#8132,#8133,#8134);
#8132 = CARTESIAN_POINT('',(153.26,38.1,0.));
#8133 = DIRECTION('',(1.,0.,0.));
#8134 = DIRECTION('',(0.,0.,1.));
#8135 = ADVANCED_FACE('',(#8136),#8147,.T.);
#8136 = FACE_BOUND('',#8137,.T.);
#8137 = EDGE_LOOP('',(#8138,#8139,#8140,#8141));
#8138 = ORIENTED_EDGE('',*,*,#7607,.F.);
#8139 = ORIENTED_EDGE('',*,*,#8118,.T.);
#8140 = ORIENTED_EDGE('',*,*,#7232,.T.);
#8141 = ORIENTED_EDGE('',*,*,#8142,.F.);
#8142 = EDGE_CURVE('',#7608,#7233,#8143,.T.);
#8143 = LINE('',#8144,#8145);
#8144 = CARTESIAN_POINT('',(193.13,41.1,0.));
#8145 = VECTOR('',#8146,1.);
#8146 = DIRECTION('',(0.,0.,1.));
#8147 = PLANE('',#8148);
#8148 = AXIS2_PLACEMENT_3D('',#8149,#8150,#8151);
#8149 = CARTESIAN_POINT('',(0.,41.1,0.));
#8150 = DIRECTION('',(0.,1.,0.));
#8151 = DIRECTION('',(0.,0.,1.));
#8152 = ADVANCED_FACE('',(#8153),#8171,.T.);
#8153 = FACE_BOUND('',#8154,.T.);
#8154 = EDGE_LOOP('',(#8155,#8156,#8157,#8165));
#8155 = ORIENTED_EDGE('',*,*,#7249,.F.);
#8156 = ORIENTED_EDGE('',*,*,#7319,.T.);
#8157 = ORIENTED_EDGE('',*,*,#8158,.T.);
#8158 = EDGE_CURVE('',#7312,#8159,#8161,.T.);
#8159 = VERTEX_POINT('',#8160);
#8160 = CARTESIAN_POINT('',(196.13,41.1,3.));
#8161 = LINE('',#8162,#8163);
#8162 = CARTESIAN_POINT('',(196.13,19.05,3.));
#8163 = VECTOR('',#8164,1.);
#8164 = DIRECTION('',(0.,1.,0.));
#8165 = ORIENTED_EDGE('',*,*,#8166,.F.);
#8166 = EDGE_CURVE('',#7233,#8159,#8167,.T.);
#8167 = LINE('',#8168,#8169);
#8168 = CARTESIAN_POINT('',(193.13,41.1,3.));
#8169 = VECTOR('',#8170,1.);
#8170 = DIRECTION('',(1.,0.,0.));
#8171 = PLANE('',#8172);
#8172 = AXIS2_PLACEMENT_3D('',#8173,#8174,#8175);
#8173 = CARTESIAN_POINT('',(193.13,19.05,3.));
#8174 = DIRECTION('',(0.,0.,1.));
#8175 = DIRECTION('',(1.,0.,0.));
#8176 = ADVANCED_FACE('',(#8177),#8193,.T.);
#8177 = FACE_BOUND('',#8178,.T.);
#8178 = EDGE_LOOP('',(#8179,#8180,#8186,#8187));
#8179 = ORIENTED_EDGE('',*,*,#7311,.F.);
#8180 = ORIENTED_EDGE('',*,*,#8181,.F.);
#8181 = EDGE_CURVE('',#6680,#6275,#8182,.T.);
#8182 = LINE('',#8183,#8184);
#8183 = CARTESIAN_POINT('',(196.13,22.05,0.));
#8184 = VECTOR('',#8185,1.);
#8185 = DIRECTION('',(0.,0.,1.));
#8186 = ORIENTED_EDGE('',*,*,#7633,.T.);
#8187 = ORIENTED_EDGE('',*,*,#8188,.T.);
#8188 = EDGE_CURVE('',#7634,#7312,#8189,.T.);
#8189 = LINE('',#8190,#8191);
#8190 = CARTESIAN_POINT('',(196.13,38.1,0.));
#8191 = VECTOR('',#8192,1.);
#8192 = DIRECTION('',(0.,0.,1.));
#8193 = PLANE('',#8194);
#8194 = AXIS2_PLACEMENT_3D('',#8195,#8196,#8197);
#8195 = CARTESIAN_POINT('',(196.13,19.05,0.));
#8196 = DIRECTION('',(1.,0.,0.));
#8197 = DIRECTION('',(0.,0.,1.));
#8198 = ADVANCED_FACE('',(#8199),#8210,.T.);
#8199 = FACE_BOUND('',#8200,.T.);
#8200 = EDGE_LOOP('',(#8201,#8202,#8203,#8204));
#8201 = ORIENTED_EDGE('',*,*,#7655,.F.);
#8202 = ORIENTED_EDGE('',*,*,#8181,.T.);
#8203 = ORIENTED_EDGE('',*,*,#7333,.T.);
#8204 = ORIENTED_EDGE('',*,*,#8205,.F.);
#8205 = EDGE_CURVE('',#7656,#7334,#8206,.T.);
#8206 = LINE('',#8207,#8208);
#8207 = CARTESIAN_POINT('',(221.7,22.05,0.));
#8208 = VECTOR('',#8209,1.);
#8209 = DIRECTION('',(0.,0.,1.));
#8210 = PLANE('',#8211);
#8211 = AXIS2_PLACEMENT_3D('',#8212,#8213,#8214);
#8212 = CARTESIAN_POINT('',(0.,22.05,0.));
#8213 = DIRECTION('',(0.,1.,0.));
#8214 = DIRECTION('',(0.,0.,1.));
#8215 = ADVANCED_FACE('',(#8216),#8227,.T.);
#8216 = FACE_BOUND('',#8217,.T.);
#8217 = EDGE_LOOP('',(#8218,#8219,#8220,#8221));
#8218 = ORIENTED_EDGE('',*,*,#7405,.F.);
#8219 = ORIENTED_EDGE('',*,*,#7391,.T.);
#8220 = ORIENTED_EDGE('',*,*,#7487,.T.);
#8221 = ORIENTED_EDGE('',*,*,#8222,.F.);
#8222 = EDGE_CURVE('',#7406,#7488,#8223,.T.);
#8223 = LINE('',#8224,#8225);
#8224 = CARTESIAN_POINT('',(86.59,79.2,0.));
#8225 = VECTOR('',#8226,1.);
#8226 = DIRECTION('',(0.,0.,1.));
#8227 = PLANE('',#8228);
#8228 = AXIS2_PLACEMENT_3D('',#8229,#8230,#8231);
#8229 = CARTESIAN_POINT('',(0.,79.2,0.));
#8230 = DIRECTION('',(0.,1.,0.));
#8231 = DIRECTION('',(0.,0.,1.));
#8232 = ADVANCED_FACE('',(#8233),#8239,.T.);
#8233 = FACE_BOUND('',#8234,.T.);
#8234 = EDGE_LOOP('',(#8235,#8236,#8237,#8238));
#8235 = ORIENTED_EDGE('',*,*,#7966,.F.);
#8236 = ORIENTED_EDGE('',*,*,#7422,.T.);
#8237 = ORIENTED_EDGE('',*,*,#8222,.T.);
#8238 = ORIENTED_EDGE('',*,*,#7497,.F.);
#8239 = PLANE('',#8240);
#8240 = AXIS2_PLACEMENT_3D('',#8241,#8242,#8243);
#8241 = CARTESIAN_POINT('',(86.59,76.2,0.));
#8242 = DIRECTION('',(1.,0.,0.));
#8243 = DIRECTION('',(0.,0.,1.));
#8244 = ADVANCED_FACE('',(#8245),#8263,.F.);
#8245 = FACE_BOUND('',#8246,.F.);
#8246 = EDGE_LOOP('',(#8247,#8255,#8256,#8257));
#8247 = ORIENTED_EDGE('',*,*,#8248,.F.);
#8248 = EDGE_CURVE('',#7559,#8249,#8251,.T.);
#8249 = VERTEX_POINT('',#8250);
#8250 = CARTESIAN_POINT('',(143.74,60.15,0.));
#8251 = LINE('',#8252,#8253);
#8252 = CARTESIAN_POINT('',(0.,60.15,0.));
#8253 = VECTOR('',#8254,1.);
#8254 = DIRECTION('',(1.,0.,0.));
#8255 = ORIENTED_EDGE('',*,*,#7568,.F.);
#8256 = ORIENTED_EDGE('',*,*,#8028,.T.);
#8257 = ORIENTED_EDGE('',*,*,#8258,.T.);
#8258 = EDGE_CURVE('',#8029,#8249,#8259,.T.);
#8259 = LINE('',#8260,#8261);
#8260 = CARTESIAN_POINT('',(143.74,57.15,0.));
#8261 = VECTOR('',#8262,1.);
#8262 = DIRECTION('',(0.,1.,0.));
#8263 = PLANE('',#8264);
#8264 = AXIS2_PLACEMENT_3D('',#8265,#8266,#8267);
#8265 = CARTESIAN_POINT('',(0.,57.15,0.));
#8266 = DIRECTION('',(0.,0.,1.));
#8267 = DIRECTION('',(1.,0.,0.));
#8268 = ADVANCED_FACE('',(#8269),#8295,.F.);
#8269 = FACE_BOUND('',#8270,.F.);
#8270 = EDGE_LOOP('',(#8271,#8272,#8280,#8289));
#8271 = ORIENTED_EDGE('',*,*,#7592,.T.);
#8272 = ORIENTED_EDGE('',*,*,#8273,.T.);
#8273 = EDGE_CURVE('',#7585,#8274,#8276,.T.);
#8274 = VERTEX_POINT('',#8275);
#8275 = CARTESIAN_POINT('',(153.26,49.13,0.));
#8276 = LINE('',#8277,#8278);
#8277 = CARTESIAN_POINT('',(153.26,38.1,0.));
#8278 = VECTOR('',#8279,1.);
#8279 = DIRECTION('',(0.,1.,0.));
#8280 = ORIENTED_EDGE('',*,*,#8281,.F.);
#8281 = EDGE_CURVE('',#8282,#8274,#8284,.T.);
#8282 = VERTEX_POINT('',#8283);
#8283 = CARTESIAN_POINT('',(150.26,49.13,0.));
#8284 = CIRCLE('',#8285,1.5);
#8285 = AXIS2_PLACEMENT_3D('',#8286,#8287,#8288);
#8286 = CARTESIAN_POINT('',(151.76,49.13,0.));
#8287 = DIRECTION('',(0.,0.,1.));
#8288 = DIRECTION('',(1.,0.,0.));
#8289 = ORIENTED_EDGE('',*,*,#8290,.F.);
#8290 = EDGE_CURVE('',#7186,#8282,#8291,.T.);
#8291 = LINE('',#8292,#8293);
#8292 = CARTESIAN_POINT('',(150.26,38.1,0.));
#8293 = VECTOR('',#8294,1.);
#8294 = DIRECTION('',(0.,1.,0.));
#8295 = PLANE('',#8296);
#8296 = AXIS2_PLACEMENT_3D('',#8297,#8298,#8299);
#8297 = CARTESIAN_POINT('',(151.76,49.13,0.));
#8298 = DIRECTION('',(0.,0.,1.));
#8299 = DIRECTION('',(1.,0.,0.));
#8300 = ADVANCED_FACE('',(#8301),#8319,.F.);
#8301 = FACE_BOUND('',#8302,.F.);
#8302 = EDGE_LOOP('',(#8303,#8304,#8305,#8313));
#8303 = ORIENTED_EDGE('',*,*,#7617,.F.);
#8304 = ORIENTED_EDGE('',*,*,#7641,.T.);
#8305 = ORIENTED_EDGE('',*,*,#8306,.T.);
#8306 = EDGE_CURVE('',#7634,#8307,#8309,.T.);
#8307 = VERTEX_POINT('',#8308);
#8308 = CARTESIAN_POINT('',(196.13,41.1,0.));
#8309 = LINE('',#8310,#8311);
#8310 = CARTESIAN_POINT('',(196.13,19.05,0.));
#8311 = VECTOR('',#8312,1.);
#8312 = DIRECTION('',(0.,1.,0.));
#8313 = ORIENTED_EDGE('',*,*,#8314,.F.);
#8314 = EDGE_CURVE('',#7608,#8307,#8315,.T.);
#8315 = LINE('',#8316,#8317);
#8316 = CARTESIAN_POINT('',(193.13,41.1,0.));
#8317 = VECTOR('',#8318,1.);
#8318 = DIRECTION('',(1.,0.,0.));
#8319 = PLANE('',#8320);
#8320 = AXIS2_PLACEMENT_3D('',#8321,#8322,#8323);
#8321 = CARTESIAN_POINT('',(193.13,19.05,0.));
#8322 = DIRECTION('',(0.,0.,1.));
#8323 = DIRECTION('',(1.,0.,0.));
#8324 = ADVANCED_FACE('',(#8325),#8336,.T.);
#8325 = FACE_BOUND('',#8326,.T.);
#8326 = EDGE_LOOP('',(#8327,#8328,#8329,#8330));
#8327 = ORIENTED_EDGE('',*,*,#7867,.F.);
#8328 = ORIENTED_EDGE('',*,*,#8205,.T.);
#8329 = ORIENTED_EDGE('',*,*,#7679,.T.);
#8330 = ORIENTED_EDGE('',*,*,#8331,.F.);
#8331 = EDGE_CURVE('',#7868,#7680,#8332,.T.);
#8332 = LINE('',#8333,#8334);
#8333 = CARTESIAN_POINT('',(224.7,22.05,0.));
#8334 = VECTOR('',#8335,1.);
#8335 = DIRECTION('',(0.,0.,1.));
#8336 = PLANE('',#8337);
#8337 = AXIS2_PLACEMENT_3D('',#8338,#8339,#8340);
#8338 = CARTESIAN_POINT('',(221.7,22.05,0.));
#8339 = DIRECTION('',(0.,1.,0.));
#8340 = DIRECTION('',(0.,0.,1.));
#8341 = ADVANCED_FACE('',(#8342),#8367,.T.);
#8342 = FACE_BOUND('',#8343,.T.);
#8343 = EDGE_LOOP('',(#8344,#8352,#8353,#8361));
#8344 = ORIENTED_EDGE('',*,*,#8345,.F.);
#8345 = EDGE_CURVE('',#7680,#8346,#8348,.T.);
#8346 = VERTEX_POINT('',#8347);
#8347 = CARTESIAN_POINT('',(278.85,22.05,3.));
#8348 = LINE('',#8349,#8350);
#8349 = CARTESIAN_POINT('',(0.,22.05,3.));
#8350 = VECTOR('',#8351,1.);
#8351 = DIRECTION('',(1.,0.,0.));
#8352 = ORIENTED_EDGE('',*,*,#7689,.F.);
#8353 = ORIENTED_EDGE('',*,*,#8354,.T.);
#8354 = EDGE_CURVE('',#6704,#8355,#8357,.T.);
#8355 = VERTEX_POINT('',#8356);
#8356 = CARTESIAN_POINT('',(278.85,19.05,3.));
#8357 = LINE('',#8358,#8359);
#8358 = CARTESIAN_POINT('',(0.,19.05,3.));
#8359 = VECTOR('',#8360,1.);
#8360 = DIRECTION('',(1.,0.,0.));
#8361 = ORIENTED_EDGE('',*,*,#8362,.T.);
#8362 = EDGE_CURVE('',#8355,#8346,#8363,.T.);
#8363 = LINE('',#8364,#8365);
#8364 = CARTESIAN_POINT('',(278.85,0.,3.));
#8365 = VECTOR('',#8366,1.);
#8366 = DIRECTION('',(0.,1.,0.));
#8367 = PLANE('',#8368);
#8368 = AXIS2_PLACEMENT_3D('',#8369,#8370,#8371);
#8369 = CARTESIAN_POINT('',(0.,19.05,3.));
#8370 = DIRECTION('',(0.,0.,1.));
#8371 = DIRECTION('',(1.,0.,0.));
#8372 = ADVANCED_FACE('',(#8373),#8391,.F.);
#8373 = FACE_BOUND('',#8374,.F.);
#8374 = EDGE_LOOP('',(#8375,#8383,#8384,#8385));
#8375 = ORIENTED_EDGE('',*,*,#8376,.F.);
#8376 = EDGE_CURVE('',#6882,#8377,#8379,.T.);
#8377 = VERTEX_POINT('',#8378);
#8378 = CARTESIAN_POINT('',(278.85,19.05,0.));
#8379 = LINE('',#8380,#8381);
#8380 = CARTESIAN_POINT('',(0.,19.05,0.));
#8381 = VECTOR('',#8382,1.);
#8382 = DIRECTION('',(1.,0.,0.));
#8383 = ORIENTED_EDGE('',*,*,#7711,.F.);
#8384 = ORIENTED_EDGE('',*,*,#8354,.T.);
#8385 = ORIENTED_EDGE('',*,*,#8386,.F.);
#8386 = EDGE_CURVE('',#8377,#8355,#8387,.T.);
#8387 = LINE('',#8388,#8389);
#8388 = CARTESIAN_POINT('',(278.85,19.05,0.));
#8389 = VECTOR('',#8390,1.);
#8390 = DIRECTION('',(0.,0.,1.));
#8391 = PLANE('',#8392);
#8392 = AXIS2_PLACEMENT_3D('',#8393,#8394,#8395);
#8393 = CARTESIAN_POINT('',(0.,19.05,0.));
#8394 = DIRECTION('',(0.,1.,0.));
#8395 = DIRECTION('',(0.,0.,1.));
#8396 = ADVANCED_FACE('',(#8397),#8422,.F.);
#8397 = FACE_BOUND('',#8398,.F.);
#8398 = EDGE_LOOP('',(#8399,#8407,#8408,#8416));
#8399 = ORIENTED_EDGE('',*,*,#8400,.F.);
#8400 = EDGE_CURVE('',#6726,#8401,#8403,.T.);
#8401 = VERTEX_POINT('',#8402);
#8402 = CARTESIAN_POINT('',(278.85,8.431923788647,3.));
#8403 = LINE('',#8404,#8405);
#8404 = CARTESIAN_POINT('',(278.85,0.,3.));
#8405 = VECTOR('',#8406,1.);
#8406 = DIRECTION('',(0.,1.,0.));
#8407 = ORIENTED_EDGE('',*,*,#7725,.F.);
#8408 = ORIENTED_EDGE('',*,*,#8409,.T.);
#8409 = EDGE_CURVE('',#6904,#8410,#8412,.T.);
#8410 = VERTEX_POINT('',#8411);
#8411 = CARTESIAN_POINT('',(278.85,8.431923788647,0.));
#8412 = LINE('',#8413,#8414);
#8413 = CARTESIAN_POINT('',(278.85,0.,0.));
#8414 = VECTOR('',#8415,1.);
#8415 = DIRECTION('',(0.,1.,0.));
#8416 = ORIENTED_EDGE('',*,*,#8417,.F.);
#8417 = EDGE_CURVE('',#8401,#8410,#8418,.T.);
#8418 = LINE('',#8419,#8420);
#8419 = CARTESIAN_POINT('',(278.85,8.431923788647,0.));
#8420 = VECTOR('',#8421,1.);
#8421 = DIRECTION('',(-0.,-0.,-1.));
#8422 = PLANE('',#8423);
#8423 = AXIS2_PLACEMENT_3D('',#8424,#8425,#8426);
#8424 = CARTESIAN_POINT('',(278.85,0.,0.));
#8425 = DIRECTION('',(1.,0.,0.));
#8426 = DIRECTION('',(0.,0.,1.));
#8427 = ADVANCED_FACE('',(#8428),#8447,.T.);
#8428 = FACE_BOUND('',#8429,.T.);
#8429 = EDGE_LOOP('',(#8430,#8431,#8432,#8440));
#8430 = ORIENTED_EDGE('',*,*,#8400,.F.);
#8431 = ORIENTED_EDGE('',*,*,#7759,.T.);
#8432 = ORIENTED_EDGE('',*,*,#8433,.T.);
#8433 = EDGE_CURVE('',#7752,#8434,#8436,.T.);
#8434 = VERTEX_POINT('',#8435);
#8435 = CARTESIAN_POINT('',(281.85,8.431923788647,3.));
#8436 = LINE('',#8437,#8438);
#8437 = CARTESIAN_POINT('',(281.85,0.,3.));
#8438 = VECTOR('',#8439,1.);
#8439 = DIRECTION('',(0.,1.,0.));
#8440 = ORIENTED_EDGE('',*,*,#8441,.F.);
#8441 = EDGE_CURVE('',#8401,#8434,#8442,.T.);
#8442 = CIRCLE('',#8443,3.);
#8443 = AXIS2_PLACEMENT_3D('',#8444,#8445,#8446);
#8444 = CARTESIAN_POINT('',(280.35,11.03,3.));
#8445 = DIRECTION('',(0.,0.,1.));
#8446 = DIRECTION('',(1.,0.,0.));
#8447 = PLANE('',#8448);
#8448 = AXIS2_PLACEMENT_3D('',#8449,#8450,#8451);
#8449 = CARTESIAN_POINT('',(278.85,0.,3.));
#8450 = DIRECTION('',(0.,0.,1.));
#8451 = DIRECTION('',(1.,0.,0.));
#8452 = ADVANCED_FACE('',(#8453),#8464,.T.);
#8453 = FACE_BOUND('',#8454,.T.);
#8454 = EDGE_LOOP('',(#8455,#8461,#8462,#8463));
#8455 = ORIENTED_EDGE('',*,*,#8456,.F.);
#8456 = EDGE_CURVE('',#7752,#7820,#8457,.T.);
#8457 = LINE('',#8458,#8459);
#8458 = CARTESIAN_POINT('',(221.7,3.,3.));
#8459 = VECTOR('',#8460,1.);
#8460 = DIRECTION('',(1.,0.,0.));
#8461 = ORIENTED_EDGE('',*,*,#7751,.F.);
#8462 = ORIENTED_EDGE('',*,*,#7804,.T.);
#8463 = ORIENTED_EDGE('',*,*,#7819,.T.);
#8464 = PLANE('',#8465);
#8465 = AXIS2_PLACEMENT_3D('',#8466,#8467,#8468);
#8466 = CARTESIAN_POINT('',(221.7,0.,3.));
#8467 = DIRECTION('',(0.,0.,1.));
#8468 = DIRECTION('',(1.,0.,0.));
#8469 = ADVANCED_FACE('',(#8470),#8481,.F.);
#8470 = FACE_BOUND('',#8471,.F.);
#8471 = EDGE_LOOP('',(#8472,#8478,#8479,#8480));
#8472 = ORIENTED_EDGE('',*,*,#8473,.F.);
#8473 = EDGE_CURVE('',#7894,#7916,#8474,.T.);
#8474 = LINE('',#8475,#8476);
#8475 = CARTESIAN_POINT('',(221.7,3.,0.));
#8476 = VECTOR('',#8477,1.);
#8477 = DIRECTION('',(1.,0.,0.));
#8478 = ORIENTED_EDGE('',*,*,#7893,.F.);
#8479 = ORIENTED_EDGE('',*,*,#7797,.T.);
#8480 = ORIENTED_EDGE('',*,*,#7915,.T.);
#8481 = PLANE('',#8482);
#8482 = AXIS2_PLACEMENT_3D('',#8483,#8484,#8485);
#8483 = CARTESIAN_POINT('',(221.7,0.,0.));
#8484 = DIRECTION('',(0.,0.,1.));
#8485 = DIRECTION('',(1.,0.,0.));
#8486 = ADVANCED_FACE('',(#8487),#8512,.T.);
#8487 = FACE_BOUND('',#8488,.T.);
#8488 = EDGE_LOOP('',(#8489,#8497,#8498,#8506));
#8489 = ORIENTED_EDGE('',*,*,#8490,.F.);
#8490 = EDGE_CURVE('',#7820,#8491,#8493,.T.);
#8491 = VERTEX_POINT('',#8492);
#8492 = CARTESIAN_POINT('',(291.,19.05,3.));
#8493 = LINE('',#8494,#8495);
#8494 = CARTESIAN_POINT('',(291.,0.,3.));
#8495 = VECTOR('',#8496,1.);
#8496 = DIRECTION('',(0.,1.,0.));
#8497 = ORIENTED_EDGE('',*,*,#7836,.T.);
#8498 = ORIENTED_EDGE('',*,*,#8499,.T.);
#8499 = EDGE_CURVE('',#7829,#8500,#8502,.T.);
#8500 = VERTEX_POINT('',#8501);
#8501 = CARTESIAN_POINT('',(294.,19.05,3.));
#8502 = LINE('',#8503,#8504);
#8503 = CARTESIAN_POINT('',(294.,0.,3.));
#8504 = VECTOR('',#8505,1.);
#8505 = DIRECTION('',(0.,1.,0.));
#8506 = ORIENTED_EDGE('',*,*,#8507,.F.);
#8507 = EDGE_CURVE('',#8491,#8500,#8508,.T.);
#8508 = LINE('',#8509,#8510);
#8509 = CARTESIAN_POINT('',(0.,19.05,3.));
#8510 = VECTOR('',#8511,1.);
#8511 = DIRECTION('',(1.,0.,0.));
#8512 = PLANE('',#8513);
#8513 = AXIS2_PLACEMENT_3D('',#8514,#8515,#8516);
#8514 = CARTESIAN_POINT('',(291.,0.,3.));
#8515 = DIRECTION('',(0.,0.,1.));
#8516 = DIRECTION('',(1.,0.,0.));
#8517 = ADVANCED_FACE('',(#8518),#8529,.T.);
#8518 = FACE_BOUND('',#8519,.T.);
#8519 = EDGE_LOOP('',(#8520,#8521,#8522,#8528));
#8520 = ORIENTED_EDGE('',*,*,#7853,.F.);
#8521 = ORIENTED_EDGE('',*,*,#7924,.T.);
#8522 = ORIENTED_EDGE('',*,*,#8523,.T.);
#8523 = EDGE_CURVE('',#7925,#7829,#8524,.T.);
#8524 = LINE('',#8525,#8526);
#8525 = CARTESIAN_POINT('',(294.,3.,0.));
#8526 = VECTOR('',#8527,1.);
#8527 = DIRECTION('',(0.,0.,1.));
#8528 = ORIENTED_EDGE('',*,*,#7828,.F.);
#8529 = PLANE('',#8530);
#8530 = AXIS2_PLACEMENT_3D('',#8531,#8532,#8533);
#8531 = CARTESIAN_POINT('',(294.,0.,0.));
#8532 = DIRECTION('',(1.,0.,0.));
#8533 = DIRECTION('',(0.,0.,1.));
#8534 = ADVANCED_FACE('',(#8535),#8553,.F.);
#8535 = FACE_BOUND('',#8536,.F.);
#8536 = EDGE_LOOP('',(#8537,#8545,#8546,#8547));
#8537 = ORIENTED_EDGE('',*,*,#8538,.F.);
#8538 = EDGE_CURVE('',#7868,#8539,#8541,.T.);
#8539 = VERTEX_POINT('',#8540);
#8540 = CARTESIAN_POINT('',(278.85,22.05,0.));
#8541 = LINE('',#8542,#8543);
#8542 = CARTESIAN_POINT('',(0.,22.05,0.));
#8543 = VECTOR('',#8544,1.);
#8544 = DIRECTION('',(1.,0.,0.));
#8545 = ORIENTED_EDGE('',*,*,#7877,.F.);
#8546 = ORIENTED_EDGE('',*,*,#8376,.T.);
#8547 = ORIENTED_EDGE('',*,*,#8548,.T.);
#8548 = EDGE_CURVE('',#8377,#8539,#8549,.T.);
#8549 = LINE('',#8550,#8551);
#8550 = CARTESIAN_POINT('',(278.85,0.,0.));
#8551 = VECTOR('',#8552,1.);
#8552 = DIRECTION('',(0.,1.,0.));
#8553 = PLANE('',#8554);
#8554 = AXIS2_PLACEMENT_3D('',#8555,#8556,#8557);
#8555 = CARTESIAN_POINT('',(0.,19.05,0.));
#8556 = DIRECTION('',(0.,0.,1.));
#8557 = DIRECTION('',(1.,0.,0.));
#8558 = ADVANCED_FACE('',(#8559),#8578,.F.);
#8559 = FACE_BOUND('',#8560,.F.);
#8560 = EDGE_LOOP('',(#8561,#8562,#8563,#8571));
#8561 = ORIENTED_EDGE('',*,*,#8409,.F.);
#8562 = ORIENTED_EDGE('',*,*,#7901,.T.);
#8563 = ORIENTED_EDGE('',*,*,#8564,.T.);
#8564 = EDGE_CURVE('',#7894,#8565,#8567,.T.);
#8565 = VERTEX_POINT('',#8566);
#8566 = CARTESIAN_POINT('',(281.85,8.431923788647,0.));
#8567 = LINE('',#8568,#8569);
#8568 = CARTESIAN_POINT('',(281.85,0.,0.));
#8569 = VECTOR('',#8570,1.);
#8570 = DIRECTION('',(0.,1.,0.));
#8571 = ORIENTED_EDGE('',*,*,#8572,.F.);
#8572 = EDGE_CURVE('',#8410,#8565,#8573,.T.);
#8573 = CIRCLE('',#8574,3.);
#8574 = AXIS2_PLACEMENT_3D('',#8575,#8576,#8577);
#8575 = CARTESIAN_POINT('',(280.35,11.03,0.));
#8576 = DIRECTION('',(0.,0.,1.));
#8577 = DIRECTION('',(1.,0.,0.));
#8578 = PLANE('',#8579);
#8579 = AXIS2_PLACEMENT_3D('',#8580,#8581,#8582);
#8580 = CARTESIAN_POINT('',(278.85,0.,0.));
#8581 = DIRECTION('',(0.,0.,1.));
#8582 = DIRECTION('',(1.,0.,0.));
#8583 = ADVANCED_FACE('',(#8584),#8609,.F.);
#8584 = FACE_BOUND('',#8585,.F.);
#8585 = EDGE_LOOP('',(#8586,#8594,#8595,#8603));
#8586 = ORIENTED_EDGE('',*,*,#8587,.F.);
#8587 = EDGE_CURVE('',#7916,#8588,#8590,.T.);
#8588 = VERTEX_POINT('',#8589);
#8589 = CARTESIAN_POINT('',(291.,19.05,0.));
#8590 = LINE('',#8591,#8592);
#8591 = CARTESIAN_POINT('',(291.,0.,0.));
#8592 = VECTOR('',#8593,1.);
#8593 = DIRECTION('',(0.,1.,0.));
#8594 = ORIENTED_EDGE('',*,*,#7932,.T.);
#8595 = ORIENTED_EDGE('',*,*,#8596,.T.);
#8596 = EDGE_CURVE('',#7925,#8597,#8599,.T.);
#8597 = VERTEX_POINT('',#8598);
#8598 = CARTESIAN_POINT('',(294.,19.05,0.));
#8599 = LINE('',#8600,#8601);
#8600 = CARTESIAN_POINT('',(294.,0.,0.));
#8601 = VECTOR('',#8602,1.);
#8602 = DIRECTION('',(0.,1.,0.));
#8603 = ORIENTED_EDGE('',*,*,#8604,.F.);
#8604 = EDGE_CURVE('',#8588,#8597,#8605,.T.);
#8605 = LINE('',#8606,#8607);
#8606 = CARTESIAN_POINT('',(0.,19.05,0.));
#8607 = VECTOR('',#8608,1.);
#8608 = DIRECTION('',(1.,0.,0.));
#8609 = PLANE('',#8610);
#8610 = AXIS2_PLACEMENT_3D('',#8611,#8612,#8613);
#8611 = CARTESIAN_POINT('',(291.,0.,0.));
#8612 = DIRECTION('',(0.,0.,1.));
#8613 = DIRECTION('',(1.,0.,0.));
#8614 = ADVANCED_FACE('',(#8615),#8640,.F.);
#8615 = FACE_BOUND('',#8616,.F.);
#8616 = EDGE_LOOP('',(#8617,#8625,#8626,#8634));
#8617 = ORIENTED_EDGE('',*,*,#8618,.F.);
#8618 = EDGE_CURVE('',#7122,#8619,#8621,.T.);
#8619 = VERTEX_POINT('',#8620);
#8620 = CARTESIAN_POINT('',(140.74,76.2,3.));
#8621 = LINE('',#8622,#8623);
#8622 = CARTESIAN_POINT('',(140.74,57.15,3.));
#8623 = VECTOR('',#8624,1.);
#8624 = DIRECTION('',(0.,1.,0.));
#8625 = ORIENTED_EDGE('',*,*,#7983,.T.);
#8626 = ORIENTED_EDGE('',*,*,#8627,.T.);
#8627 = EDGE_CURVE('',#7559,#8628,#8630,.T.);
#8628 = VERTEX_POINT('',#8629);
#8629 = CARTESIAN_POINT('',(140.74,76.2,0.));
#8630 = LINE('',#8631,#8632);
#8631 = CARTESIAN_POINT('',(140.74,57.15,0.));
#8632 = VECTOR('',#8633,1.);
#8633 = DIRECTION('',(0.,1.,0.));
#8634 = ORIENTED_EDGE('',*,*,#8635,.T.);
#8635 = EDGE_CURVE('',#8628,#8619,#8636,.T.);
#8636 = LINE('',#8637,#8638);
#8637 = CARTESIAN_POINT('',(140.74,76.2,0.));
#8638 = VECTOR('',#8639,1.);
#8639 = DIRECTION('',(0.,0.,1.));
#8640 = PLANE('',#8641);
#8641 = AXIS2_PLACEMENT_3D('',#8642,#8643,#8644);
#8642 = CARTESIAN_POINT('',(140.74,57.15,0.));
#8643 = DIRECTION('',(1.,0.,0.));
#8644 = DIRECTION('',(0.,0.,1.));
#8645 = ADVANCED_FACE('',(#8646),#8664,.T.);
#8646 = FACE_BOUND('',#8647,.T.);
#8647 = EDGE_LOOP('',(#8648,#8649,#8650,#8658));
#8648 = ORIENTED_EDGE('',*,*,#8618,.F.);
#8649 = ORIENTED_EDGE('',*,*,#7997,.T.);
#8650 = ORIENTED_EDGE('',*,*,#8651,.T.);
#8651 = EDGE_CURVE('',#7998,#8652,#8654,.T.);
#8652 = VERTEX_POINT('',#8653);
#8653 = CARTESIAN_POINT('',(143.74,76.2,3.));
#8654 = LINE('',#8655,#8656);
#8655 = CARTESIAN_POINT('',(143.74,57.15,3.));
#8656 = VECTOR('',#8657,1.);
#8657 = DIRECTION('',(0.,1.,0.));
#8658 = ORIENTED_EDGE('',*,*,#8659,.F.);
#8659 = EDGE_CURVE('',#8619,#8652,#8660,.T.);
#8660 = LINE('',#8661,#8662);
#8661 = CARTESIAN_POINT('',(140.74,76.2,3.));
#8662 = VECTOR('',#8663,1.);
#8663 = DIRECTION('',(1.,0.,0.));
#8664 = PLANE('',#8665);
#8665 = AXIS2_PLACEMENT_3D('',#8666,#8667,#8668);
#8666 = CARTESIAN_POINT('',(140.74,57.15,3.));
#8667 = DIRECTION('',(0.,0.,1.));
#8668 = DIRECTION('',(1.,0.,0.));
#8669 = ADVANCED_FACE('',(#8670),#8695,.T.);
#8670 = FACE_BOUND('',#8671,.T.);
#8671 = EDGE_LOOP('',(#8672,#8680,#8681,#8689));
#8672 = ORIENTED_EDGE('',*,*,#8673,.F.);
#8673 = EDGE_CURVE('',#7998,#8674,#8676,.T.);
#8674 = VERTEX_POINT('',#8675);
#8675 = CARTESIAN_POINT('',(150.26,60.15,3.));
#8676 = LINE('',#8677,#8678);
#8677 = CARTESIAN_POINT('',(0.,60.15,3.));
#8678 = VECTOR('',#8679,1.);
#8679 = DIRECTION('',(1.,0.,0.));
#8680 = ORIENTED_EDGE('',*,*,#8014,.F.);
#8681 = ORIENTED_EDGE('',*,*,#8682,.T.);
#8682 = EDGE_CURVE('',#8007,#8683,#8685,.T.);
#8683 = VERTEX_POINT('',#8684);
#8684 = CARTESIAN_POINT('',(150.26,57.15,3.));
#8685 = LINE('',#8686,#8687);
#8686 = CARTESIAN_POINT('',(0.,57.15,3.));
#8687 = VECTOR('',#8688,1.);
#8688 = DIRECTION('',(1.,0.,0.));
#8689 = ORIENTED_EDGE('',*,*,#8690,.T.);
#8690 = EDGE_CURVE('',#8683,#8674,#8691,.T.);
#8691 = LINE('',#8692,#8693);
#8692 = CARTESIAN_POINT('',(150.26,38.1,3.));
#8693 = VECTOR('',#8694,1.);
#8694 = DIRECTION('',(0.,1.,0.));
#8695 = PLANE('',#8696);
#8696 = AXIS2_PLACEMENT_3D('',#8697,#8698,#8699);
#8697 = CARTESIAN_POINT('',(0.,57.15,3.));
#8698 = DIRECTION('',(0.,0.,1.));
#8699 = DIRECTION('',(1.,0.,0.));
#8700 = ADVANCED_FACE('',(#8701),#8719,.F.);
#8701 = FACE_BOUND('',#8702,.F.);
#8702 = EDGE_LOOP('',(#8703,#8711,#8712,#8713));
#8703 = ORIENTED_EDGE('',*,*,#8704,.F.);
#8704 = EDGE_CURVE('',#8029,#8705,#8707,.T.);
#8705 = VERTEX_POINT('',#8706);
#8706 = CARTESIAN_POINT('',(150.26,57.15,0.));
#8707 = LINE('',#8708,#8709);
#8708 = CARTESIAN_POINT('',(0.,57.15,0.));
#8709 = VECTOR('',#8710,1.);
#8710 = DIRECTION('',(1.,0.,0.));
#8711 = ORIENTED_EDGE('',*,*,#8038,.T.);
#8712 = ORIENTED_EDGE('',*,*,#8682,.T.);
#8713 = ORIENTED_EDGE('',*,*,#8714,.F.);
#8714 = EDGE_CURVE('',#8705,#8683,#8715,.T.);
#8715 = LINE('',#8716,#8717);
#8716 = CARTESIAN_POINT('',(150.26,57.15,0.));
#8717 = VECTOR('',#8718,1.);
#8718 = DIRECTION('',(0.,0.,1.));
#8719 = PLANE('',#8720);
#8720 = AXIS2_PLACEMENT_3D('',#8721,#8722,#8723);
#8721 = CARTESIAN_POINT('',(0.,57.15,0.));
#8722 = DIRECTION('',(0.,1.,0.));
#8723 = DIRECTION('',(0.,0.,1.));
#8724 = ADVANCED_FACE('',(#8725),#8735,.F.);
#8725 = FACE_BOUND('',#8726,.F.);
#8726 = EDGE_LOOP('',(#8727,#8728,#8734));
#8727 = ORIENTED_EDGE('',*,*,#8290,.T.);
#8728 = ORIENTED_EDGE('',*,*,#8729,.T.);
#8729 = EDGE_CURVE('',#8282,#8053,#8730,.T.);
#8730 = LINE('',#8731,#8732);
#8731 = CARTESIAN_POINT('',(150.26,38.1,0.));
#8732 = VECTOR('',#8733,1.);
#8733 = DIRECTION('',(0.,1.,0.));
#8734 = ORIENTED_EDGE('',*,*,#8052,.T.);
#8735 = PLANE('',#8736);
#8736 = AXIS2_PLACEMENT_3D('',#8737,#8738,#8739);
#8737 = CARTESIAN_POINT('',(151.76,49.13,0.));
#8738 = DIRECTION('',(0.,0.,1.));
#8739 = DIRECTION('',(1.,0.,0.));
#8740 = ADVANCED_FACE('',(#8741),#8751,.T.);
#8741 = FACE_BOUND('',#8742,.T.);
#8742 = EDGE_LOOP('',(#8743,#8744,#8750));
#8743 = ORIENTED_EDGE('',*,*,#8103,.T.);
#8744 = ORIENTED_EDGE('',*,*,#8745,.T.);
#8745 = EDGE_CURVE('',#8095,#8062,#8746,.T.);
#8746 = LINE('',#8747,#8748);
#8747 = CARTESIAN_POINT('',(150.26,38.1,3.));
#8748 = VECTOR('',#8749,1.);
#8749 = DIRECTION('',(0.,1.,0.));
#8750 = ORIENTED_EDGE('',*,*,#8069,.T.);
#8751 = PLANE('',#8752);
#8752 = AXIS2_PLACEMENT_3D('',#8753,#8754,#8755);
#8753 = CARTESIAN_POINT('',(151.76,49.13,3.));
#8754 = DIRECTION('',(0.,0.,1.));
#8755 = DIRECTION('',(1.,0.,0.));
#8756 = ADVANCED_FACE('',(#8757),#8773,.F.);
#8757 = FACE_BOUND('',#8758,.F.);
#8758 = EDGE_LOOP('',(#8759,#8765,#8766,#8772));
#8759 = ORIENTED_EDGE('',*,*,#8760,.F.);
#8760 = EDGE_CURVE('',#8062,#8683,#8761,.T.);
#8761 = LINE('',#8762,#8763);
#8762 = CARTESIAN_POINT('',(150.26,38.1,3.));
#8763 = VECTOR('',#8764,1.);
#8764 = DIRECTION('',(0.,1.,0.));
#8765 = ORIENTED_EDGE('',*,*,#8061,.T.);
#8766 = ORIENTED_EDGE('',*,*,#8767,.T.);
#8767 = EDGE_CURVE('',#8053,#8705,#8768,.T.);
#8768 = LINE('',#8769,#8770);
#8769 = CARTESIAN_POINT('',(150.26,38.1,0.));
#8770 = VECTOR('',#8771,1.);
#8771 = DIRECTION('',(0.,1.,0.));
#8772 = ORIENTED_EDGE('',*,*,#8714,.T.);
#8773 = PLANE('',#8774);
#8774 = AXIS2_PLACEMENT_3D('',#8775,#8776,#8777);
#8775 = CARTESIAN_POINT('',(150.26,38.1,0.));
#8776 = DIRECTION('',(1.,0.,0.));
#8777 = DIRECTION('',(0.,0.,1.));
#8778 = ADVANCED_FACE('',(#8779),#8804,.F.);
#8779 = FACE_BOUND('',#8780,.T.);
#8780 = EDGE_LOOP('',(#8781,#8788,#8794,#8801,#8802,#8803));
#8781 = ORIENTED_EDGE('',*,*,#8782,.F.);
#8782 = EDGE_CURVE('',#8274,#8282,#8783,.T.);
#8783 = CIRCLE('',#8784,1.5);
#8784 = AXIS2_PLACEMENT_3D('',#8785,#8786,#8787);
#8785 = CARTESIAN_POINT('',(151.76,49.13,0.));
#8786 = DIRECTION('',(0.,0.,1.));
#8787 = DIRECTION('',(1.,0.,0.));
#8788 = ORIENTED_EDGE('',*,*,#8789,.T.);
#8789 = EDGE_CURVE('',#8274,#8087,#8790,.T.);
#8790 = LINE('',#8791,#8792);
#8791 = CARTESIAN_POINT('',(153.26,49.13,0.));
#8792 = VECTOR('',#8793,1.);
#8793 = DIRECTION('',(0.,0.,1.));
#8794 = ORIENTED_EDGE('',*,*,#8795,.T.);
#8795 = EDGE_CURVE('',#8087,#8095,#8796,.T.);
#8796 = CIRCLE('',#8797,1.5);
#8797 = AXIS2_PLACEMENT_3D('',#8798,#8799,#8800);
#8798 = CARTESIAN_POINT('',(151.76,49.13,3.));
#8799 = DIRECTION('',(0.,0.,1.));
#8800 = DIRECTION('',(1.,0.,0.));
#8801 = ORIENTED_EDGE('',*,*,#8094,.T.);
#8802 = ORIENTED_EDGE('',*,*,#8789,.F.);
#8803 = ORIENTED_EDGE('',*,*,#8281,.F.);
#8804 = CYLINDRICAL_SURFACE('',#8805,1.5);
#8805 = AXIS2_PLACEMENT_3D('',#8806,#8807,#8808);
#8806 = CARTESIAN_POINT('',(151.76,49.13,0.));
#8807 = DIRECTION('',(-0.,-0.,-1.));
#8808 = DIRECTION('',(1.,0.,0.));
#8809 = ADVANCED_FACE('',(#8810),#8837,.T.);
#8810 = FACE_BOUND('',#8811,.T.);
#8811 = EDGE_LOOP('',(#8812,#8821,#8830,#8836));
#8812 = ORIENTED_EDGE('',*,*,#8813,.T.);
#8813 = EDGE_CURVE('',#7210,#8814,#8816,.T.);
#8814 = VERTEX_POINT('',#8815);
#8815 = CARTESIAN_POINT('',(154.76,49.13,3.));
#8816 = CIRCLE('',#8817,3.);
#8817 = AXIS2_PLACEMENT_3D('',#8818,#8819,#8820);
#8818 = CARTESIAN_POINT('',(151.76,49.13,3.));
#8819 = DIRECTION('',(0.,0.,1.));
#8820 = DIRECTION('',(1.,0.,0.));
#8821 = ORIENTED_EDGE('',*,*,#8822,.T.);
#8822 = EDGE_CURVE('',#8814,#8823,#8825,.T.);
#8823 = VERTEX_POINT('',#8824);
#8824 = CARTESIAN_POINT('',(153.26,51.728076211353,3.));
#8825 = CIRCLE('',#8826,3.);
#8826 = AXIS2_PLACEMENT_3D('',#8827,#8828,#8829);
#8827 = CARTESIAN_POINT('',(151.76,49.13,3.));
#8828 = DIRECTION('',(0.,0.,1.));
#8829 = DIRECTION('',(1.,0.,0.));
#8830 = ORIENTED_EDGE('',*,*,#8831,.F.);
#8831 = EDGE_CURVE('',#8087,#8823,#8832,.T.);
#8832 = LINE('',#8833,#8834);
#8833 = CARTESIAN_POINT('',(153.26,38.1,3.));
#8834 = VECTOR('',#8835,1.);
#8835 = DIRECTION('',(0.,1.,0.));
#8836 = ORIENTED_EDGE('',*,*,#8086,.F.);
#8837 = PLANE('',#8838);
#8838 = AXIS2_PLACEMENT_3D('',#8839,#8840,#8841);
#8839 = CARTESIAN_POINT('',(151.76,49.13,3.));
#8840 = DIRECTION('',(0.,0.,1.));
#8841 = DIRECTION('',(1.,0.,0.));
#8842 = ADVANCED_FACE('',(#8843),#8862,.T.);
#8843 = FACE_BOUND('',#8844,.F.);
#8844 = EDGE_LOOP('',(#8845,#8853,#8860,#8861));
#8845 = ORIENTED_EDGE('',*,*,#8846,.F.);
#8846 = EDGE_CURVE('',#8847,#8814,#8849,.T.);
#8847 = VERTEX_POINT('',#8848);
#8848 = CARTESIAN_POINT('',(154.76,49.13,0.));
#8849 = LINE('',#8850,#8851);
#8850 = CARTESIAN_POINT('',(154.76,49.13,0.));
#8851 = VECTOR('',#8852,1.);
#8852 = DIRECTION('',(0.,0.,1.));
#8853 = ORIENTED_EDGE('',*,*,#8854,.F.);
#8854 = EDGE_CURVE('',#7585,#8847,#8855,.T.);
#8855 = CIRCLE('',#8856,3.);
#8856 = AXIS2_PLACEMENT_3D('',#8857,#8858,#8859);
#8857 = CARTESIAN_POINT('',(151.76,49.13,0.));
#8858 = DIRECTION('',(0.,0.,1.));
#8859 = DIRECTION('',(1.,0.,0.));
#8860 = ORIENTED_EDGE('',*,*,#8125,.F.);
#8861 = ORIENTED_EDGE('',*,*,#8813,.T.);
#8862 = CYLINDRICAL_SURFACE('',#8863,3.);
#8863 = AXIS2_PLACEMENT_3D('',#8864,#8865,#8866);
#8864 = CARTESIAN_POINT('',(151.76,49.13,0.));
#8865 = DIRECTION('',(-0.,-0.,-1.));
#8866 = DIRECTION('',(1.,0.,0.));
#8867 = ADVANCED_FACE('',(#8868),#8879,.T.);
#8868 = FACE_BOUND('',#8869,.T.);
#8869 = EDGE_LOOP('',(#8870,#8871,#8872,#8873));
#8870 = ORIENTED_EDGE('',*,*,#8314,.F.);
#8871 = ORIENTED_EDGE('',*,*,#8142,.T.);
#8872 = ORIENTED_EDGE('',*,*,#8166,.T.);
#8873 = ORIENTED_EDGE('',*,*,#8874,.F.);
#8874 = EDGE_CURVE('',#8307,#8159,#8875,.T.);
#8875 = LINE('',#8876,#8877);
#8876 = CARTESIAN_POINT('',(196.13,41.1,0.));
#8877 = VECTOR('',#8878,1.);
#8878 = DIRECTION('',(0.,0.,1.));
#8879 = PLANE('',#8880);
#8880 = AXIS2_PLACEMENT_3D('',#8881,#8882,#8883);
#8881 = CARTESIAN_POINT('',(193.13,41.1,0.));
#8882 = DIRECTION('',(0.,1.,0.));
#8883 = DIRECTION('',(0.,0.,1.));
#8884 = ADVANCED_FACE('',(#8885),#8910,.T.);
#8885 = FACE_BOUND('',#8886,.T.);
#8886 = EDGE_LOOP('',(#8887,#8895,#8896,#8904));
#8887 = ORIENTED_EDGE('',*,*,#8888,.F.);
#8888 = EDGE_CURVE('',#8159,#8889,#8891,.T.);
#8889 = VERTEX_POINT('',#8890);
#8890 = CARTESIAN_POINT('',(207.41,41.1,3.));
#8891 = LINE('',#8892,#8893);
#8892 = CARTESIAN_POINT('',(0.,41.1,3.));
#8893 = VECTOR('',#8894,1.);
#8894 = DIRECTION('',(1.,0.,0.));
#8895 = ORIENTED_EDGE('',*,*,#8158,.F.);
#8896 = ORIENTED_EDGE('',*,*,#8897,.T.);
#8897 = EDGE_CURVE('',#7312,#8898,#8900,.T.);
#8898 = VERTEX_POINT('',#8899);
#8899 = CARTESIAN_POINT('',(207.41,38.1,3.));
#8900 = LINE('',#8901,#8902);
#8901 = CARTESIAN_POINT('',(0.,38.1,3.));
#8902 = VECTOR('',#8903,1.);
#8903 = DIRECTION('',(1.,0.,0.));
#8904 = ORIENTED_EDGE('',*,*,#8905,.T.);
#8905 = EDGE_CURVE('',#8898,#8889,#8906,.T.);
#8906 = LINE('',#8907,#8908);
#8907 = CARTESIAN_POINT('',(207.41,38.1,3.));
#8908 = VECTOR('',#8909,1.);
#8909 = DIRECTION('',(0.,1.,0.));
#8910 = PLANE('',#8911);
#8911 = AXIS2_PLACEMENT_3D('',#8912,#8913,#8914);
#8912 = CARTESIAN_POINT('',(0.,38.1,3.));
#8913 = DIRECTION('',(0.,0.,1.));
#8914 = DIRECTION('',(1.,0.,0.));
#8915 = ADVANCED_FACE('',(#8916),#8934,.F.);
#8916 = FACE_BOUND('',#8917,.F.);
#8917 = EDGE_LOOP('',(#8918,#8926,#8927,#8928));
#8918 = ORIENTED_EDGE('',*,*,#8919,.F.);
#8919 = EDGE_CURVE('',#7634,#8920,#8922,.T.);
#8920 = VERTEX_POINT('',#8921);
#8921 = CARTESIAN_POINT('',(207.41,38.1,0.));
#8922 = LINE('',#8923,#8924);
#8923 = CARTESIAN_POINT('',(0.,38.1,0.));
#8924 = VECTOR('',#8925,1.);
#8925 = DIRECTION('',(1.,0.,0.));
#8926 = ORIENTED_EDGE('',*,*,#8188,.T.);
#8927 = ORIENTED_EDGE('',*,*,#8897,.T.);
#8928 = ORIENTED_EDGE('',*,*,#8929,.F.);
#8929 = EDGE_CURVE('',#8920,#8898,#8930,.T.);
#8930 = LINE('',#8931,#8932);
#8931 = CARTESIAN_POINT('',(207.41,38.1,0.));
#8932 = VECTOR('',#8933,1.);
#8933 = DIRECTION('',(0.,0.,1.));
#8934 = PLANE('',#8935);
#8935 = AXIS2_PLACEMENT_3D('',#8936,#8937,#8938);
#8936 = CARTESIAN_POINT('',(0.,38.1,0.));
#8937 = DIRECTION('',(0.,1.,0.));
#8938 = DIRECTION('',(0.,0.,1.));
#8939 = ADVANCED_FACE('',(#8940),#8958,.F.);
#8940 = FACE_BOUND('',#8941,.F.);
#8941 = EDGE_LOOP('',(#8942,#8943,#8944,#8952));
#8942 = ORIENTED_EDGE('',*,*,#8627,.F.);
#8943 = ORIENTED_EDGE('',*,*,#8248,.T.);
#8944 = ORIENTED_EDGE('',*,*,#8945,.T.);
#8945 = EDGE_CURVE('',#8249,#8946,#8948,.T.);
#8946 = VERTEX_POINT('',#8947);
#8947 = CARTESIAN_POINT('',(143.74,76.2,0.));
#8948 = LINE('',#8949,#8950);
#8949 = CARTESIAN_POINT('',(143.74,57.15,0.));
#8950 = VECTOR('',#8951,1.);
#8951 = DIRECTION('',(0.,1.,0.));
#8952 = ORIENTED_EDGE('',*,*,#8953,.F.);
#8953 = EDGE_CURVE('',#8628,#8946,#8954,.T.);
#8954 = LINE('',#8955,#8956);
#8955 = CARTESIAN_POINT('',(140.74,76.2,0.));
#8956 = VECTOR('',#8957,1.);
#8957 = DIRECTION('',(1.,0.,0.));
#8958 = PLANE('',#8959);
#8959 = AXIS2_PLACEMENT_3D('',#8960,#8961,#8962);
#8960 = CARTESIAN_POINT('',(140.74,57.15,0.));
#8961 = DIRECTION('',(0.,0.,1.));
#8962 = DIRECTION('',(1.,0.,0.));
#8963 = ADVANCED_FACE('',(#8964),#8982,.F.);
#8964 = FACE_BOUND('',#8965,.F.);
#8965 = EDGE_LOOP('',(#8966,#8974,#8975,#8976));
#8966 = ORIENTED_EDGE('',*,*,#8967,.F.);
#8967 = EDGE_CURVE('',#8249,#8968,#8970,.T.);
#8968 = VERTEX_POINT('',#8969);
#8969 = CARTESIAN_POINT('',(150.26,60.15,0.));
#8970 = LINE('',#8971,#8972);
#8971 = CARTESIAN_POINT('',(0.,60.15,0.));
#8972 = VECTOR('',#8973,1.);
#8973 = DIRECTION('',(1.,0.,0.));
#8974 = ORIENTED_EDGE('',*,*,#8258,.F.);
#8975 = ORIENTED_EDGE('',*,*,#8704,.T.);
#8976 = ORIENTED_EDGE('',*,*,#8977,.T.);
#8977 = EDGE_CURVE('',#8705,#8968,#8978,.T.);
#8978 = LINE('',#8979,#8980);
#8979 = CARTESIAN_POINT('',(150.26,38.1,0.));
#8980 = VECTOR('',#8981,1.);
#8981 = DIRECTION('',(0.,1.,0.));
#8982 = PLANE('',#8983);
#8983 = AXIS2_PLACEMENT_3D('',#8984,#8985,#8986);
#8984 = CARTESIAN_POINT('',(0.,57.15,0.));
#8985 = DIRECTION('',(0.,0.,1.));
#8986 = DIRECTION('',(1.,0.,0.));
#8987 = ADVANCED_FACE('',(#8988),#9007,.F.);
#8988 = FACE_BOUND('',#8989,.F.);
#8989 = EDGE_LOOP('',(#8990,#8991,#9000,#9006));
#8990 = ORIENTED_EDGE('',*,*,#8854,.T.);
#8991 = ORIENTED_EDGE('',*,*,#8992,.T.);
#8992 = EDGE_CURVE('',#8847,#8993,#8995,.T.);
#8993 = VERTEX_POINT('',#8994);
#8994 = CARTESIAN_POINT('',(153.26,51.728076211353,0.));
#8995 = CIRCLE('',#8996,3.);
#8996 = AXIS2_PLACEMENT_3D('',#8997,#8998,#8999);
#8997 = CARTESIAN_POINT('',(151.76,49.13,0.));
#8998 = DIRECTION('',(0.,0.,1.));
#8999 = DIRECTION('',(1.,0.,0.));
#9000 = ORIENTED_EDGE('',*,*,#9001,.F.);
#9001 = EDGE_CURVE('',#8274,#8993,#9002,.T.);
#9002 = LINE('',#9003,#9004);
#9003 = CARTESIAN_POINT('',(153.26,38.1,0.));
#9004 = VECTOR('',#9005,1.);
#9005 = DIRECTION('',(0.,1.,0.));
#9006 = ORIENTED_EDGE('',*,*,#8273,.F.);
#9007 = PLANE('',#9008);
#9008 = AXIS2_PLACEMENT_3D('',#9009,#9010,#9011);
#9009 = CARTESIAN_POINT('',(151.76,49.13,0.));
#9010 = DIRECTION('',(0.,0.,1.));
#9011 = DIRECTION('',(1.,0.,0.));
#9012 = ADVANCED_FACE('',(#9013),#9031,.F.);
#9013 = FACE_BOUND('',#9014,.F.);
#9014 = EDGE_LOOP('',(#9015,#9023,#9024,#9025));
#9015 = ORIENTED_EDGE('',*,*,#9016,.F.);
#9016 = EDGE_CURVE('',#8307,#9017,#9019,.T.);
#9017 = VERTEX_POINT('',#9018);
#9018 = CARTESIAN_POINT('',(207.41,41.1,0.));
#9019 = LINE('',#9020,#9021);
#9020 = CARTESIAN_POINT('',(0.,41.1,0.));
#9021 = VECTOR('',#9022,1.);
#9022 = DIRECTION('',(1.,0.,0.));
#9023 = ORIENTED_EDGE('',*,*,#8306,.F.);
#9024 = ORIENTED_EDGE('',*,*,#8919,.T.);
#9025 = ORIENTED_EDGE('',*,*,#9026,.T.);
#9026 = EDGE_CURVE('',#8920,#9017,#9027,.T.);
#9027 = LINE('',#9028,#9029);
#9028 = CARTESIAN_POINT('',(207.41,38.1,0.));
#9029 = VECTOR('',#9030,1.);
#9030 = DIRECTION('',(0.,1.,0.));
#9031 = PLANE('',#9032);
#9032 = AXIS2_PLACEMENT_3D('',#9033,#9034,#9035);
#9033 = CARTESIAN_POINT('',(0.,38.1,0.));
#9034 = DIRECTION('',(0.,0.,1.));
#9035 = DIRECTION('',(1.,0.,0.));
#9036 = ADVANCED_FACE('',(#9037),#9048,.T.);
#9037 = FACE_BOUND('',#9038,.T.);
#9038 = EDGE_LOOP('',(#9039,#9040,#9041,#9042));
#9039 = ORIENTED_EDGE('',*,*,#8538,.F.);
#9040 = ORIENTED_EDGE('',*,*,#8331,.T.);
#9041 = ORIENTED_EDGE('',*,*,#8345,.T.);
#9042 = ORIENTED_EDGE('',*,*,#9043,.F.);
#9043 = EDGE_CURVE('',#8539,#8346,#9044,.T.);
#9044 = LINE('',#9045,#9046);
#9045 = CARTESIAN_POINT('',(278.85,22.05,0.));
#9046 = VECTOR('',#9047,1.);
#9047 = DIRECTION('',(0.,0.,1.));
#9048 = PLANE('',#9049);
#9049 = AXIS2_PLACEMENT_3D('',#9050,#9051,#9052);
#9050 = CARTESIAN_POINT('',(0.,22.05,0.));
#9051 = DIRECTION('',(0.,1.,0.));
#9052 = DIRECTION('',(0.,0.,1.));
#9053 = ADVANCED_FACE('',(#9054),#9079,.T.);
#9054 = FACE_BOUND('',#9055,.T.);
#9055 = EDGE_LOOP('',(#9056,#9057,#9065,#9073));
#9056 = ORIENTED_EDGE('',*,*,#8362,.F.);
#9057 = ORIENTED_EDGE('',*,*,#9058,.T.);
#9058 = EDGE_CURVE('',#8355,#9059,#9061,.T.);
#9059 = VERTEX_POINT('',#9060);
#9060 = CARTESIAN_POINT('',(281.85,19.05,3.));
#9061 = LINE('',#9062,#9063);
#9062 = CARTESIAN_POINT('',(0.,19.05,3.));
#9063 = VECTOR('',#9064,1.);
#9064 = DIRECTION('',(1.,0.,0.));
#9065 = ORIENTED_EDGE('',*,*,#9066,.T.);
#9066 = EDGE_CURVE('',#9059,#9067,#9069,.T.);
#9067 = VERTEX_POINT('',#9068);
#9068 = CARTESIAN_POINT('',(281.85,22.05,3.));
#9069 = LINE('',#9070,#9071);
#9070 = CARTESIAN_POINT('',(281.85,0.,3.));
#9071 = VECTOR('',#9072,1.);
#9072 = DIRECTION('',(0.,1.,0.));
#9073 = ORIENTED_EDGE('',*,*,#9074,.F.);
#9074 = EDGE_CURVE('',#8346,#9067,#9075,.T.);
#9075 = LINE('',#9076,#9077);
#9076 = CARTESIAN_POINT('',(278.85,22.05,3.));
#9077 = VECTOR('',#9078,1.);
#9078 = DIRECTION('',(1.,0.,0.));
#9079 = PLANE('',#9080);
#9080 = AXIS2_PLACEMENT_3D('',#9081,#9082,#9083);
#9081 = CARTESIAN_POINT('',(278.85,0.,3.));
#9082 = DIRECTION('',(0.,0.,1.));
#9083 = DIRECTION('',(1.,0.,0.));
#9084 = ADVANCED_FACE('',(#9085),#9110,.F.);
#9085 = FACE_BOUND('',#9086,.F.);
#9086 = EDGE_LOOP('',(#9087,#9095,#9103,#9109));
#9087 = ORIENTED_EDGE('',*,*,#9088,.F.);
#9088 = EDGE_CURVE('',#9089,#8355,#9091,.T.);
#9089 = VERTEX_POINT('',#9090);
#9090 = CARTESIAN_POINT('',(278.85,13.628076211353,3.));
#9091 = LINE('',#9092,#9093);
#9092 = CARTESIAN_POINT('',(278.85,0.,3.));
#9093 = VECTOR('',#9094,1.);
#9094 = DIRECTION('',(0.,1.,0.));
#9095 = ORIENTED_EDGE('',*,*,#9096,.T.);
#9096 = EDGE_CURVE('',#9089,#9097,#9099,.T.);
#9097 = VERTEX_POINT('',#9098);
#9098 = CARTESIAN_POINT('',(278.85,13.628076211353,0.));
#9099 = LINE('',#9100,#9101);
#9100 = CARTESIAN_POINT('',(278.85,13.628076211353,0.));
#9101 = VECTOR('',#9102,1.);
#9102 = DIRECTION('',(-0.,-0.,-1.));
#9103 = ORIENTED_EDGE('',*,*,#9104,.T.);
#9104 = EDGE_CURVE('',#9097,#8377,#9105,.T.);
#9105 = LINE('',#9106,#9107);
#9106 = CARTESIAN_POINT('',(278.85,0.,0.));
#9107 = VECTOR('',#9108,1.);
#9108 = DIRECTION('',(0.,1.,0.));
#9109 = ORIENTED_EDGE('',*,*,#8386,.T.);
#9110 = PLANE('',#9111);
#9111 = AXIS2_PLACEMENT_3D('',#9112,#9113,#9114);
#9112 = CARTESIAN_POINT('',(278.85,0.,0.));
#9113 = DIRECTION('',(1.,0.,0.));
#9114 = DIRECTION('',(0.,0.,1.));
#9115 = ADVANCED_FACE('',(#9116),#9134,.T.);
#9116 = FACE_BOUND('',#9117,.F.);
#9117 = EDGE_LOOP('',(#9118,#9125,#9126,#9133));
#9118 = ORIENTED_EDGE('',*,*,#9119,.F.);
#9119 = EDGE_CURVE('',#9097,#8410,#9120,.T.);
#9120 = CIRCLE('',#9121,3.);
#9121 = AXIS2_PLACEMENT_3D('',#9122,#9123,#9124);
#9122 = CARTESIAN_POINT('',(280.35,11.03,0.));
#9123 = DIRECTION('',(0.,0.,1.));
#9124 = DIRECTION('',(1.,0.,0.));
#9125 = ORIENTED_EDGE('',*,*,#9096,.F.);
#9126 = ORIENTED_EDGE('',*,*,#9127,.T.);
#9127 = EDGE_CURVE('',#9089,#8401,#9128,.T.);
#9128 = CIRCLE('',#9129,3.);
#9129 = AXIS2_PLACEMENT_3D('',#9130,#9131,#9132);
#9130 = CARTESIAN_POINT('',(280.35,11.03,3.));
#9131 = DIRECTION('',(0.,0.,1.));
#9132 = DIRECTION('',(1.,0.,0.));
#9133 = ORIENTED_EDGE('',*,*,#8417,.T.);
#9134 = CYLINDRICAL_SURFACE('',#9135,3.);
#9135 = AXIS2_PLACEMENT_3D('',#9136,#9137,#9138);
#9136 = CARTESIAN_POINT('',(280.35,11.03,0.));
#9137 = DIRECTION('',(-0.,-0.,-1.));
#9138 = DIRECTION('',(1.,0.,0.));
#9139 = ADVANCED_FACE('',(#9140),#9166,.T.);
#9140 = FACE_BOUND('',#9141,.T.);
#9141 = EDGE_LOOP('',(#9142,#9143,#9151,#9160));
#9142 = ORIENTED_EDGE('',*,*,#8441,.T.);
#9143 = ORIENTED_EDGE('',*,*,#9144,.T.);
#9144 = EDGE_CURVE('',#8434,#9145,#9147,.T.);
#9145 = VERTEX_POINT('',#9146);
#9146 = CARTESIAN_POINT('',(281.85,11.03,3.));
#9147 = LINE('',#9148,#9149);
#9148 = CARTESIAN_POINT('',(281.85,0.,3.));
#9149 = VECTOR('',#9150,1.);
#9150 = DIRECTION('',(0.,1.,0.));
#9151 = ORIENTED_EDGE('',*,*,#9152,.F.);
#9152 = EDGE_CURVE('',#9153,#9145,#9155,.T.);
#9153 = VERTEX_POINT('',#9154);
#9154 = CARTESIAN_POINT('',(278.85,11.03,3.));
#9155 = CIRCLE('',#9156,1.5);
#9156 = AXIS2_PLACEMENT_3D('',#9157,#9158,#9159);
#9157 = CARTESIAN_POINT('',(280.35,11.03,3.));
#9158 = DIRECTION('',(0.,0.,1.));
#9159 = DIRECTION('',(1.,0.,0.));
#9160 = ORIENTED_EDGE('',*,*,#9161,.F.);
#9161 = EDGE_CURVE('',#8401,#9153,#9162,.T.);
#9162 = LINE('',#9163,#9164);
#9163 = CARTESIAN_POINT('',(278.85,0.,3.));
#9164 = VECTOR('',#9165,1.);
#9165 = DIRECTION('',(0.,1.,0.));
#9166 = PLANE('',#9167);
#9167 = AXIS2_PLACEMENT_3D('',#9168,#9169,#9170);
#9168 = CARTESIAN_POINT('',(280.35,11.03,3.));
#9169 = DIRECTION('',(0.,0.,1.));
#9170 = DIRECTION('',(1.,0.,0.));
#9171 = ADVANCED_FACE('',(#9172),#9188,.T.);
#9172 = FACE_BOUND('',#9173,.T.);
#9173 = EDGE_LOOP('',(#9174,#9175,#9181,#9182));
#9174 = ORIENTED_EDGE('',*,*,#8433,.F.);
#9175 = ORIENTED_EDGE('',*,*,#9176,.F.);
#9176 = EDGE_CURVE('',#7894,#7752,#9177,.T.);
#9177 = LINE('',#9178,#9179);
#9178 = CARTESIAN_POINT('',(281.85,3.,0.));
#9179 = VECTOR('',#9180,1.);
#9180 = DIRECTION('',(0.,0.,1.));
#9181 = ORIENTED_EDGE('',*,*,#8564,.T.);
#9182 = ORIENTED_EDGE('',*,*,#9183,.F.);
#9183 = EDGE_CURVE('',#8434,#8565,#9184,.T.);
#9184 = LINE('',#9185,#9186);
#9185 = CARTESIAN_POINT('',(281.85,8.431923788647,0.));
#9186 = VECTOR('',#9187,1.);
#9187 = DIRECTION('',(-0.,-0.,-1.));
#9188 = PLANE('',#9189);
#9189 = AXIS2_PLACEMENT_3D('',#9190,#9191,#9192);
#9190 = CARTESIAN_POINT('',(281.85,0.,0.));
#9191 = DIRECTION('',(1.,0.,0.));
#9192 = DIRECTION('',(0.,0.,1.));
#9193 = ADVANCED_FACE('',(#9194),#9205,.T.);
#9194 = FACE_BOUND('',#9195,.T.);
#9195 = EDGE_LOOP('',(#9196,#9202,#9203,#9204));
#9196 = ORIENTED_EDGE('',*,*,#9197,.F.);
#9197 = EDGE_CURVE('',#7916,#7820,#9198,.T.);
#9198 = LINE('',#9199,#9200);
#9199 = CARTESIAN_POINT('',(291.,3.,0.));
#9200 = VECTOR('',#9201,1.);
#9201 = DIRECTION('',(0.,0.,1.));
#9202 = ORIENTED_EDGE('',*,*,#8473,.F.);
#9203 = ORIENTED_EDGE('',*,*,#9176,.T.);
#9204 = ORIENTED_EDGE('',*,*,#8456,.T.);
#9205 = PLANE('',#9206);
#9206 = AXIS2_PLACEMENT_3D('',#9207,#9208,#9209);
#9207 = CARTESIAN_POINT('',(221.7,3.,0.));
#9208 = DIRECTION('',(0.,1.,0.));
#9209 = DIRECTION('',(0.,0.,1.));
#9210 = ADVANCED_FACE('',(#9211),#9222,.F.);
#9211 = FACE_BOUND('',#9212,.F.);
#9212 = EDGE_LOOP('',(#9213,#9214,#9215,#9216));
#9213 = ORIENTED_EDGE('',*,*,#8490,.F.);
#9214 = ORIENTED_EDGE('',*,*,#9197,.F.);
#9215 = ORIENTED_EDGE('',*,*,#8587,.T.);
#9216 = ORIENTED_EDGE('',*,*,#9217,.T.);
#9217 = EDGE_CURVE('',#8588,#8491,#9218,.T.);
#9218 = LINE('',#9219,#9220);
#9219 = CARTESIAN_POINT('',(291.,19.05,0.));
#9220 = VECTOR('',#9221,1.);
#9221 = DIRECTION('',(0.,0.,1.));
#9222 = PLANE('',#9223);
#9223 = AXIS2_PLACEMENT_3D('',#9224,#9225,#9226);
#9224 = CARTESIAN_POINT('',(291.,0.,0.));
#9225 = DIRECTION('',(1.,0.,0.));
#9226 = DIRECTION('',(0.,0.,1.));
#9227 = ADVANCED_FACE('',(#9228),#9253,.T.);
#9228 = FACE_BOUND('',#9229,.T.);
#9229 = EDGE_LOOP('',(#9230,#9238,#9239,#9247));
#9230 = ORIENTED_EDGE('',*,*,#9231,.F.);
#9231 = EDGE_CURVE('',#8491,#9232,#9234,.T.);
#9232 = VERTEX_POINT('',#9233);
#9233 = CARTESIAN_POINT('',(291.,22.05,3.));
#9234 = LINE('',#9235,#9236);
#9235 = CARTESIAN_POINT('',(291.,0.,3.));
#9236 = VECTOR('',#9237,1.);
#9237 = DIRECTION('',(0.,1.,0.));
#9238 = ORIENTED_EDGE('',*,*,#8507,.T.);
#9239 = ORIENTED_EDGE('',*,*,#9240,.T.);
#9240 = EDGE_CURVE('',#8500,#9241,#9243,.T.);
#9241 = VERTEX_POINT('',#9242);
#9242 = CARTESIAN_POINT('',(294.,22.05,3.));
#9243 = LINE('',#9244,#9245);
#9244 = CARTESIAN_POINT('',(294.,19.05,3.));
#9245 = VECTOR('',#9246,1.);
#9246 = DIRECTION('',(0.,1.,0.));
#9247 = ORIENTED_EDGE('',*,*,#9248,.F.);
#9248 = EDGE_CURVE('',#9232,#9241,#9249,.T.);
#9249 = LINE('',#9250,#9251);
#9250 = CARTESIAN_POINT('',(0.,22.05,3.));
#9251 = VECTOR('',#9252,1.);
#9252 = DIRECTION('',(1.,0.,0.));
#9253 = PLANE('',#9254);
#9254 = AXIS2_PLACEMENT_3D('',#9255,#9256,#9257);
#9255 = CARTESIAN_POINT('',(291.,0.,3.));
#9256 = DIRECTION('',(0.,0.,1.));
#9257 = DIRECTION('',(1.,0.,0.));
#9258 = ADVANCED_FACE('',(#9259),#9270,.T.);
#9259 = FACE_BOUND('',#9260,.T.);
#9260 = EDGE_LOOP('',(#9261,#9262,#9263,#9269));
#9261 = ORIENTED_EDGE('',*,*,#8523,.F.);
#9262 = ORIENTED_EDGE('',*,*,#8596,.T.);
#9263 = ORIENTED_EDGE('',*,*,#9264,.T.);
#9264 = EDGE_CURVE('',#8597,#8500,#9265,.T.);
#9265 = LINE('',#9266,#9267);
#9266 = CARTESIAN_POINT('',(294.,19.05,0.));
#9267 = VECTOR('',#9268,1.);
#9268 = DIRECTION('',(0.,0.,1.));
#9269 = ORIENTED_EDGE('',*,*,#8499,.F.);
#9270 = PLANE('',#9271);
#9271 = AXIS2_PLACEMENT_3D('',#9272,#9273,#9274);
#9272 = CARTESIAN_POINT('',(294.,0.,0.));
#9273 = DIRECTION('',(1.,0.,0.));
#9274 = DIRECTION('',(0.,0.,1.));
#9275 = ADVANCED_FACE('',(#9276),#9301,.F.);
#9276 = FACE_BOUND('',#9277,.F.);
#9277 = EDGE_LOOP('',(#9278,#9279,#9287,#9295));
#9278 = ORIENTED_EDGE('',*,*,#8548,.F.);
#9279 = ORIENTED_EDGE('',*,*,#9280,.T.);
#9280 = EDGE_CURVE('',#8377,#9281,#9283,.T.);
#9281 = VERTEX_POINT('',#9282);
#9282 = CARTESIAN_POINT('',(281.85,19.05,0.));
#9283 = LINE('',#9284,#9285);
#9284 = CARTESIAN_POINT('',(0.,19.05,0.));
#9285 = VECTOR('',#9286,1.);
#9286 = DIRECTION('',(1.,0.,0.));
#9287 = ORIENTED_EDGE('',*,*,#9288,.T.);
#9288 = EDGE_CURVE('',#9281,#9289,#9291,.T.);
#9289 = VERTEX_POINT('',#9290);
#9290 = CARTESIAN_POINT('',(281.85,22.05,0.));
#9291 = LINE('',#9292,#9293);
#9292 = CARTESIAN_POINT('',(281.85,0.,0.));
#9293 = VECTOR('',#9294,1.);
#9294 = DIRECTION('',(0.,1.,0.));
#9295 = ORIENTED_EDGE('',*,*,#9296,.F.);
#9296 = EDGE_CURVE('',#8539,#9289,#9297,.T.);
#9297 = LINE('',#9298,#9299);
#9298 = CARTESIAN_POINT('',(278.85,22.05,0.));
#9299 = VECTOR('',#9300,1.);
#9300 = DIRECTION('',(1.,0.,0.));
#9301 = PLANE('',#9302);
#9302 = AXIS2_PLACEMENT_3D('',#9303,#9304,#9305);
#9303 = CARTESIAN_POINT('',(278.85,0.,0.));
#9304 = DIRECTION('',(0.,0.,1.));
#9305 = DIRECTION('',(1.,0.,0.));
#9306 = ADVANCED_FACE('',(#9307),#9333,.F.);
#9307 = FACE_BOUND('',#9308,.F.);
#9308 = EDGE_LOOP('',(#9309,#9310,#9318,#9327));
#9309 = ORIENTED_EDGE('',*,*,#8572,.T.);
#9310 = ORIENTED_EDGE('',*,*,#9311,.T.);
#9311 = EDGE_CURVE('',#8565,#9312,#9314,.T.);
#9312 = VERTEX_POINT('',#9313);
#9313 = CARTESIAN_POINT('',(281.85,11.03,0.));
#9314 = LINE('',#9315,#9316);
#9315 = CARTESIAN_POINT('',(281.85,0.,0.));
#9316 = VECTOR('',#9317,1.);
#9317 = DIRECTION('',(0.,1.,0.));
#9318 = ORIENTED_EDGE('',*,*,#9319,.F.);
#9319 = EDGE_CURVE('',#9320,#9312,#9322,.T.);
#9320 = VERTEX_POINT('',#9321);
#9321 = CARTESIAN_POINT('',(278.85,11.03,0.));
#9322 = CIRCLE('',#9323,1.5);
#9323 = AXIS2_PLACEMENT_3D('',#9324,#9325,#9326);
#9324 = CARTESIAN_POINT('',(280.35,11.03,0.));
#9325 = DIRECTION('',(0.,0.,1.));
#9326 = DIRECTION('',(1.,0.,0.));
#9327 = ORIENTED_EDGE('',*,*,#9328,.F.);
#9328 = EDGE_CURVE('',#8410,#9320,#9329,.T.);
#9329 = LINE('',#9330,#9331);
#9330 = CARTESIAN_POINT('',(278.85,0.,0.));
#9331 = VECTOR('',#9332,1.);
#9332 = DIRECTION('',(0.,1.,0.));
#9333 = PLANE('',#9334);
#9334 = AXIS2_PLACEMENT_3D('',#9335,#9336,#9337);
#9335 = CARTESIAN_POINT('',(280.35,11.03,0.));
#9336 = DIRECTION('',(0.,0.,1.));
#9337 = DIRECTION('',(1.,0.,0.));
#9338 = ADVANCED_FACE('',(#9339),#9364,.F.);
#9339 = FACE_BOUND('',#9340,.F.);
#9340 = EDGE_LOOP('',(#9341,#9349,#9350,#9358));
#9341 = ORIENTED_EDGE('',*,*,#9342,.F.);
#9342 = EDGE_CURVE('',#8588,#9343,#9345,.T.);
#9343 = VERTEX_POINT('',#9344);
#9344 = CARTESIAN_POINT('',(291.,22.05,0.));
#9345 = LINE('',#9346,#9347);
#9346 = CARTESIAN_POINT('',(291.,0.,0.));
#9347 = VECTOR('',#9348,1.);
#9348 = DIRECTION('',(0.,1.,0.));
#9349 = ORIENTED_EDGE('',*,*,#8604,.T.);
#9350 = ORIENTED_EDGE('',*,*,#9351,.T.);
#9351 = EDGE_CURVE('',#8597,#9352,#9354,.T.);
#9352 = VERTEX_POINT('',#9353);
#9353 = CARTESIAN_POINT('',(294.,22.05,0.));
#9354 = LINE('',#9355,#9356);
#9355 = CARTESIAN_POINT('',(294.,19.05,0.));
#9356 = VECTOR('',#9357,1.);
#9357 = DIRECTION('',(0.,1.,0.));
#9358 = ORIENTED_EDGE('',*,*,#9359,.F.);
#9359 = EDGE_CURVE('',#9343,#9352,#9360,.T.);
#9360 = LINE('',#9361,#9362);
#9361 = CARTESIAN_POINT('',(0.,22.05,0.));
#9362 = VECTOR('',#9363,1.);
#9363 = DIRECTION('',(1.,0.,0.));
#9364 = PLANE('',#9365);
#9365 = AXIS2_PLACEMENT_3D('',#9366,#9367,#9368);
#9366 = CARTESIAN_POINT('',(291.,0.,0.));
#9367 = DIRECTION('',(0.,0.,1.));
#9368 = DIRECTION('',(1.,0.,0.));
#9369 = ADVANCED_FACE('',(#9370),#9395,.F.);
#9370 = FACE_BOUND('',#9371,.F.);
#9371 = EDGE_LOOP('',(#9372,#9380,#9381,#9389));
#9372 = ORIENTED_EDGE('',*,*,#9373,.F.);
#9373 = EDGE_CURVE('',#8619,#9374,#9376,.T.);
#9374 = VERTEX_POINT('',#9375);
#9375 = CARTESIAN_POINT('',(140.74,79.2,3.));
#9376 = LINE('',#9377,#9378);
#9377 = CARTESIAN_POINT('',(140.74,57.15,3.));
#9378 = VECTOR('',#9379,1.);
#9379 = DIRECTION('',(0.,1.,0.));
#9380 = ORIENTED_EDGE('',*,*,#8635,.F.);
#9381 = ORIENTED_EDGE('',*,*,#9382,.T.);
#9382 = EDGE_CURVE('',#8628,#9383,#9385,.T.);
#9383 = VERTEX_POINT('',#9384);
#9384 = CARTESIAN_POINT('',(140.74,79.2,0.));
#9385 = LINE('',#9386,#9387);
#9386 = CARTESIAN_POINT('',(140.74,57.15,0.));
#9387 = VECTOR('',#9388,1.);
#9388 = DIRECTION('',(0.,1.,0.));
#9389 = ORIENTED_EDGE('',*,*,#9390,.T.);
#9390 = EDGE_CURVE('',#9383,#9374,#9391,.T.);
#9391 = LINE('',#9392,#9393);
#9392 = CARTESIAN_POINT('',(140.74,79.2,0.));
#9393 = VECTOR('',#9394,1.);
#9394 = DIRECTION('',(0.,0.,1.));
#9395 = PLANE('',#9396);
#9396 = AXIS2_PLACEMENT_3D('',#9397,#9398,#9399);
#9397 = CARTESIAN_POINT('',(140.74,57.15,0.));
#9398 = DIRECTION('',(1.,0.,0.));
#9399 = DIRECTION('',(0.,0.,1.));
#9400 = ADVANCED_FACE('',(#9401),#9419,.T.);
#9401 = FACE_BOUND('',#9402,.T.);
#9402 = EDGE_LOOP('',(#9403,#9404,#9405,#9413));
#9403 = ORIENTED_EDGE('',*,*,#9373,.F.);
#9404 = ORIENTED_EDGE('',*,*,#8659,.T.);
#9405 = ORIENTED_EDGE('',*,*,#9406,.T.);
#9406 = EDGE_CURVE('',#8652,#9407,#9409,.T.);
#9407 = VERTEX_POINT('',#9408);
#9408 = CARTESIAN_POINT('',(143.74,79.2,3.));
#9409 = LINE('',#9410,#9411);
#9410 = CARTESIAN_POINT('',(143.74,57.15,3.));
#9411 = VECTOR('',#9412,1.);
#9412 = DIRECTION('',(0.,1.,0.));
#9413 = ORIENTED_EDGE('',*,*,#9414,.F.);
#9414 = EDGE_CURVE('',#9374,#9407,#9415,.T.);
#9415 = LINE('',#9416,#9417);
#9416 = CARTESIAN_POINT('',(140.74,79.2,3.));
#9417 = VECTOR('',#9418,1.);
#9418 = DIRECTION('',(1.,0.,0.));
#9419 = PLANE('',#9420);
#9420 = AXIS2_PLACEMENT_3D('',#9421,#9422,#9423);
#9421 = CARTESIAN_POINT('',(140.74,57.15,3.));
#9422 = DIRECTION('',(0.,0.,1.));
#9423 = DIRECTION('',(1.,0.,0.));
#9424 = ADVANCED_FACE('',(#9425),#9441,.T.);
#9425 = FACE_BOUND('',#9426,.T.);
#9426 = EDGE_LOOP('',(#9427,#9428,#9434,#9435));
#9427 = ORIENTED_EDGE('',*,*,#8651,.F.);
#9428 = ORIENTED_EDGE('',*,*,#9429,.T.);
#9429 = EDGE_CURVE('',#7998,#8249,#9430,.T.);
#9430 = LINE('',#9431,#9432);
#9431 = CARTESIAN_POINT('',(143.74,60.15,0.));
#9432 = VECTOR('',#9433,1.);
#9433 = DIRECTION('',(0.,0.,-1.));
#9434 = ORIENTED_EDGE('',*,*,#8945,.T.);
#9435 = ORIENTED_EDGE('',*,*,#9436,.T.);
#9436 = EDGE_CURVE('',#8946,#8652,#9437,.T.);
#9437 = LINE('',#9438,#9439);
#9438 = CARTESIAN_POINT('',(143.74,76.2,0.));
#9439 = VECTOR('',#9440,1.);
#9440 = DIRECTION('',(0.,0.,1.));
#9441 = PLANE('',#9442);
#9442 = AXIS2_PLACEMENT_3D('',#9443,#9444,#9445);
#9443 = CARTESIAN_POINT('',(143.74,57.15,0.));
#9444 = DIRECTION('',(1.,0.,0.));
#9445 = DIRECTION('',(0.,0.,1.));
#9446 = ADVANCED_FACE('',(#9447),#9458,.T.);
#9447 = FACE_BOUND('',#9448,.T.);
#9448 = EDGE_LOOP('',(#9449,#9450,#9451,#9452));
#9449 = ORIENTED_EDGE('',*,*,#8967,.F.);
#9450 = ORIENTED_EDGE('',*,*,#9429,.F.);
#9451 = ORIENTED_EDGE('',*,*,#8673,.T.);
#9452 = ORIENTED_EDGE('',*,*,#9453,.F.);
#9453 = EDGE_CURVE('',#8968,#8674,#9454,.T.);
#9454 = LINE('',#9455,#9456);
#9455 = CARTESIAN_POINT('',(150.26,60.15,0.));
#9456 = VECTOR('',#9457,1.);
#9457 = DIRECTION('',(0.,0.,1.));
#9458 = PLANE('',#9459);
#9459 = AXIS2_PLACEMENT_3D('',#9460,#9461,#9462);
#9460 = CARTESIAN_POINT('',(0.,60.15,0.));
#9461 = DIRECTION('',(0.,1.,0.));
#9462 = DIRECTION('',(0.,0.,1.));
#9463 = ADVANCED_FACE('',(#9464),#9489,.T.);
#9464 = FACE_BOUND('',#9465,.T.);
#9465 = EDGE_LOOP('',(#9466,#9467,#9475,#9483));
#9466 = ORIENTED_EDGE('',*,*,#8690,.F.);
#9467 = ORIENTED_EDGE('',*,*,#9468,.T.);
#9468 = EDGE_CURVE('',#8683,#9469,#9471,.T.);
#9469 = VERTEX_POINT('',#9470);
#9470 = CARTESIAN_POINT('',(153.26,57.15,3.));
#9471 = LINE('',#9472,#9473);
#9472 = CARTESIAN_POINT('',(0.,57.15,3.));
#9473 = VECTOR('',#9474,1.);
#9474 = DIRECTION('',(1.,0.,0.));
#9475 = ORIENTED_EDGE('',*,*,#9476,.T.);
#9476 = EDGE_CURVE('',#9469,#9477,#9479,.T.);
#9477 = VERTEX_POINT('',#9478);
#9478 = CARTESIAN_POINT('',(153.26,60.15,3.));
#9479 = LINE('',#9480,#9481);
#9480 = CARTESIAN_POINT('',(153.26,38.1,3.));
#9481 = VECTOR('',#9482,1.);
#9482 = DIRECTION('',(0.,1.,0.));
#9483 = ORIENTED_EDGE('',*,*,#9484,.F.);
#9484 = EDGE_CURVE('',#8674,#9477,#9485,.T.);
#9485 = LINE('',#9486,#9487);
#9486 = CARTESIAN_POINT('',(150.26,60.15,3.));
#9487 = VECTOR('',#9488,1.);
#9488 = DIRECTION('',(1.,0.,0.));
#9489 = PLANE('',#9490);
#9490 = AXIS2_PLACEMENT_3D('',#9491,#9492,#9493);
#9491 = CARTESIAN_POINT('',(150.26,38.1,3.));
#9492 = DIRECTION('',(0.,0.,1.));
#9493 = DIRECTION('',(1.,0.,0.));
#9494 = ADVANCED_FACE('',(#9495),#9507,.F.);
#9495 = FACE_BOUND('',#9496,.F.);
#9496 = EDGE_LOOP('',(#9497,#9498,#9499,#9506));
#9497 = ORIENTED_EDGE('',*,*,#8782,.F.);
#9498 = ORIENTED_EDGE('',*,*,#9001,.T.);
#9499 = ORIENTED_EDGE('',*,*,#9500,.T.);
#9500 = EDGE_CURVE('',#8993,#8053,#9501,.T.);
#9501 = CIRCLE('',#9502,3.);
#9502 = AXIS2_PLACEMENT_3D('',#9503,#9504,#9505);
#9503 = CARTESIAN_POINT('',(151.76,49.13,0.));
#9504 = DIRECTION('',(0.,0.,1.));
#9505 = DIRECTION('',(1.,0.,0.));
#9506 = ORIENTED_EDGE('',*,*,#8729,.F.);
#9507 = PLANE('',#9508);
#9508 = AXIS2_PLACEMENT_3D('',#9509,#9510,#9511);
#9509 = CARTESIAN_POINT('',(151.76,49.13,0.));
#9510 = DIRECTION('',(0.,0.,1.));
#9511 = DIRECTION('',(1.,0.,0.));
#9512 = ADVANCED_FACE('',(#9513),#9525,.T.);
#9513 = FACE_BOUND('',#9514,.T.);
#9514 = EDGE_LOOP('',(#9515,#9516,#9517,#9524));
#9515 = ORIENTED_EDGE('',*,*,#8795,.F.);
#9516 = ORIENTED_EDGE('',*,*,#8831,.T.);
#9517 = ORIENTED_EDGE('',*,*,#9518,.T.);
#9518 = EDGE_CURVE('',#8823,#8062,#9519,.T.);
#9519 = CIRCLE('',#9520,3.);
#9520 = AXIS2_PLACEMENT_3D('',#9521,#9522,#9523);
#9521 = CARTESIAN_POINT('',(151.76,49.13,3.));
#9522 = DIRECTION('',(0.,0.,1.));
#9523 = DIRECTION('',(1.,0.,0.));
#9524 = ORIENTED_EDGE('',*,*,#8745,.F.);
#9525 = PLANE('',#9526);
#9526 = AXIS2_PLACEMENT_3D('',#9527,#9528,#9529);
#9527 = CARTESIAN_POINT('',(151.76,49.13,3.));
#9528 = DIRECTION('',(0.,0.,1.));
#9529 = DIRECTION('',(1.,0.,0.));
#9530 = ADVANCED_FACE('',(#9531),#9542,.T.);
#9531 = FACE_BOUND('',#9532,.T.);
#9532 = EDGE_LOOP('',(#9533,#9534,#9535,#9541));
#9533 = ORIENTED_EDGE('',*,*,#8760,.F.);
#9534 = ORIENTED_EDGE('',*,*,#9518,.F.);
#9535 = ORIENTED_EDGE('',*,*,#9536,.T.);
#9536 = EDGE_CURVE('',#8823,#9469,#9537,.T.);
#9537 = LINE('',#9538,#9539);
#9538 = CARTESIAN_POINT('',(153.26,38.1,3.));
#9539 = VECTOR('',#9540,1.);
#9540 = DIRECTION('',(0.,1.,0.));
#9541 = ORIENTED_EDGE('',*,*,#9468,.F.);
#9542 = PLANE('',#9543);
#9543 = AXIS2_PLACEMENT_3D('',#9544,#9545,#9546);
#9544 = CARTESIAN_POINT('',(150.26,38.1,3.));
#9545 = DIRECTION('',(0.,0.,1.));
#9546 = DIRECTION('',(1.,0.,0.));
#9547 = ADVANCED_FACE('',(#9548),#9566,.F.);
#9548 = FACE_BOUND('',#9549,.F.);
#9549 = EDGE_LOOP('',(#9550,#9551,#9552,#9560));
#9550 = ORIENTED_EDGE('',*,*,#8767,.F.);
#9551 = ORIENTED_EDGE('',*,*,#9500,.F.);
#9552 = ORIENTED_EDGE('',*,*,#9553,.T.);
#9553 = EDGE_CURVE('',#8993,#9554,#9556,.T.);
#9554 = VERTEX_POINT('',#9555);
#9555 = CARTESIAN_POINT('',(153.26,57.15,0.));
#9556 = LINE('',#9557,#9558);
#9557 = CARTESIAN_POINT('',(153.26,38.1,0.));
#9558 = VECTOR('',#9559,1.);
#9559 = DIRECTION('',(0.,1.,0.));
#9560 = ORIENTED_EDGE('',*,*,#9561,.F.);
#9561 = EDGE_CURVE('',#8705,#9554,#9562,.T.);
#9562 = LINE('',#9563,#9564);
#9563 = CARTESIAN_POINT('',(0.,57.15,0.));
#9564 = VECTOR('',#9565,1.);
#9565 = DIRECTION('',(1.,0.,0.));
#9566 = PLANE('',#9567);
#9567 = AXIS2_PLACEMENT_3D('',#9568,#9569,#9570);
#9568 = CARTESIAN_POINT('',(150.26,38.1,0.));
#9569 = DIRECTION('',(0.,0.,1.));
#9570 = DIRECTION('',(1.,0.,0.));
#9571 = ADVANCED_FACE('',(#9572),#9583,.T.);
#9572 = FACE_BOUND('',#9573,.F.);
#9573 = EDGE_LOOP('',(#9574,#9575,#9576,#9577));
#9574 = ORIENTED_EDGE('',*,*,#8992,.F.);
#9575 = ORIENTED_EDGE('',*,*,#8846,.T.);
#9576 = ORIENTED_EDGE('',*,*,#8822,.T.);
#9577 = ORIENTED_EDGE('',*,*,#9578,.T.);
#9578 = EDGE_CURVE('',#8823,#8993,#9579,.T.);
#9579 = LINE('',#9580,#9581);
#9580 = CARTESIAN_POINT('',(153.26,51.728076211353,0.));
#9581 = VECTOR('',#9582,1.);
#9582 = DIRECTION('',(-0.,-0.,-1.));
#9583 = CYLINDRICAL_SURFACE('',#9584,3.);
#9584 = AXIS2_PLACEMENT_3D('',#9585,#9586,#9587);
#9585 = CARTESIAN_POINT('',(151.76,49.13,0.));
#9586 = DIRECTION('',(-0.,-0.,-1.));
#9587 = DIRECTION('',(1.,0.,0.));
#9588 = ADVANCED_FACE('',(#9589),#9600,.T.);
#9589 = FACE_BOUND('',#9590,.T.);
#9590 = EDGE_LOOP('',(#9591,#9592,#9593,#9594));
#9591 = ORIENTED_EDGE('',*,*,#9016,.F.);
#9592 = ORIENTED_EDGE('',*,*,#8874,.T.);
#9593 = ORIENTED_EDGE('',*,*,#8888,.T.);
#9594 = ORIENTED_EDGE('',*,*,#9595,.T.);
#9595 = EDGE_CURVE('',#8889,#9017,#9596,.T.);
#9596 = LINE('',#9597,#9598);
#9597 = CARTESIAN_POINT('',(207.41,41.1,0.));
#9598 = VECTOR('',#9599,1.);
#9599 = DIRECTION('',(0.,0.,-1.));
#9600 = PLANE('',#9601);
#9601 = AXIS2_PLACEMENT_3D('',#9602,#9603,#9604);
#9602 = CARTESIAN_POINT('',(0.,41.1,0.));
#9603 = DIRECTION('',(0.,1.,0.));
#9604 = DIRECTION('',(0.,0.,1.));
#9605 = ADVANCED_FACE('',(#9606),#9631,.T.);
#9606 = FACE_BOUND('',#9607,.T.);
#9607 = EDGE_LOOP('',(#9608,#9616,#9617,#9625));
#9608 = ORIENTED_EDGE('',*,*,#9609,.F.);
#9609 = EDGE_CURVE('',#8889,#9610,#9612,.T.);
#9610 = VERTEX_POINT('',#9611);
#9611 = CARTESIAN_POINT('',(210.41,41.1,3.));
#9612 = LINE('',#9613,#9614);
#9613 = CARTESIAN_POINT('',(0.,41.1,3.));
#9614 = VECTOR('',#9615,1.);
#9615 = DIRECTION('',(1.,0.,0.));
#9616 = ORIENTED_EDGE('',*,*,#8905,.F.);
#9617 = ORIENTED_EDGE('',*,*,#9618,.T.);
#9618 = EDGE_CURVE('',#8898,#9619,#9621,.T.);
#9619 = VERTEX_POINT('',#9620);
#9620 = CARTESIAN_POINT('',(210.41,38.1,3.));
#9621 = LINE('',#9622,#9623);
#9622 = CARTESIAN_POINT('',(207.41,38.1,3.));
#9623 = VECTOR('',#9624,1.);
#9624 = DIRECTION('',(1.,0.,0.));
#9625 = ORIENTED_EDGE('',*,*,#9626,.T.);
#9626 = EDGE_CURVE('',#9619,#9610,#9627,.T.);
#9627 = LINE('',#9628,#9629);
#9628 = CARTESIAN_POINT('',(210.41,38.1,3.));
#9629 = VECTOR('',#9630,1.);
#9630 = DIRECTION('',(0.,1.,0.));
#9631 = PLANE('',#9632);
#9632 = AXIS2_PLACEMENT_3D('',#9633,#9634,#9635);
#9633 = CARTESIAN_POINT('',(0.,38.1,3.));
#9634 = DIRECTION('',(0.,0.,1.));
#9635 = DIRECTION('',(1.,0.,0.));
#9636 = ADVANCED_FACE('',(#9637),#9655,.F.);
#9637 = FACE_BOUND('',#9638,.F.);
#9638 = EDGE_LOOP('',(#9639,#9647,#9648,#9649));
#9639 = ORIENTED_EDGE('',*,*,#9640,.F.);
#9640 = EDGE_CURVE('',#8920,#9641,#9643,.T.);
#9641 = VERTEX_POINT('',#9642);
#9642 = CARTESIAN_POINT('',(210.41,38.1,0.));
#9643 = LINE('',#9644,#9645);
#9644 = CARTESIAN_POINT('',(207.41,38.1,0.));
#9645 = VECTOR('',#9646,1.);
#9646 = DIRECTION('',(1.,0.,0.));
#9647 = ORIENTED_EDGE('',*,*,#8929,.T.);
#9648 = ORIENTED_EDGE('',*,*,#9618,.T.);
#9649 = ORIENTED_EDGE('',*,*,#9650,.F.);
#9650 = EDGE_CURVE('',#9641,#9619,#9651,.T.);
#9651 = LINE('',#9652,#9653);
#9652 = CARTESIAN_POINT('',(210.41,38.1,0.));
#9653 = VECTOR('',#9654,1.);
#9654 = DIRECTION('',(0.,0.,1.));
#9655 = PLANE('',#9656);
#9656 = AXIS2_PLACEMENT_3D('',#9657,#9658,#9659);
#9657 = CARTESIAN_POINT('',(207.41,38.1,0.));
#9658 = DIRECTION('',(0.,1.,0.));
#9659 = DIRECTION('',(0.,0.,1.));
#9660 = ADVANCED_FACE('',(#9661),#9679,.F.);
#9661 = FACE_BOUND('',#9662,.F.);
#9662 = EDGE_LOOP('',(#9663,#9664,#9665,#9673));
#9663 = ORIENTED_EDGE('',*,*,#9382,.F.);
#9664 = ORIENTED_EDGE('',*,*,#8953,.T.);
#9665 = ORIENTED_EDGE('',*,*,#9666,.T.);
#9666 = EDGE_CURVE('',#8946,#9667,#9669,.T.);
#9667 = VERTEX_POINT('',#9668);
#9668 = CARTESIAN_POINT('',(143.74,79.2,0.));
#9669 = LINE('',#9670,#9671);
#9670 = CARTESIAN_POINT('',(143.74,57.15,0.));
#9671 = VECTOR('',#9672,1.);
#9672 = DIRECTION('',(0.,1.,0.));
#9673 = ORIENTED_EDGE('',*,*,#9674,.F.);
#9674 = EDGE_CURVE('',#9383,#9667,#9675,.T.);
#9675 = LINE('',#9676,#9677);
#9676 = CARTESIAN_POINT('',(140.74,79.2,0.));
#9677 = VECTOR('',#9678,1.);
#9678 = DIRECTION('',(1.,0.,0.));
#9679 = PLANE('',#9680);
#9680 = AXIS2_PLACEMENT_3D('',#9681,#9682,#9683);
#9681 = CARTESIAN_POINT('',(140.74,57.15,0.));
#9682 = DIRECTION('',(0.,0.,1.));
#9683 = DIRECTION('',(1.,0.,0.));
#9684 = ADVANCED_FACE('',(#9685),#9703,.F.);
#9685 = FACE_BOUND('',#9686,.F.);
#9686 = EDGE_LOOP('',(#9687,#9688,#9689,#9697));
#9687 = ORIENTED_EDGE('',*,*,#8977,.F.);
#9688 = ORIENTED_EDGE('',*,*,#9561,.T.);
#9689 = ORIENTED_EDGE('',*,*,#9690,.T.);
#9690 = EDGE_CURVE('',#9554,#9691,#9693,.T.);
#9691 = VERTEX_POINT('',#9692);
#9692 = CARTESIAN_POINT('',(153.26,60.15,0.));
#9693 = LINE('',#9694,#9695);
#9694 = CARTESIAN_POINT('',(153.26,38.1,0.));
#9695 = VECTOR('',#9696,1.);
#9696 = DIRECTION('',(0.,1.,0.));
#9697 = ORIENTED_EDGE('',*,*,#9698,.F.);
#9698 = EDGE_CURVE('',#8968,#9691,#9699,.T.);
#9699 = LINE('',#9700,#9701);
#9700 = CARTESIAN_POINT('',(150.26,60.15,0.));
#9701 = VECTOR('',#9702,1.);
#9702 = DIRECTION('',(1.,0.,0.));
#9703 = PLANE('',#9704);
#9704 = AXIS2_PLACEMENT_3D('',#9705,#9706,#9707);
#9705 = CARTESIAN_POINT('',(150.26,38.1,0.));
#9706 = DIRECTION('',(0.,0.,1.));
#9707 = DIRECTION('',(1.,0.,0.));
#9708 = ADVANCED_FACE('',(#9709),#9727,.F.);
#9709 = FACE_BOUND('',#9710,.F.);
#9710 = EDGE_LOOP('',(#9711,#9719,#9720,#9721));
#9711 = ORIENTED_EDGE('',*,*,#9712,.F.);
#9712 = EDGE_CURVE('',#9017,#9713,#9715,.T.);
#9713 = VERTEX_POINT('',#9714);
#9714 = CARTESIAN_POINT('',(210.41,41.1,0.));
#9715 = LINE('',#9716,#9717);
#9716 = CARTESIAN_POINT('',(0.,41.1,0.));
#9717 = VECTOR('',#9718,1.);
#9718 = DIRECTION('',(1.,0.,0.));
#9719 = ORIENTED_EDGE('',*,*,#9026,.F.);
#9720 = ORIENTED_EDGE('',*,*,#9640,.T.);
#9721 = ORIENTED_EDGE('',*,*,#9722,.T.);
#9722 = EDGE_CURVE('',#9641,#9713,#9723,.T.);
#9723 = LINE('',#9724,#9725);
#9724 = CARTESIAN_POINT('',(210.41,38.1,0.));
#9725 = VECTOR('',#9726,1.);
#9726 = DIRECTION('',(0.,1.,0.));
#9727 = PLANE('',#9728);
#9728 = AXIS2_PLACEMENT_3D('',#9729,#9730,#9731);
#9729 = CARTESIAN_POINT('',(0.,38.1,0.));
#9730 = DIRECTION('',(0.,0.,1.));
#9731 = DIRECTION('',(1.,0.,0.));
#9732 = ADVANCED_FACE('',(#9733),#9744,.T.);
#9733 = FACE_BOUND('',#9734,.T.);
#9734 = EDGE_LOOP('',(#9735,#9736,#9737,#9738));
#9735 = ORIENTED_EDGE('',*,*,#9296,.F.);
#9736 = ORIENTED_EDGE('',*,*,#9043,.T.);
#9737 = ORIENTED_EDGE('',*,*,#9074,.T.);
#9738 = ORIENTED_EDGE('',*,*,#9739,.F.);
#9739 = EDGE_CURVE('',#9289,#9067,#9740,.T.);
#9740 = LINE('',#9741,#9742);
#9741 = CARTESIAN_POINT('',(281.85,22.05,0.));
#9742 = VECTOR('',#9743,1.);
#9743 = DIRECTION('',(0.,0.,1.));
#9744 = PLANE('',#9745);
#9745 = AXIS2_PLACEMENT_3D('',#9746,#9747,#9748);
#9746 = CARTESIAN_POINT('',(278.85,22.05,0.));
#9747 = DIRECTION('',(0.,1.,0.));
#9748 = DIRECTION('',(0.,0.,1.));
#9749 = ADVANCED_FACE('',(#9750),#9766,.T.);
#9750 = FACE_BOUND('',#9751,.T.);
#9751 = EDGE_LOOP('',(#9752,#9758,#9759,#9765));
#9752 = ORIENTED_EDGE('',*,*,#9753,.F.);
#9753 = EDGE_CURVE('',#9067,#9232,#9754,.T.);
#9754 = LINE('',#9755,#9756);
#9755 = CARTESIAN_POINT('',(0.,22.05,3.));
#9756 = VECTOR('',#9757,1.);
#9757 = DIRECTION('',(1.,0.,0.));
#9758 = ORIENTED_EDGE('',*,*,#9066,.F.);
#9759 = ORIENTED_EDGE('',*,*,#9760,.T.);
#9760 = EDGE_CURVE('',#9059,#8491,#9761,.T.);
#9761 = LINE('',#9762,#9763);
#9762 = CARTESIAN_POINT('',(0.,19.05,3.));
#9763 = VECTOR('',#9764,1.);
#9764 = DIRECTION('',(1.,0.,0.));
#9765 = ORIENTED_EDGE('',*,*,#9231,.T.);
#9766 = PLANE('',#9767);
#9767 = AXIS2_PLACEMENT_3D('',#9768,#9769,#9770);
#9768 = CARTESIAN_POINT('',(0.,19.05,3.));
#9769 = DIRECTION('',(0.,0.,1.));
#9770 = DIRECTION('',(1.,0.,0.));
#9771 = ADVANCED_FACE('',(#9772),#9791,.T.);
#9772 = FACE_BOUND('',#9773,.T.);
#9773 = EDGE_LOOP('',(#9774,#9775,#9784,#9790));
#9774 = ORIENTED_EDGE('',*,*,#9088,.F.);
#9775 = ORIENTED_EDGE('',*,*,#9776,.F.);
#9776 = EDGE_CURVE('',#9777,#9089,#9779,.T.);
#9777 = VERTEX_POINT('',#9778);
#9778 = CARTESIAN_POINT('',(281.85,13.628076211353,3.));
#9779 = CIRCLE('',#9780,3.);
#9780 = AXIS2_PLACEMENT_3D('',#9781,#9782,#9783);
#9781 = CARTESIAN_POINT('',(280.35,11.03,3.));
#9782 = DIRECTION('',(0.,0.,1.));
#9783 = DIRECTION('',(1.,0.,0.));
#9784 = ORIENTED_EDGE('',*,*,#9785,.T.);
#9785 = EDGE_CURVE('',#9777,#9059,#9786,.T.);
#9786 = LINE('',#9787,#9788);
#9787 = CARTESIAN_POINT('',(281.85,0.,3.));
#9788 = VECTOR('',#9789,1.);
#9789 = DIRECTION('',(0.,1.,0.));
#9790 = ORIENTED_EDGE('',*,*,#9058,.F.);
#9791 = PLANE('',#9792);
#9792 = AXIS2_PLACEMENT_3D('',#9793,#9794,#9795);
#9793 = CARTESIAN_POINT('',(278.85,0.,3.));
#9794 = DIRECTION('',(0.,0.,1.));
#9795 = DIRECTION('',(1.,0.,0.));
#9796 = ADVANCED_FACE('',(#9797),#9816,.F.);
#9797 = FACE_BOUND('',#9798,.F.);
#9798 = EDGE_LOOP('',(#9799,#9800,#9809,#9815));
#9799 = ORIENTED_EDGE('',*,*,#9104,.F.);
#9800 = ORIENTED_EDGE('',*,*,#9801,.F.);
#9801 = EDGE_CURVE('',#9802,#9097,#9804,.T.);
#9802 = VERTEX_POINT('',#9803);
#9803 = CARTESIAN_POINT('',(281.85,13.628076211353,0.));
#9804 = CIRCLE('',#9805,3.);
#9805 = AXIS2_PLACEMENT_3D('',#9806,#9807,#9808);
#9806 = CARTESIAN_POINT('',(280.35,11.03,0.));
#9807 = DIRECTION('',(0.,0.,1.));
#9808 = DIRECTION('',(1.,0.,0.));
#9809 = ORIENTED_EDGE('',*,*,#9810,.T.);
#9810 = EDGE_CURVE('',#9802,#9281,#9811,.T.);
#9811 = LINE('',#9812,#9813);
#9812 = CARTESIAN_POINT('',(281.85,0.,0.));
#9813 = VECTOR('',#9814,1.);
#9814 = DIRECTION('',(0.,1.,0.));
#9815 = ORIENTED_EDGE('',*,*,#9280,.F.);
#9816 = PLANE('',#9817);
#9817 = AXIS2_PLACEMENT_3D('',#9818,#9819,#9820);
#9818 = CARTESIAN_POINT('',(278.85,0.,0.));
#9819 = DIRECTION('',(0.,0.,1.));
#9820 = DIRECTION('',(1.,0.,0.));
#9821 = ADVANCED_FACE('',(#9822),#9832,.F.);
#9822 = FACE_BOUND('',#9823,.F.);
#9823 = EDGE_LOOP('',(#9824,#9825,#9831));
#9824 = ORIENTED_EDGE('',*,*,#9328,.T.);
#9825 = ORIENTED_EDGE('',*,*,#9826,.T.);
#9826 = EDGE_CURVE('',#9320,#9097,#9827,.T.);
#9827 = LINE('',#9828,#9829);
#9828 = CARTESIAN_POINT('',(278.85,0.,0.));
#9829 = VECTOR('',#9830,1.);
#9830 = DIRECTION('',(0.,1.,0.));
#9831 = ORIENTED_EDGE('',*,*,#9119,.T.);
#9832 = PLANE('',#9833);
#9833 = AXIS2_PLACEMENT_3D('',#9834,#9835,#9836);
#9834 = CARTESIAN_POINT('',(280.35,11.03,0.));
#9835 = DIRECTION('',(0.,0.,1.));
#9836 = DIRECTION('',(1.,0.,0.));
#9837 = ADVANCED_FACE('',(#9838),#9848,.T.);
#9838 = FACE_BOUND('',#9839,.T.);
#9839 = EDGE_LOOP('',(#9840,#9841,#9847));
#9840 = ORIENTED_EDGE('',*,*,#9161,.T.);
#9841 = ORIENTED_EDGE('',*,*,#9842,.T.);
#9842 = EDGE_CURVE('',#9153,#9089,#9843,.T.);
#9843 = LINE('',#9844,#9845);
#9844 = CARTESIAN_POINT('',(278.85,0.,3.));
#9845 = VECTOR('',#9846,1.);
#9846 = DIRECTION('',(0.,1.,0.));
#9847 = ORIENTED_EDGE('',*,*,#9127,.T.);
#9848 = PLANE('',#9849);
#9849 = AXIS2_PLACEMENT_3D('',#9850,#9851,#9852);
#9850 = CARTESIAN_POINT('',(280.35,11.03,3.));
#9851 = DIRECTION('',(0.,0.,1.));
#9852 = DIRECTION('',(1.,0.,0.));
#9853 = ADVANCED_FACE('',(#9854),#9879,.F.);
#9854 = FACE_BOUND('',#9855,.T.);
#9855 = EDGE_LOOP('',(#9856,#9863,#9869,#9876,#9877,#9878));
#9856 = ORIENTED_EDGE('',*,*,#9857,.F.);
#9857 = EDGE_CURVE('',#9312,#9320,#9858,.T.);
#9858 = CIRCLE('',#9859,1.5);
#9859 = AXIS2_PLACEMENT_3D('',#9860,#9861,#9862);
#9860 = CARTESIAN_POINT('',(280.35,11.03,0.));
#9861 = DIRECTION('',(0.,0.,1.));
#9862 = DIRECTION('',(1.,0.,0.));
#9863 = ORIENTED_EDGE('',*,*,#9864,.T.);
#9864 = EDGE_CURVE('',#9312,#9145,#9865,.T.);
#9865 = LINE('',#9866,#9867);
#9866 = CARTESIAN_POINT('',(281.85,11.03,0.));
#9867 = VECTOR('',#9868,1.);
#9868 = DIRECTION('',(0.,0.,1.));
#9869 = ORIENTED_EDGE('',*,*,#9870,.T.);
#9870 = EDGE_CURVE('',#9145,#9153,#9871,.T.);
#9871 = CIRCLE('',#9872,1.5);
#9872 = AXIS2_PLACEMENT_3D('',#9873,#9874,#9875);
#9873 = CARTESIAN_POINT('',(280.35,11.03,3.));
#9874 = DIRECTION('',(0.,0.,1.));
#9875 = DIRECTION('',(1.,0.,0.));
#9876 = ORIENTED_EDGE('',*,*,#9152,.T.);
#9877 = ORIENTED_EDGE('',*,*,#9864,.F.);
#9878 = ORIENTED_EDGE('',*,*,#9319,.F.);
#9879 = CYLINDRICAL_SURFACE('',#9880,1.5);
#9880 = AXIS2_PLACEMENT_3D('',#9881,#9882,#9883);
#9881 = CARTESIAN_POINT('',(280.35,11.03,0.));
#9882 = DIRECTION('',(-0.,-0.,-1.));
#9883 = DIRECTION('',(1.,0.,0.));
#9884 = ADVANCED_FACE('',(#9885),#9910,.T.);
#9885 = FACE_BOUND('',#9886,.T.);
#9886 = EDGE_LOOP('',(#9887,#9896,#9903,#9909));
#9887 = ORIENTED_EDGE('',*,*,#9888,.T.);
#9888 = EDGE_CURVE('',#8434,#9889,#9891,.T.);
#9889 = VERTEX_POINT('',#9890);
#9890 = CARTESIAN_POINT('',(283.35,11.03,3.));
#9891 = CIRCLE('',#9892,3.);
#9892 = AXIS2_PLACEMENT_3D('',#9893,#9894,#9895);
#9893 = CARTESIAN_POINT('',(280.35,11.03,3.));
#9894 = DIRECTION('',(0.,0.,1.));
#9895 = DIRECTION('',(1.,0.,0.));
#9896 = ORIENTED_EDGE('',*,*,#9897,.T.);
#9897 = EDGE_CURVE('',#9889,#9777,#9898,.T.);
#9898 = CIRCLE('',#9899,3.);
#9899 = AXIS2_PLACEMENT_3D('',#9900,#9901,#9902);
#9900 = CARTESIAN_POINT('',(280.35,11.03,3.));
#9901 = DIRECTION('',(0.,0.,1.));
#9902 = DIRECTION('',(1.,0.,0.));
#9903 = ORIENTED_EDGE('',*,*,#9904,.F.);
#9904 = EDGE_CURVE('',#9145,#9777,#9905,.T.);
#9905 = LINE('',#9906,#9907);
#9906 = CARTESIAN_POINT('',(281.85,0.,3.));
#9907 = VECTOR('',#9908,1.);
#9908 = DIRECTION('',(0.,1.,0.));
#9909 = ORIENTED_EDGE('',*,*,#9144,.F.);
#9910 = PLANE('',#9911);
#9911 = AXIS2_PLACEMENT_3D('',#9912,#9913,#9914);
#9912 = CARTESIAN_POINT('',(280.35,11.03,3.));
#9913 = DIRECTION('',(0.,0.,1.));
#9914 = DIRECTION('',(1.,0.,0.));
#9915 = ADVANCED_FACE('',(#9916),#9935,.T.);
#9916 = FACE_BOUND('',#9917,.F.);
#9917 = EDGE_LOOP('',(#9918,#9926,#9933,#9934));
#9918 = ORIENTED_EDGE('',*,*,#9919,.F.);
#9919 = EDGE_CURVE('',#9920,#9889,#9922,.T.);
#9920 = VERTEX_POINT('',#9921);
#9921 = CARTESIAN_POINT('',(283.35,11.03,0.));
#9922 = LINE('',#9923,#9924);
#9923 = CARTESIAN_POINT('',(283.35,11.03,0.));
#9924 = VECTOR('',#9925,1.);
#9925 = DIRECTION('',(0.,0.,1.));
#9926 = ORIENTED_EDGE('',*,*,#9927,.F.);
#9927 = EDGE_CURVE('',#8565,#9920,#9928,.T.);
#9928 = CIRCLE('',#9929,3.);
#9929 = AXIS2_PLACEMENT_3D('',#9930,#9931,#9932);
#9930 = CARTESIAN_POINT('',(280.35,11.03,0.));
#9931 = DIRECTION('',(0.,0.,1.));
#9932 = DIRECTION('',(1.,0.,0.));
#9933 = ORIENTED_EDGE('',*,*,#9183,.F.);
#9934 = ORIENTED_EDGE('',*,*,#9888,.T.);
#9935 = CYLINDRICAL_SURFACE('',#9936,3.);
#9936 = AXIS2_PLACEMENT_3D('',#9937,#9938,#9939);
#9937 = CARTESIAN_POINT('',(280.35,11.03,0.));
#9938 = DIRECTION('',(-0.,-0.,-1.));
#9939 = DIRECTION('',(1.,0.,0.));
#9940 = ADVANCED_FACE('',(#9941),#9957,.F.);
#9941 = FACE_BOUND('',#9942,.F.);
#9942 = EDGE_LOOP('',(#9943,#9949,#9955,#9956));
#9943 = ORIENTED_EDGE('',*,*,#9944,.F.);
#9944 = EDGE_CURVE('',#9281,#8588,#9945,.T.);
#9945 = LINE('',#9946,#9947);
#9946 = CARTESIAN_POINT('',(0.,19.05,0.));
#9947 = VECTOR('',#9948,1.);
#9948 = DIRECTION('',(1.,0.,0.));
#9949 = ORIENTED_EDGE('',*,*,#9950,.T.);
#9950 = EDGE_CURVE('',#9281,#9059,#9951,.T.);
#9951 = LINE('',#9952,#9953);
#9952 = CARTESIAN_POINT('',(281.85,19.05,0.));
#9953 = VECTOR('',#9954,1.);
#9954 = DIRECTION('',(0.,0.,1.));
#9955 = ORIENTED_EDGE('',*,*,#9760,.T.);
#9956 = ORIENTED_EDGE('',*,*,#9217,.F.);
#9957 = PLANE('',#9958);
#9958 = AXIS2_PLACEMENT_3D('',#9959,#9960,#9961);
#9959 = CARTESIAN_POINT('',(0.,19.05,0.));
#9960 = DIRECTION('',(0.,1.,0.));
#9961 = DIRECTION('',(0.,0.,1.));
#9962 = ADVANCED_FACE('',(#9963),#9988,.T.);
#9963 = FACE_BOUND('',#9964,.T.);
#9964 = EDGE_LOOP('',(#9965,#9973,#9974,#9982));
#9965 = ORIENTED_EDGE('',*,*,#9966,.F.);
#9966 = EDGE_CURVE('',#9232,#9967,#9969,.T.);
#9967 = VERTEX_POINT('',#9968);
#9968 = CARTESIAN_POINT('',(291.,38.1,3.));
#9969 = LINE('',#9970,#9971);
#9970 = CARTESIAN_POINT('',(291.,0.,3.));
#9971 = VECTOR('',#9972,1.);
#9972 = DIRECTION('',(0.,1.,0.));
#9973 = ORIENTED_EDGE('',*,*,#9248,.T.);
#9974 = ORIENTED_EDGE('',*,*,#9975,.T.);
#9975 = EDGE_CURVE('',#9241,#9976,#9978,.T.);
#9976 = VERTEX_POINT('',#9977);
#9977 = CARTESIAN_POINT('',(294.,38.1,3.));
#9978 = LINE('',#9979,#9980);
#9979 = CARTESIAN_POINT('',(294.,0.,3.));
#9980 = VECTOR('',#9981,1.);
#9981 = DIRECTION('',(0.,1.,0.));
#9982 = ORIENTED_EDGE('',*,*,#9983,.F.);
#9983 = EDGE_CURVE('',#9967,#9976,#9984,.T.);
#9984 = LINE('',#9985,#9986);
#9985 = CARTESIAN_POINT('',(0.,38.1,3.));
#9986 = VECTOR('',#9987,1.);
#9987 = DIRECTION('',(1.,0.,0.));
#9988 = PLANE('',#9989);
#9989 = AXIS2_PLACEMENT_3D('',#9990,#9991,#9992);
#9990 = CARTESIAN_POINT('',(291.,0.,3.));
#9991 = DIRECTION('',(0.,0.,1.));
#9992 = DIRECTION('',(1.,0.,0.));
#9993 = ADVANCED_FACE('',(#9994),#10005,.T.);
#9994 = FACE_BOUND('',#9995,.T.);
#9995 = EDGE_LOOP('',(#9996,#9997,#9998,#10004));
#9996 = ORIENTED_EDGE('',*,*,#9264,.F.);
#9997 = ORIENTED_EDGE('',*,*,#9351,.T.);
#9998 = ORIENTED_EDGE('',*,*,#9999,.T.);
#9999 = EDGE_CURVE('',#9352,#9241,#10000,.T.);
#10000 = LINE('',#10001,#10002);
#10001 = CARTESIAN_POINT('',(294.,22.05,0.));
#10002 = VECTOR('',#10003,1.);
#10003 = DIRECTION('',(0.,0.,1.));
#10004 = ORIENTED_EDGE('',*,*,#9240,.F.);
#10005 = PLANE('',#10006);
#10006 = AXIS2_PLACEMENT_3D('',#10007,#10008,#10009);
#10007 = CARTESIAN_POINT('',(294.,19.05,0.));
#10008 = DIRECTION('',(1.,0.,0.));
#10009 = DIRECTION('',(0.,0.,1.));
#10010 = ADVANCED_FACE('',(#10011),#10022,.F.);
#10011 = FACE_BOUND('',#10012,.F.);
#10012 = EDGE_LOOP('',(#10013,#10019,#10020,#10021));
#10013 = ORIENTED_EDGE('',*,*,#10014,.F.);
#10014 = EDGE_CURVE('',#9289,#9343,#10015,.T.);
#10015 = LINE('',#10016,#10017);
#10016 = CARTESIAN_POINT('',(0.,22.05,0.));
#10017 = VECTOR('',#10018,1.);
#10018 = DIRECTION('',(1.,0.,0.));
#10019 = ORIENTED_EDGE('',*,*,#9288,.F.);
#10020 = ORIENTED_EDGE('',*,*,#9944,.T.);
#10021 = ORIENTED_EDGE('',*,*,#9342,.T.);
#10022 = PLANE('',#10023);
#10023 = AXIS2_PLACEMENT_3D('',#10024,#10025,#10026);
#10024 = CARTESIAN_POINT('',(0.,19.05,0.));
#10025 = DIRECTION('',(0.,0.,1.));
#10026 = DIRECTION('',(1.,0.,0.));
#10027 = ADVANCED_FACE('',(#10028),#10045,.F.);
#10028 = FACE_BOUND('',#10029,.F.);
#10029 = EDGE_LOOP('',(#10030,#10031,#10038,#10044));
#10030 = ORIENTED_EDGE('',*,*,#9927,.T.);
#10031 = ORIENTED_EDGE('',*,*,#10032,.T.);
#10032 = EDGE_CURVE('',#9920,#9802,#10033,.T.);
#10033 = CIRCLE('',#10034,3.);
#10034 = AXIS2_PLACEMENT_3D('',#10035,#10036,#10037);
#10035 = CARTESIAN_POINT('',(280.35,11.03,0.));
#10036 = DIRECTION('',(0.,0.,1.));
#10037 = DIRECTION('',(1.,0.,0.));
#10038 = ORIENTED_EDGE('',*,*,#10039,.F.);
#10039 = EDGE_CURVE('',#9312,#9802,#10040,.T.);
#10040 = LINE('',#10041,#10042);
#10041 = CARTESIAN_POINT('',(281.85,0.,0.));
#10042 = VECTOR('',#10043,1.);
#10043 = DIRECTION('',(0.,1.,0.));
#10044 = ORIENTED_EDGE('',*,*,#9311,.F.);
#10045 = PLANE('',#10046);
#10046 = AXIS2_PLACEMENT_3D('',#10047,#10048,#10049);
#10047 = CARTESIAN_POINT('',(280.35,11.03,0.));
#10048 = DIRECTION('',(0.,0.,1.));
#10049 = DIRECTION('',(1.,0.,0.));
#10050 = ADVANCED_FACE('',(#10051),#10076,.F.);
#10051 = FACE_BOUND('',#10052,.F.);
#10052 = EDGE_LOOP('',(#10053,#10061,#10062,#10070));
#10053 = ORIENTED_EDGE('',*,*,#10054,.F.);
#10054 = EDGE_CURVE('',#9343,#10055,#10057,.T.);
#10055 = VERTEX_POINT('',#10056);
#10056 = CARTESIAN_POINT('',(291.,38.1,0.));
#10057 = LINE('',#10058,#10059);
#10058 = CARTESIAN_POINT('',(291.,0.,0.));
#10059 = VECTOR('',#10060,1.);
#10060 = DIRECTION('',(0.,1.,0.));
#10061 = ORIENTED_EDGE('',*,*,#9359,.T.);
#10062 = ORIENTED_EDGE('',*,*,#10063,.T.);
#10063 = EDGE_CURVE('',#9352,#10064,#10066,.T.);
#10064 = VERTEX_POINT('',#10065);
#10065 = CARTESIAN_POINT('',(294.,38.1,0.));
#10066 = LINE('',#10067,#10068);
#10067 = CARTESIAN_POINT('',(294.,0.,0.));
#10068 = VECTOR('',#10069,1.);
#10069 = DIRECTION('',(0.,1.,0.));
#10070 = ORIENTED_EDGE('',*,*,#10071,.F.);
#10071 = EDGE_CURVE('',#10055,#10064,#10072,.T.);
#10072 = LINE('',#10073,#10074);
#10073 = CARTESIAN_POINT('',(0.,38.1,0.));
#10074 = VECTOR('',#10075,1.);
#10075 = DIRECTION('',(1.,0.,0.));
#10076 = PLANE('',#10077);
#10077 = AXIS2_PLACEMENT_3D('',#10078,#10079,#10080);
#10078 = CARTESIAN_POINT('',(291.,0.,0.));
#10079 = DIRECTION('',(0.,0.,1.));
#10080 = DIRECTION('',(1.,0.,0.));
#10081 = ADVANCED_FACE('',(#10082),#10093,.T.);
#10082 = FACE_BOUND('',#10083,.T.);
#10083 = EDGE_LOOP('',(#10084,#10085,#10086,#10087));
#10084 = ORIENTED_EDGE('',*,*,#9674,.F.);
#10085 = ORIENTED_EDGE('',*,*,#9390,.T.);
#10086 = ORIENTED_EDGE('',*,*,#9414,.T.);
#10087 = ORIENTED_EDGE('',*,*,#10088,.F.);
#10088 = EDGE_CURVE('',#9667,#9407,#10089,.T.);
#10089 = LINE('',#10090,#10091);
#10090 = CARTESIAN_POINT('',(143.74,79.2,0.));
#10091 = VECTOR('',#10092,1.);
#10092 = DIRECTION('',(0.,0.,1.));
#10093 = PLANE('',#10094);
#10094 = AXIS2_PLACEMENT_3D('',#10095,#10096,#10097);
#10095 = CARTESIAN_POINT('',(140.74,79.2,0.));
#10096 = DIRECTION('',(0.,1.,0.));
#10097 = DIRECTION('',(0.,0.,1.));
#10098 = ADVANCED_FACE('',(#10099),#10124,.T.);
#10099 = FACE_BOUND('',#10100,.T.);
#10100 = EDGE_LOOP('',(#10101,#10102,#10110,#10118));
#10101 = ORIENTED_EDGE('',*,*,#9406,.F.);
#10102 = ORIENTED_EDGE('',*,*,#10103,.T.);
#10103 = EDGE_CURVE('',#8652,#10104,#10106,.T.);
#10104 = VERTEX_POINT('',#10105);
#10105 = CARTESIAN_POINT('',(235.99,76.2,3.));
#10106 = LINE('',#10107,#10108);
#10107 = CARTESIAN_POINT('',(140.74,76.2,3.));
#10108 = VECTOR('',#10109,1.);
#10109 = DIRECTION('',(1.,0.,0.));
#10110 = ORIENTED_EDGE('',*,*,#10111,.T.);
#10111 = EDGE_CURVE('',#10104,#10112,#10114,.T.);
#10112 = VERTEX_POINT('',#10113);
#10113 = CARTESIAN_POINT('',(235.99,79.2,3.));
#10114 = LINE('',#10115,#10116);
#10115 = CARTESIAN_POINT('',(235.99,57.15,3.));
#10116 = VECTOR('',#10117,1.);
#10117 = DIRECTION('',(0.,1.,0.));
#10118 = ORIENTED_EDGE('',*,*,#10119,.F.);
#10119 = EDGE_CURVE('',#9407,#10112,#10120,.T.);
#10120 = LINE('',#10121,#10122);
#10121 = CARTESIAN_POINT('',(140.74,79.2,3.));
#10122 = VECTOR('',#10123,1.);
#10123 = DIRECTION('',(1.,0.,0.));
#10124 = PLANE('',#10125);
#10125 = AXIS2_PLACEMENT_3D('',#10126,#10127,#10128);
#10126 = CARTESIAN_POINT('',(140.74,76.2,3.));
#10127 = DIRECTION('',(0.,0.,1.));
#10128 = DIRECTION('',(1.,0.,0.));
#10129 = ADVANCED_FACE('',(#10130),#10148,.F.);
#10130 = FACE_BOUND('',#10131,.F.);
#10131 = EDGE_LOOP('',(#10132,#10140,#10141,#10142));
#10132 = ORIENTED_EDGE('',*,*,#10133,.F.);
#10133 = EDGE_CURVE('',#8946,#10134,#10136,.T.);
#10134 = VERTEX_POINT('',#10135);
#10135 = CARTESIAN_POINT('',(235.99,76.2,0.));
#10136 = LINE('',#10137,#10138);
#10137 = CARTESIAN_POINT('',(140.74,76.2,0.));
#10138 = VECTOR('',#10139,1.);
#10139 = DIRECTION('',(1.,0.,0.));
#10140 = ORIENTED_EDGE('',*,*,#9436,.T.);
#10141 = ORIENTED_EDGE('',*,*,#10103,.T.);
#10142 = ORIENTED_EDGE('',*,*,#10143,.F.);
#10143 = EDGE_CURVE('',#10134,#10104,#10144,.T.);
#10144 = LINE('',#10145,#10146);
#10145 = CARTESIAN_POINT('',(235.99,76.2,0.));
#10146 = VECTOR('',#10147,1.);
#10147 = DIRECTION('',(0.,0.,1.));
#10148 = PLANE('',#10149);
#10149 = AXIS2_PLACEMENT_3D('',#10150,#10151,#10152);
#10150 = CARTESIAN_POINT('',(140.74,76.2,0.));
#10151 = DIRECTION('',(0.,1.,0.));
#10152 = DIRECTION('',(0.,0.,1.));
#10153 = ADVANCED_FACE('',(#10154),#10165,.T.);
#10154 = FACE_BOUND('',#10155,.T.);
#10155 = EDGE_LOOP('',(#10156,#10157,#10158,#10159));
#10156 = ORIENTED_EDGE('',*,*,#9698,.F.);
#10157 = ORIENTED_EDGE('',*,*,#9453,.T.);
#10158 = ORIENTED_EDGE('',*,*,#9484,.T.);
#10159 = ORIENTED_EDGE('',*,*,#10160,.F.);
#10160 = EDGE_CURVE('',#9691,#9477,#10161,.T.);
#10161 = LINE('',#10162,#10163);
#10162 = CARTESIAN_POINT('',(153.26,60.15,0.));
#10163 = VECTOR('',#10164,1.);
#10164 = DIRECTION('',(0.,0.,1.));
#10165 = PLANE('',#10166);
#10166 = AXIS2_PLACEMENT_3D('',#10167,#10168,#10169);
#10167 = CARTESIAN_POINT('',(150.26,60.15,0.));
#10168 = DIRECTION('',(0.,1.,0.));
#10169 = DIRECTION('',(0.,0.,1.));
#10170 = ADVANCED_FACE('',(#10171),#10196,.T.);
#10171 = FACE_BOUND('',#10172,.T.);
#10172 = EDGE_LOOP('',(#10173,#10181,#10182,#10190));
#10173 = ORIENTED_EDGE('',*,*,#10174,.F.);
#10174 = EDGE_CURVE('',#9477,#10175,#10177,.T.);
#10175 = VERTEX_POINT('',#10176);
#10176 = CARTESIAN_POINT('',(207.41,60.15,3.));
#10177 = LINE('',#10178,#10179);
#10178 = CARTESIAN_POINT('',(0.,60.15,3.));
#10179 = VECTOR('',#10180,1.);
#10180 = DIRECTION('',(1.,0.,0.));
#10181 = ORIENTED_EDGE('',*,*,#9476,.F.);
#10182 = ORIENTED_EDGE('',*,*,#10183,.T.);
#10183 = EDGE_CURVE('',#9469,#10184,#10186,.T.);
#10184 = VERTEX_POINT('',#10185);
#10185 = CARTESIAN_POINT('',(207.41,57.15,3.));
#10186 = LINE('',#10187,#10188);
#10187 = CARTESIAN_POINT('',(0.,57.15,3.));
#10188 = VECTOR('',#10189,1.);
#10189 = DIRECTION('',(1.,0.,0.));
#10190 = ORIENTED_EDGE('',*,*,#10191,.T.);
#10191 = EDGE_CURVE('',#10184,#10175,#10192,.T.);
#10192 = LINE('',#10193,#10194);
#10193 = CARTESIAN_POINT('',(207.41,38.1,3.));
#10194 = VECTOR('',#10195,1.);
#10195 = DIRECTION('',(0.,1.,0.));
#10196 = PLANE('',#10197);
#10197 = AXIS2_PLACEMENT_3D('',#10198,#10199,#10200);
#10198 = CARTESIAN_POINT('',(0.,57.15,3.));
#10199 = DIRECTION('',(0.,0.,1.));
#10200 = DIRECTION('',(1.,0.,0.));
#10201 = ADVANCED_FACE('',(#10202),#10213,.T.);
#10202 = FACE_BOUND('',#10203,.T.);
#10203 = EDGE_LOOP('',(#10204,#10205,#10206,#10207));
#10204 = ORIENTED_EDGE('',*,*,#9536,.F.);
#10205 = ORIENTED_EDGE('',*,*,#9578,.T.);
#10206 = ORIENTED_EDGE('',*,*,#9553,.T.);
#10207 = ORIENTED_EDGE('',*,*,#10208,.T.);
#10208 = EDGE_CURVE('',#9554,#9469,#10209,.T.);
#10209 = LINE('',#10210,#10211);
#10210 = CARTESIAN_POINT('',(153.26,57.15,0.));
#10211 = VECTOR('',#10212,1.);
#10212 = DIRECTION('',(0.,0.,1.));
#10213 = PLANE('',#10214);
#10214 = AXIS2_PLACEMENT_3D('',#10215,#10216,#10217);
#10215 = CARTESIAN_POINT('',(153.26,38.1,0.));
#10216 = DIRECTION('',(1.,0.,0.));
#10217 = DIRECTION('',(0.,0.,1.));
#10218 = ADVANCED_FACE('',(#10219),#10242,.F.);
#10219 = FACE_BOUND('',#10220,.F.);
#10220 = EDGE_LOOP('',(#10221,#10227,#10228,#10236));
#10221 = ORIENTED_EDGE('',*,*,#10222,.F.);
#10222 = EDGE_CURVE('',#8889,#10184,#10223,.T.);
#10223 = LINE('',#10224,#10225);
#10224 = CARTESIAN_POINT('',(207.41,38.1,3.));
#10225 = VECTOR('',#10226,1.);
#10226 = DIRECTION('',(0.,1.,0.));
#10227 = ORIENTED_EDGE('',*,*,#9595,.T.);
#10228 = ORIENTED_EDGE('',*,*,#10229,.T.);
#10229 = EDGE_CURVE('',#9017,#10230,#10232,.T.);
#10230 = VERTEX_POINT('',#10231);
#10231 = CARTESIAN_POINT('',(207.41,57.15,0.));
#10232 = LINE('',#10233,#10234);
#10233 = CARTESIAN_POINT('',(207.41,38.1,0.));
#10234 = VECTOR('',#10235,1.);
#10235 = DIRECTION('',(0.,1.,0.));
#10236 = ORIENTED_EDGE('',*,*,#10237,.F.);
#10237 = EDGE_CURVE('',#10184,#10230,#10238,.T.);
#10238 = LINE('',#10239,#10240);
#10239 = CARTESIAN_POINT('',(207.41,57.15,0.));
#10240 = VECTOR('',#10241,1.);
#10241 = DIRECTION('',(0.,0.,-1.));
#10242 = PLANE('',#10243);
#10243 = AXIS2_PLACEMENT_3D('',#10244,#10245,#10246);
#10244 = CARTESIAN_POINT('',(207.41,38.1,0.));
#10245 = DIRECTION('',(1.,0.,0.));
#10246 = DIRECTION('',(0.,0.,1.));
#10247 = ADVANCED_FACE('',(#10248),#10266,.T.);
#10248 = FACE_BOUND('',#10249,.T.);
#10249 = EDGE_LOOP('',(#10250,#10251,#10252,#10260));
#10250 = ORIENTED_EDGE('',*,*,#10222,.F.);
#10251 = ORIENTED_EDGE('',*,*,#9609,.T.);
#10252 = ORIENTED_EDGE('',*,*,#10253,.T.);
#10253 = EDGE_CURVE('',#9610,#10254,#10256,.T.);
#10254 = VERTEX_POINT('',#10255);
#10255 = CARTESIAN_POINT('',(210.41,57.15,3.));
#10256 = LINE('',#10257,#10258);
#10257 = CARTESIAN_POINT('',(210.41,38.1,3.));
#10258 = VECTOR('',#10259,1.);
#10259 = DIRECTION('',(0.,1.,0.));
#10260 = ORIENTED_EDGE('',*,*,#10261,.F.);
#10261 = EDGE_CURVE('',#10184,#10254,#10262,.T.);
#10262 = LINE('',#10263,#10264);
#10263 = CARTESIAN_POINT('',(0.,57.15,3.));
#10264 = VECTOR('',#10265,1.);
#10265 = DIRECTION('',(1.,0.,0.));
#10266 = PLANE('',#10267);
#10267 = AXIS2_PLACEMENT_3D('',#10268,#10269,#10270);
#10268 = CARTESIAN_POINT('',(207.41,38.1,3.));
#10269 = DIRECTION('',(0.,0.,1.));
#10270 = DIRECTION('',(1.,0.,0.));
#10271 = ADVANCED_FACE('',(#10272),#10295,.T.);
#10272 = FACE_BOUND('',#10273,.T.);
#10273 = EDGE_LOOP('',(#10274,#10282,#10283,#10289));
#10274 = ORIENTED_EDGE('',*,*,#10275,.F.);
#10275 = EDGE_CURVE('',#9610,#10276,#10278,.T.);
#10276 = VERTEX_POINT('',#10277);
#10277 = CARTESIAN_POINT('',(291.,41.1,3.));
#10278 = LINE('',#10279,#10280);
#10279 = CARTESIAN_POINT('',(0.,41.1,3.));
#10280 = VECTOR('',#10281,1.);
#10281 = DIRECTION('',(1.,0.,0.));
#10282 = ORIENTED_EDGE('',*,*,#9626,.F.);
#10283 = ORIENTED_EDGE('',*,*,#10284,.T.);
#10284 = EDGE_CURVE('',#9619,#9967,#10285,.T.);
#10285 = LINE('',#10286,#10287);
#10286 = CARTESIAN_POINT('',(0.,38.1,3.));
#10287 = VECTOR('',#10288,1.);
#10288 = DIRECTION('',(1.,0.,0.));
#10289 = ORIENTED_EDGE('',*,*,#10290,.T.);
#10290 = EDGE_CURVE('',#9967,#10276,#10291,.T.);
#10291 = LINE('',#10292,#10293);
#10292 = CARTESIAN_POINT('',(291.,0.,3.));
#10293 = VECTOR('',#10294,1.);
#10294 = DIRECTION('',(0.,1.,0.));
#10295 = PLANE('',#10296);
#10296 = AXIS2_PLACEMENT_3D('',#10297,#10298,#10299);
#10297 = CARTESIAN_POINT('',(0.,38.1,3.));
#10298 = DIRECTION('',(0.,0.,1.));
#10299 = DIRECTION('',(1.,0.,0.));
#10300 = ADVANCED_FACE('',(#10301),#10317,.F.);
#10301 = FACE_BOUND('',#10302,.F.);
#10302 = EDGE_LOOP('',(#10303,#10309,#10310,#10311));
#10303 = ORIENTED_EDGE('',*,*,#10304,.F.);
#10304 = EDGE_CURVE('',#9641,#10055,#10305,.T.);
#10305 = LINE('',#10306,#10307);
#10306 = CARTESIAN_POINT('',(0.,38.1,0.));
#10307 = VECTOR('',#10308,1.);
#10308 = DIRECTION('',(1.,0.,0.));
#10309 = ORIENTED_EDGE('',*,*,#9650,.T.);
#10310 = ORIENTED_EDGE('',*,*,#10284,.T.);
#10311 = ORIENTED_EDGE('',*,*,#10312,.F.);
#10312 = EDGE_CURVE('',#10055,#9967,#10313,.T.);
#10313 = LINE('',#10314,#10315);
#10314 = CARTESIAN_POINT('',(291.,38.1,0.));
#10315 = VECTOR('',#10316,1.);
#10316 = DIRECTION('',(0.,0.,1.));
#10317 = PLANE('',#10318);
#10318 = AXIS2_PLACEMENT_3D('',#10319,#10320,#10321);
#10319 = CARTESIAN_POINT('',(0.,38.1,0.));
#10320 = DIRECTION('',(0.,1.,0.));
#10321 = DIRECTION('',(0.,0.,1.));
#10322 = ADVANCED_FACE('',(#10323),#10341,.F.);
#10323 = FACE_BOUND('',#10324,.F.);
#10324 = EDGE_LOOP('',(#10325,#10326,#10327,#10335));
#10325 = ORIENTED_EDGE('',*,*,#9666,.F.);
#10326 = ORIENTED_EDGE('',*,*,#10133,.T.);
#10327 = ORIENTED_EDGE('',*,*,#10328,.T.);
#10328 = EDGE_CURVE('',#10134,#10329,#10331,.T.);
#10329 = VERTEX_POINT('',#10330);
#10330 = CARTESIAN_POINT('',(235.99,79.2,0.));
#10331 = LINE('',#10332,#10333);
#10332 = CARTESIAN_POINT('',(235.99,57.15,0.));
#10333 = VECTOR('',#10334,1.);
#10334 = DIRECTION('',(0.,1.,0.));
#10335 = ORIENTED_EDGE('',*,*,#10336,.F.);
#10336 = EDGE_CURVE('',#9667,#10329,#10337,.T.);
#10337 = LINE('',#10338,#10339);
#10338 = CARTESIAN_POINT('',(140.74,79.2,0.));
#10339 = VECTOR('',#10340,1.);
#10340 = DIRECTION('',(1.,0.,0.));
#10341 = PLANE('',#10342);
#10342 = AXIS2_PLACEMENT_3D('',#10343,#10344,#10345);
#10343 = CARTESIAN_POINT('',(140.74,76.2,0.));
#10344 = DIRECTION('',(0.,0.,1.));
#10345 = DIRECTION('',(1.,0.,0.));
#10346 = ADVANCED_FACE('',(#10347),#10370,.F.);
#10347 = FACE_BOUND('',#10348,.F.);
#10348 = EDGE_LOOP('',(#10349,#10357,#10358,#10364));
#10349 = ORIENTED_EDGE('',*,*,#10350,.F.);
#10350 = EDGE_CURVE('',#9691,#10351,#10353,.T.);
#10351 = VERTEX_POINT('',#10352);
#10352 = CARTESIAN_POINT('',(207.41,60.15,0.));
#10353 = LINE('',#10354,#10355);
#10354 = CARTESIAN_POINT('',(0.,60.15,0.));
#10355 = VECTOR('',#10356,1.);
#10356 = DIRECTION('',(1.,0.,0.));
#10357 = ORIENTED_EDGE('',*,*,#9690,.F.);
#10358 = ORIENTED_EDGE('',*,*,#10359,.T.);
#10359 = EDGE_CURVE('',#9554,#10230,#10360,.T.);
#10360 = LINE('',#10361,#10362);
#10361 = CARTESIAN_POINT('',(0.,57.15,0.));
#10362 = VECTOR('',#10363,1.);
#10363 = DIRECTION('',(1.,0.,0.));
#10364 = ORIENTED_EDGE('',*,*,#10365,.T.);
#10365 = EDGE_CURVE('',#10230,#10351,#10366,.T.);
#10366 = LINE('',#10367,#10368);
#10367 = CARTESIAN_POINT('',(207.41,38.1,0.));
#10368 = VECTOR('',#10369,1.);
#10369 = DIRECTION('',(0.,1.,0.));
#10370 = PLANE('',#10371);
#10371 = AXIS2_PLACEMENT_3D('',#10372,#10373,#10374);
#10372 = CARTESIAN_POINT('',(0.,57.15,0.));
#10373 = DIRECTION('',(0.,0.,1.));
#10374 = DIRECTION('',(1.,0.,0.));
#10375 = ADVANCED_FACE('',(#10376),#10394,.F.);
#10376 = FACE_BOUND('',#10377,.F.);
#10377 = EDGE_LOOP('',(#10378,#10379,#10380,#10388));
#10378 = ORIENTED_EDGE('',*,*,#10229,.F.);
#10379 = ORIENTED_EDGE('',*,*,#9712,.T.);
#10380 = ORIENTED_EDGE('',*,*,#10381,.T.);
#10381 = EDGE_CURVE('',#9713,#10382,#10384,.T.);
#10382 = VERTEX_POINT('',#10383);
#10383 = CARTESIAN_POINT('',(210.41,57.15,0.));
#10384 = LINE('',#10385,#10386);
#10385 = CARTESIAN_POINT('',(210.41,38.1,0.));
#10386 = VECTOR('',#10387,1.);
#10387 = DIRECTION('',(0.,1.,0.));
#10388 = ORIENTED_EDGE('',*,*,#10389,.F.);
#10389 = EDGE_CURVE('',#10230,#10382,#10390,.T.);
#10390 = LINE('',#10391,#10392);
#10391 = CARTESIAN_POINT('',(0.,57.15,0.));
#10392 = VECTOR('',#10393,1.);
#10393 = DIRECTION('',(1.,0.,0.));
#10394 = PLANE('',#10395);
#10395 = AXIS2_PLACEMENT_3D('',#10396,#10397,#10398);
#10396 = CARTESIAN_POINT('',(207.41,38.1,0.));
#10397 = DIRECTION('',(0.,0.,1.));
#10398 = DIRECTION('',(1.,0.,0.));
#10399 = ADVANCED_FACE('',(#10400),#10418,.F.);
#10400 = FACE_BOUND('',#10401,.F.);
#10401 = EDGE_LOOP('',(#10402,#10410,#10411,#10412));
#10402 = ORIENTED_EDGE('',*,*,#10403,.F.);
#10403 = EDGE_CURVE('',#9713,#10404,#10406,.T.);
#10404 = VERTEX_POINT('',#10405);
#10405 = CARTESIAN_POINT('',(291.,41.1,0.));
#10406 = LINE('',#10407,#10408);
#10407 = CARTESIAN_POINT('',(0.,41.1,0.));
#10408 = VECTOR('',#10409,1.);
#10409 = DIRECTION('',(1.,0.,0.));
#10410 = ORIENTED_EDGE('',*,*,#9722,.F.);
#10411 = ORIENTED_EDGE('',*,*,#10304,.T.);
#10412 = ORIENTED_EDGE('',*,*,#10413,.T.);
#10413 = EDGE_CURVE('',#10055,#10404,#10414,.T.);
#10414 = LINE('',#10415,#10416);
#10415 = CARTESIAN_POINT('',(291.,0.,0.));
#10416 = VECTOR('',#10417,1.);
#10417 = DIRECTION('',(0.,1.,0.));
#10418 = PLANE('',#10419);
#10419 = AXIS2_PLACEMENT_3D('',#10420,#10421,#10422);
#10420 = CARTESIAN_POINT('',(0.,38.1,0.));
#10421 = DIRECTION('',(0.,0.,1.));
#10422 = DIRECTION('',(1.,0.,0.));
#10423 = ADVANCED_FACE('',(#10424),#10435,.T.);
#10424 = FACE_BOUND('',#10425,.T.);
#10425 = EDGE_LOOP('',(#10426,#10427,#10428,#10429));
#10426 = ORIENTED_EDGE('',*,*,#10014,.F.);
#10427 = ORIENTED_EDGE('',*,*,#9739,.T.);
#10428 = ORIENTED_EDGE('',*,*,#9753,.T.);
#10429 = ORIENTED_EDGE('',*,*,#10430,.F.);
#10430 = EDGE_CURVE('',#9343,#9232,#10431,.T.);
#10431 = LINE('',#10432,#10433);
#10432 = CARTESIAN_POINT('',(291.,22.05,0.));
#10433 = VECTOR('',#10434,1.);
#10434 = DIRECTION('',(0.,0.,1.));
#10435 = PLANE('',#10436);
#10436 = AXIS2_PLACEMENT_3D('',#10437,#10438,#10439);
#10437 = CARTESIAN_POINT('',(0.,22.05,0.));
#10438 = DIRECTION('',(0.,1.,0.));
#10439 = DIRECTION('',(0.,0.,1.));
#10440 = ADVANCED_FACE('',(#10441),#10452,.T.);
#10441 = FACE_BOUND('',#10442,.T.);
#10442 = EDGE_LOOP('',(#10443,#10444,#10450,#10451));
#10443 = ORIENTED_EDGE('',*,*,#9785,.F.);
#10444 = ORIENTED_EDGE('',*,*,#10445,.T.);
#10445 = EDGE_CURVE('',#9777,#9802,#10446,.T.);
#10446 = LINE('',#10447,#10448);
#10447 = CARTESIAN_POINT('',(281.85,13.628076211353,0.));
#10448 = VECTOR('',#10449,1.);
#10449 = DIRECTION('',(-0.,-0.,-1.));
#10450 = ORIENTED_EDGE('',*,*,#9810,.T.);
#10451 = ORIENTED_EDGE('',*,*,#9950,.T.);
#10452 = PLANE('',#10453);
#10453 = AXIS2_PLACEMENT_3D('',#10454,#10455,#10456);
#10454 = CARTESIAN_POINT('',(281.85,0.,0.));
#10455 = DIRECTION('',(1.,0.,0.));
#10456 = DIRECTION('',(0.,0.,1.));
#10457 = ADVANCED_FACE('',(#10458),#10464,.T.);
#10458 = FACE_BOUND('',#10459,.T.);
#10459 = EDGE_LOOP('',(#10460,#10461,#10462,#10463));
#10460 = ORIENTED_EDGE('',*,*,#9870,.F.);
#10461 = ORIENTED_EDGE('',*,*,#9904,.T.);
#10462 = ORIENTED_EDGE('',*,*,#9776,.T.);
#10463 = ORIENTED_EDGE('',*,*,#9842,.F.);
#10464 = PLANE('',#10465);
#10465 = AXIS2_PLACEMENT_3D('',#10466,#10467,#10468);
#10466 = CARTESIAN_POINT('',(280.35,11.03,3.));
#10467 = DIRECTION('',(0.,0.,1.));
#10468 = DIRECTION('',(1.,0.,0.));
#10469 = ADVANCED_FACE('',(#10470),#10476,.F.);
#10470 = FACE_BOUND('',#10471,.F.);
#10471 = EDGE_LOOP('',(#10472,#10473,#10474,#10475));
#10472 = ORIENTED_EDGE('',*,*,#9857,.F.);
#10473 = ORIENTED_EDGE('',*,*,#10039,.T.);
#10474 = ORIENTED_EDGE('',*,*,#9801,.T.);
#10475 = ORIENTED_EDGE('',*,*,#9826,.F.);
#10476 = PLANE('',#10477);
#10477 = AXIS2_PLACEMENT_3D('',#10478,#10479,#10480);
#10478 = CARTESIAN_POINT('',(280.35,11.03,0.));
#10479 = DIRECTION('',(0.,0.,1.));
#10480 = DIRECTION('',(1.,0.,0.));
#10481 = ADVANCED_FACE('',(#10482),#10488,.T.);
#10482 = FACE_BOUND('',#10483,.F.);
#10483 = EDGE_LOOP('',(#10484,#10485,#10486,#10487));
#10484 = ORIENTED_EDGE('',*,*,#10032,.F.);
#10485 = ORIENTED_EDGE('',*,*,#9919,.T.);
#10486 = ORIENTED_EDGE('',*,*,#9897,.T.);
#10487 = ORIENTED_EDGE('',*,*,#10445,.T.);
#10488 = CYLINDRICAL_SURFACE('',#10489,3.);
#10489 = AXIS2_PLACEMENT_3D('',#10490,#10491,#10492);
#10490 = CARTESIAN_POINT('',(280.35,11.03,0.));
#10491 = DIRECTION('',(-0.,-0.,-1.));
#10492 = DIRECTION('',(1.,0.,0.));
#10493 = ADVANCED_FACE('',(#10494),#10500,.F.);
#10494 = FACE_BOUND('',#10495,.F.);
#10495 = EDGE_LOOP('',(#10496,#10497,#10498,#10499));
#10496 = ORIENTED_EDGE('',*,*,#9966,.F.);
#10497 = ORIENTED_EDGE('',*,*,#10430,.F.);
#10498 = ORIENTED_EDGE('',*,*,#10054,.T.);
#10499 = ORIENTED_EDGE('',*,*,#10312,.T.);
#10500 = PLANE('',#10501);
#10501 = AXIS2_PLACEMENT_3D('',#10502,#10503,#10504);
#10502 = CARTESIAN_POINT('',(291.,0.,0.));
#10503 = DIRECTION('',(1.,0.,0.));
#10504 = DIRECTION('',(0.,0.,1.));
#10505 = ADVANCED_FACE('',(#10506),#10524,.T.);
#10506 = FACE_BOUND('',#10507,.T.);
#10507 = EDGE_LOOP('',(#10508,#10509,#10510,#10518));
#10508 = ORIENTED_EDGE('',*,*,#10290,.F.);
#10509 = ORIENTED_EDGE('',*,*,#9983,.T.);
#10510 = ORIENTED_EDGE('',*,*,#10511,.T.);
#10511 = EDGE_CURVE('',#9976,#10512,#10514,.T.);
#10512 = VERTEX_POINT('',#10513);
#10513 = CARTESIAN_POINT('',(294.,41.1,3.));
#10514 = LINE('',#10515,#10516);
#10515 = CARTESIAN_POINT('',(294.,38.1,3.));
#10516 = VECTOR('',#10517,1.);
#10517 = DIRECTION('',(0.,1.,0.));
#10518 = ORIENTED_EDGE('',*,*,#10519,.F.);
#10519 = EDGE_CURVE('',#10276,#10512,#10520,.T.);
#10520 = LINE('',#10521,#10522);
#10521 = CARTESIAN_POINT('',(0.,41.1,3.));
#10522 = VECTOR('',#10523,1.);
#10523 = DIRECTION('',(1.,0.,0.));
#10524 = PLANE('',#10525);
#10525 = AXIS2_PLACEMENT_3D('',#10526,#10527,#10528);
#10526 = CARTESIAN_POINT('',(291.,0.,3.));
#10527 = DIRECTION('',(0.,0.,1.));
#10528 = DIRECTION('',(1.,0.,0.));
#10529 = ADVANCED_FACE('',(#10530),#10541,.T.);
#10530 = FACE_BOUND('',#10531,.T.);
#10531 = EDGE_LOOP('',(#10532,#10533,#10534,#10540));
#10532 = ORIENTED_EDGE('',*,*,#9999,.F.);
#10533 = ORIENTED_EDGE('',*,*,#10063,.T.);
#10534 = ORIENTED_EDGE('',*,*,#10535,.T.);
#10535 = EDGE_CURVE('',#10064,#9976,#10536,.T.);
#10536 = LINE('',#10537,#10538);
#10537 = CARTESIAN_POINT('',(294.,38.1,0.));
#10538 = VECTOR('',#10539,1.);
#10539 = DIRECTION('',(0.,0.,1.));
#10540 = ORIENTED_EDGE('',*,*,#9975,.F.);
#10541 = PLANE('',#10542);
#10542 = AXIS2_PLACEMENT_3D('',#10543,#10544,#10545);
#10543 = CARTESIAN_POINT('',(294.,0.,0.));
#10544 = DIRECTION('',(1.,0.,0.));
#10545 = DIRECTION('',(0.,0.,1.));
#10546 = ADVANCED_FACE('',(#10547),#10565,.F.);
#10547 = FACE_BOUND('',#10548,.F.);
#10548 = EDGE_LOOP('',(#10549,#10550,#10551,#10559));
#10549 = ORIENTED_EDGE('',*,*,#10413,.F.);
#10550 = ORIENTED_EDGE('',*,*,#10071,.T.);
#10551 = ORIENTED_EDGE('',*,*,#10552,.T.);
#10552 = EDGE_CURVE('',#10064,#10553,#10555,.T.);
#10553 = VERTEX_POINT('',#10554);
#10554 = CARTESIAN_POINT('',(294.,41.1,0.));
#10555 = LINE('',#10556,#10557);
#10556 = CARTESIAN_POINT('',(294.,38.1,0.));
#10557 = VECTOR('',#10558,1.);
#10558 = DIRECTION('',(0.,1.,0.));
#10559 = ORIENTED_EDGE('',*,*,#10560,.F.);
#10560 = EDGE_CURVE('',#10404,#10553,#10561,.T.);
#10561 = LINE('',#10562,#10563);
#10562 = CARTESIAN_POINT('',(0.,41.1,0.));
#10563 = VECTOR('',#10564,1.);
#10564 = DIRECTION('',(1.,0.,0.));
#10565 = PLANE('',#10566);
#10566 = AXIS2_PLACEMENT_3D('',#10567,#10568,#10569);
#10567 = CARTESIAN_POINT('',(291.,0.,0.));
#10568 = DIRECTION('',(0.,0.,1.));
#10569 = DIRECTION('',(1.,0.,0.));
#10570 = ADVANCED_FACE('',(#10571),#10582,.T.);
#10571 = FACE_BOUND('',#10572,.T.);
#10572 = EDGE_LOOP('',(#10573,#10574,#10575,#10576));
#10573 = ORIENTED_EDGE('',*,*,#10336,.F.);
#10574 = ORIENTED_EDGE('',*,*,#10088,.T.);
#10575 = ORIENTED_EDGE('',*,*,#10119,.T.);
#10576 = ORIENTED_EDGE('',*,*,#10577,.F.);
#10577 = EDGE_CURVE('',#10329,#10112,#10578,.T.);
#10578 = LINE('',#10579,#10580);
#10579 = CARTESIAN_POINT('',(235.99,79.2,0.));
#10580 = VECTOR('',#10581,1.);
#10581 = DIRECTION('',(0.,0.,1.));
#10582 = PLANE('',#10583);
#10583 = AXIS2_PLACEMENT_3D('',#10584,#10585,#10586);
#10584 = CARTESIAN_POINT('',(140.74,79.2,0.));
#10585 = DIRECTION('',(0.,1.,0.));
#10586 = DIRECTION('',(0.,0.,1.));
#10587 = ADVANCED_FACE('',(#10588),#10613,.T.);
#10588 = FACE_BOUND('',#10589,.T.);
#10589 = EDGE_LOOP('',(#10590,#10591,#10599,#10607));
#10590 = ORIENTED_EDGE('',*,*,#10111,.F.);
#10591 = ORIENTED_EDGE('',*,*,#10592,.T.);
#10592 = EDGE_CURVE('',#10104,#10593,#10595,.T.);
#10593 = VERTEX_POINT('',#10594);
#10594 = CARTESIAN_POINT('',(238.99,76.2,3.));
#10595 = LINE('',#10596,#10597);
#10596 = CARTESIAN_POINT('',(140.74,76.2,3.));
#10597 = VECTOR('',#10598,1.);
#10598 = DIRECTION('',(1.,0.,0.));
#10599 = ORIENTED_EDGE('',*,*,#10600,.T.);
#10600 = EDGE_CURVE('',#10593,#10601,#10603,.T.);
#10601 = VERTEX_POINT('',#10602);
#10602 = CARTESIAN_POINT('',(238.99,79.2,3.));
#10603 = LINE('',#10604,#10605);
#10604 = CARTESIAN_POINT('',(238.99,57.15,3.));
#10605 = VECTOR('',#10606,1.);
#10606 = DIRECTION('',(0.,1.,0.));
#10607 = ORIENTED_EDGE('',*,*,#10608,.F.);
#10608 = EDGE_CURVE('',#10112,#10601,#10609,.T.);
#10609 = LINE('',#10610,#10611);
#10610 = CARTESIAN_POINT('',(235.99,79.2,3.));
#10611 = VECTOR('',#10612,1.);
#10612 = DIRECTION('',(1.,0.,0.));
#10613 = PLANE('',#10614);
#10614 = AXIS2_PLACEMENT_3D('',#10615,#10616,#10617);
#10615 = CARTESIAN_POINT('',(235.99,57.15,3.));
#10616 = DIRECTION('',(0.,0.,1.));
#10617 = DIRECTION('',(1.,0.,0.));
#10618 = ADVANCED_FACE('',(#10619),#10644,.F.);
#10619 = FACE_BOUND('',#10620,.F.);
#10620 = EDGE_LOOP('',(#10621,#10629,#10637,#10643));
#10621 = ORIENTED_EDGE('',*,*,#10622,.F.);
#10622 = EDGE_CURVE('',#10623,#10104,#10625,.T.);
#10623 = VERTEX_POINT('',#10624);
#10624 = CARTESIAN_POINT('',(235.99,70.778076211353,3.));
#10625 = LINE('',#10626,#10627);
#10626 = CARTESIAN_POINT('',(235.99,57.15,3.));
#10627 = VECTOR('',#10628,1.);
#10628 = DIRECTION('',(0.,1.,0.));
#10629 = ORIENTED_EDGE('',*,*,#10630,.T.);
#10630 = EDGE_CURVE('',#10623,#10631,#10633,.T.);
#10631 = VERTEX_POINT('',#10632);
#10632 = CARTESIAN_POINT('',(235.99,70.778076211353,0.));
#10633 = LINE('',#10634,#10635);
#10634 = CARTESIAN_POINT('',(235.99,70.778076211353,0.));
#10635 = VECTOR('',#10636,1.);
#10636 = DIRECTION('',(-0.,-0.,-1.));
#10637 = ORIENTED_EDGE('',*,*,#10638,.T.);
#10638 = EDGE_CURVE('',#10631,#10134,#10639,.T.);
#10639 = LINE('',#10640,#10641);
#10640 = CARTESIAN_POINT('',(235.99,57.15,0.));
#10641 = VECTOR('',#10642,1.);
#10642 = DIRECTION('',(0.,1.,0.));
#10643 = ORIENTED_EDGE('',*,*,#10143,.T.);
#10644 = PLANE('',#10645);
#10645 = AXIS2_PLACEMENT_3D('',#10646,#10647,#10648);
#10646 = CARTESIAN_POINT('',(235.99,57.15,0.));
#10647 = DIRECTION('',(1.,0.,0.));
#10648 = DIRECTION('',(0.,0.,1.));
#10649 = ADVANCED_FACE('',(#10650),#10661,.T.);
#10650 = FACE_BOUND('',#10651,.T.);
#10651 = EDGE_LOOP('',(#10652,#10653,#10654,#10655));
#10652 = ORIENTED_EDGE('',*,*,#10350,.F.);
#10653 = ORIENTED_EDGE('',*,*,#10160,.T.);
#10654 = ORIENTED_EDGE('',*,*,#10174,.T.);
#10655 = ORIENTED_EDGE('',*,*,#10656,.F.);
#10656 = EDGE_CURVE('',#10351,#10175,#10657,.T.);
#10657 = LINE('',#10658,#10659);
#10658 = CARTESIAN_POINT('',(207.41,60.15,0.));
#10659 = VECTOR('',#10660,1.);
#10660 = DIRECTION('',(0.,0.,1.));
#10661 = PLANE('',#10662);
#10662 = AXIS2_PLACEMENT_3D('',#10663,#10664,#10665);
#10663 = CARTESIAN_POINT('',(0.,60.15,0.));
#10664 = DIRECTION('',(0.,1.,0.));
#10665 = DIRECTION('',(0.,0.,1.));
#10666 = ADVANCED_FACE('',(#10667),#10685,.T.);
#10667 = FACE_BOUND('',#10668,.T.);
#10668 = EDGE_LOOP('',(#10669,#10677,#10678,#10679));
#10669 = ORIENTED_EDGE('',*,*,#10670,.F.);
#10670 = EDGE_CURVE('',#10175,#10671,#10673,.T.);
#10671 = VERTEX_POINT('',#10672);
#10672 = CARTESIAN_POINT('',(210.41,60.15,3.));
#10673 = LINE('',#10674,#10675);
#10674 = CARTESIAN_POINT('',(207.41,60.15,3.));
#10675 = VECTOR('',#10676,1.);
#10676 = DIRECTION('',(1.,0.,0.));
#10677 = ORIENTED_EDGE('',*,*,#10191,.F.);
#10678 = ORIENTED_EDGE('',*,*,#10261,.T.);
#10679 = ORIENTED_EDGE('',*,*,#10680,.T.);
#10680 = EDGE_CURVE('',#10254,#10671,#10681,.T.);
#10681 = LINE('',#10682,#10683);
#10682 = CARTESIAN_POINT('',(210.41,38.1,3.));
#10683 = VECTOR('',#10684,1.);
#10684 = DIRECTION('',(0.,1.,0.));
#10685 = PLANE('',#10686);
#10686 = AXIS2_PLACEMENT_3D('',#10687,#10688,#10689);
#10687 = CARTESIAN_POINT('',(0.,57.15,3.));
#10688 = DIRECTION('',(0.,0.,1.));
#10689 = DIRECTION('',(1.,0.,0.));
#10690 = ADVANCED_FACE('',(#10691),#10697,.F.);
#10691 = FACE_BOUND('',#10692,.F.);
#10692 = EDGE_LOOP('',(#10693,#10694,#10695,#10696));
#10693 = ORIENTED_EDGE('',*,*,#10359,.F.);
#10694 = ORIENTED_EDGE('',*,*,#10208,.T.);
#10695 = ORIENTED_EDGE('',*,*,#10183,.T.);
#10696 = ORIENTED_EDGE('',*,*,#10237,.T.);
#10697 = PLANE('',#10698);
#10698 = AXIS2_PLACEMENT_3D('',#10699,#10700,#10701);
#10699 = CARTESIAN_POINT('',(0.,57.15,0.));
#10700 = DIRECTION('',(0.,1.,0.));
#10701 = DIRECTION('',(0.,0.,1.));
#10702 = ADVANCED_FACE('',(#10703),#10719,.T.);
#10703 = FACE_BOUND('',#10704,.T.);
#10704 = EDGE_LOOP('',(#10705,#10706,#10712,#10713));
#10705 = ORIENTED_EDGE('',*,*,#10253,.F.);
#10706 = ORIENTED_EDGE('',*,*,#10707,.T.);
#10707 = EDGE_CURVE('',#9610,#9713,#10708,.T.);
#10708 = LINE('',#10709,#10710);
#10709 = CARTESIAN_POINT('',(210.41,41.1,0.));
#10710 = VECTOR('',#10711,1.);
#10711 = DIRECTION('',(0.,0.,-1.));
#10712 = ORIENTED_EDGE('',*,*,#10381,.T.);
#10713 = ORIENTED_EDGE('',*,*,#10714,.F.);
#10714 = EDGE_CURVE('',#10254,#10382,#10715,.T.);
#10715 = LINE('',#10716,#10717);
#10716 = CARTESIAN_POINT('',(210.41,57.15,0.));
#10717 = VECTOR('',#10718,1.);
#10718 = DIRECTION('',(0.,0.,-1.));
#10719 = PLANE('',#10720);
#10720 = AXIS2_PLACEMENT_3D('',#10721,#10722,#10723);
#10721 = CARTESIAN_POINT('',(210.41,38.1,0.));
#10722 = DIRECTION('',(1.,0.,0.));
#10723 = DIRECTION('',(0.,0.,1.));
#10724 = ADVANCED_FACE('',(#10725),#10736,.T.);
#10725 = FACE_BOUND('',#10726,.T.);
#10726 = EDGE_LOOP('',(#10727,#10728,#10729,#10730));
#10727 = ORIENTED_EDGE('',*,*,#10403,.F.);
#10728 = ORIENTED_EDGE('',*,*,#10707,.F.);
#10729 = ORIENTED_EDGE('',*,*,#10275,.T.);
#10730 = ORIENTED_EDGE('',*,*,#10731,.F.);
#10731 = EDGE_CURVE('',#10404,#10276,#10732,.T.);
#10732 = LINE('',#10733,#10734);
#10733 = CARTESIAN_POINT('',(291.,41.1,0.));
#10734 = VECTOR('',#10735,1.);
#10735 = DIRECTION('',(0.,0.,1.));
#10736 = PLANE('',#10737);
#10737 = AXIS2_PLACEMENT_3D('',#10738,#10739,#10740);
#10738 = CARTESIAN_POINT('',(0.,41.1,0.));
#10739 = DIRECTION('',(0.,1.,0.));
#10740 = DIRECTION('',(0.,0.,1.));
#10741 = ADVANCED_FACE('',(#10742),#10767,.F.);
#10742 = FACE_BOUND('',#10743,.F.);
#10743 = EDGE_LOOP('',(#10744,#10745,#10753,#10761));
#10744 = ORIENTED_EDGE('',*,*,#10328,.F.);
#10745 = ORIENTED_EDGE('',*,*,#10746,.T.);
#10746 = EDGE_CURVE('',#10134,#10747,#10749,.T.);
#10747 = VERTEX_POINT('',#10748);
#10748 = CARTESIAN_POINT('',(238.99,76.2,0.));
#10749 = LINE('',#10750,#10751);
#10750 = CARTESIAN_POINT('',(140.74,76.2,0.));
#10751 = VECTOR('',#10752,1.);
#10752 = DIRECTION('',(1.,0.,0.));
#10753 = ORIENTED_EDGE('',*,*,#10754,.T.);
#10754 = EDGE_CURVE('',#10747,#10755,#10757,.T.);
#10755 = VERTEX_POINT('',#10756);
#10756 = CARTESIAN_POINT('',(238.99,79.2,0.));
#10757 = LINE('',#10758,#10759);
#10758 = CARTESIAN_POINT('',(238.99,57.15,0.));
#10759 = VECTOR('',#10760,1.);
#10760 = DIRECTION('',(0.,1.,0.));
#10761 = ORIENTED_EDGE('',*,*,#10762,.F.);
#10762 = EDGE_CURVE('',#10329,#10755,#10763,.T.);
#10763 = LINE('',#10764,#10765);
#10764 = CARTESIAN_POINT('',(235.99,79.2,0.));
#10765 = VECTOR('',#10766,1.);
#10766 = DIRECTION('',(1.,0.,0.));
#10767 = PLANE('',#10768);
#10768 = AXIS2_PLACEMENT_3D('',#10769,#10770,#10771);
#10769 = CARTESIAN_POINT('',(235.99,57.15,0.));
#10770 = DIRECTION('',(0.,0.,1.));
#10771 = DIRECTION('',(1.,0.,0.));
#10772 = ADVANCED_FACE('',(#10773),#10791,.F.);
#10773 = FACE_BOUND('',#10774,.F.);
#10774 = EDGE_LOOP('',(#10775,#10783,#10784,#10785));
#10775 = ORIENTED_EDGE('',*,*,#10776,.F.);
#10776 = EDGE_CURVE('',#10351,#10777,#10779,.T.);
#10777 = VERTEX_POINT('',#10778);
#10778 = CARTESIAN_POINT('',(210.41,60.15,0.));
#10779 = LINE('',#10780,#10781);
#10780 = CARTESIAN_POINT('',(207.41,60.15,0.));
#10781 = VECTOR('',#10782,1.);
#10782 = DIRECTION('',(1.,0.,0.));
#10783 = ORIENTED_EDGE('',*,*,#10365,.F.);
#10784 = ORIENTED_EDGE('',*,*,#10389,.T.);
#10785 = ORIENTED_EDGE('',*,*,#10786,.T.);
#10786 = EDGE_CURVE('',#10382,#10777,#10787,.T.);
#10787 = LINE('',#10788,#10789);
#10788 = CARTESIAN_POINT('',(210.41,38.1,0.));
#10789 = VECTOR('',#10790,1.);
#10790 = DIRECTION('',(0.,1.,0.));
#10791 = PLANE('',#10792);
#10792 = AXIS2_PLACEMENT_3D('',#10793,#10794,#10795);
#10793 = CARTESIAN_POINT('',(0.,57.15,0.));
#10794 = DIRECTION('',(0.,0.,1.));
#10795 = DIRECTION('',(1.,0.,0.));
#10796 = ADVANCED_FACE('',(#10797),#10822,.T.);
#10797 = FACE_BOUND('',#10798,.T.);
#10798 = EDGE_LOOP('',(#10799,#10807,#10808,#10816));
#10799 = ORIENTED_EDGE('',*,*,#10800,.F.);
#10800 = EDGE_CURVE('',#10276,#10801,#10803,.T.);
#10801 = VERTEX_POINT('',#10802);
#10802 = CARTESIAN_POINT('',(291.,57.15,3.));
#10803 = LINE('',#10804,#10805);
#10804 = CARTESIAN_POINT('',(291.,0.,3.));
#10805 = VECTOR('',#10806,1.);
#10806 = DIRECTION('',(0.,1.,0.));
#10807 = ORIENTED_EDGE('',*,*,#10519,.T.);
#10808 = ORIENTED_EDGE('',*,*,#10809,.T.);
#10809 = EDGE_CURVE('',#10512,#10810,#10812,.T.);
#10810 = VERTEX_POINT('',#10811);
#10811 = CARTESIAN_POINT('',(294.,57.15,3.));
#10812 = LINE('',#10813,#10814);
#10813 = CARTESIAN_POINT('',(294.,0.,3.));
#10814 = VECTOR('',#10815,1.);
#10815 = DIRECTION('',(0.,1.,0.));
#10816 = ORIENTED_EDGE('',*,*,#10817,.F.);
#10817 = EDGE_CURVE('',#10801,#10810,#10818,.T.);
#10818 = LINE('',#10819,#10820);
#10819 = CARTESIAN_POINT('',(0.,57.15,3.));
#10820 = VECTOR('',#10821,1.);
#10821 = DIRECTION('',(1.,0.,0.));
#10822 = PLANE('',#10823);
#10823 = AXIS2_PLACEMENT_3D('',#10824,#10825,#10826);
#10824 = CARTESIAN_POINT('',(291.,0.,3.));
#10825 = DIRECTION('',(0.,0.,1.));
#10826 = DIRECTION('',(1.,0.,0.));
#10827 = ADVANCED_FACE('',(#10828),#10839,.T.);
#10828 = FACE_BOUND('',#10829,.T.);
#10829 = EDGE_LOOP('',(#10830,#10831,#10832,#10838));
#10830 = ORIENTED_EDGE('',*,*,#10535,.F.);
#10831 = ORIENTED_EDGE('',*,*,#10552,.T.);
#10832 = ORIENTED_EDGE('',*,*,#10833,.T.);
#10833 = EDGE_CURVE('',#10553,#10512,#10834,.T.);
#10834 = LINE('',#10835,#10836);
#10835 = CARTESIAN_POINT('',(294.,41.1,0.));
#10836 = VECTOR('',#10837,1.);
#10837 = DIRECTION('',(0.,0.,1.));
#10838 = ORIENTED_EDGE('',*,*,#10511,.F.);
#10839 = PLANE('',#10840);
#10840 = AXIS2_PLACEMENT_3D('',#10841,#10842,#10843);
#10841 = CARTESIAN_POINT('',(294.,38.1,0.));
#10842 = DIRECTION('',(1.,0.,0.));
#10843 = DIRECTION('',(0.,0.,1.));
#10844 = ADVANCED_FACE('',(#10845),#10870,.F.);
#10845 = FACE_BOUND('',#10846,.F.);
#10846 = EDGE_LOOP('',(#10847,#10855,#10856,#10864));
#10847 = ORIENTED_EDGE('',*,*,#10848,.F.);
#10848 = EDGE_CURVE('',#10404,#10849,#10851,.T.);
#10849 = VERTEX_POINT('',#10850);
#10850 = CARTESIAN_POINT('',(291.,57.15,0.));
#10851 = LINE('',#10852,#10853);
#10852 = CARTESIAN_POINT('',(291.,0.,0.));
#10853 = VECTOR('',#10854,1.);
#10854 = DIRECTION('',(0.,1.,0.));
#10855 = ORIENTED_EDGE('',*,*,#10560,.T.);
#10856 = ORIENTED_EDGE('',*,*,#10857,.T.);
#10857 = EDGE_CURVE('',#10553,#10858,#10860,.T.);
#10858 = VERTEX_POINT('',#10859);
#10859 = CARTESIAN_POINT('',(294.,57.15,0.));
#10860 = LINE('',#10861,#10862);
#10861 = CARTESIAN_POINT('',(294.,0.,0.));
#10862 = VECTOR('',#10863,1.);
#10863 = DIRECTION('',(0.,1.,0.));
#10864 = ORIENTED_EDGE('',*,*,#10865,.F.);
#10865 = EDGE_CURVE('',#10849,#10858,#10866,.T.);
#10866 = LINE('',#10867,#10868);
#10867 = CARTESIAN_POINT('',(0.,57.15,0.));
#10868 = VECTOR('',#10869,1.);
#10869 = DIRECTION('',(1.,0.,0.));
#10870 = PLANE('',#10871);
#10871 = AXIS2_PLACEMENT_3D('',#10872,#10873,#10874);
#10872 = CARTESIAN_POINT('',(291.,0.,0.));
#10873 = DIRECTION('',(0.,0.,1.));
#10874 = DIRECTION('',(1.,0.,0.));
#10875 = ADVANCED_FACE('',(#10876),#10887,.T.);
#10876 = FACE_BOUND('',#10877,.T.);
#10877 = EDGE_LOOP('',(#10878,#10879,#10880,#10881));
#10878 = ORIENTED_EDGE('',*,*,#10762,.F.);
#10879 = ORIENTED_EDGE('',*,*,#10577,.T.);
#10880 = ORIENTED_EDGE('',*,*,#10608,.T.);
#10881 = ORIENTED_EDGE('',*,*,#10882,.F.);
#10882 = EDGE_CURVE('',#10755,#10601,#10883,.T.);
#10883 = LINE('',#10884,#10885);
#10884 = CARTESIAN_POINT('',(238.99,79.2,0.));
#10885 = VECTOR('',#10886,1.);
#10886 = DIRECTION('',(0.,0.,1.));
#10887 = PLANE('',#10888);
#10888 = AXIS2_PLACEMENT_3D('',#10889,#10890,#10891);
#10889 = CARTESIAN_POINT('',(235.99,79.2,0.));
#10890 = DIRECTION('',(0.,1.,0.));
#10891 = DIRECTION('',(0.,0.,1.));
#10892 = ADVANCED_FACE('',(#10893),#10918,.T.);
#10893 = FACE_BOUND('',#10894,.T.);
#10894 = EDGE_LOOP('',(#10895,#10896,#10904,#10912));
#10895 = ORIENTED_EDGE('',*,*,#10600,.F.);
#10896 = ORIENTED_EDGE('',*,*,#10897,.T.);
#10897 = EDGE_CURVE('',#10593,#10898,#10900,.T.);
#10898 = VERTEX_POINT('',#10899);
#10899 = CARTESIAN_POINT('',(291.,76.2,3.));
#10900 = LINE('',#10901,#10902);
#10901 = CARTESIAN_POINT('',(140.74,76.2,3.));
#10902 = VECTOR('',#10903,1.);
#10903 = DIRECTION('',(1.,0.,0.));
#10904 = ORIENTED_EDGE('',*,*,#10905,.T.);
#10905 = EDGE_CURVE('',#10898,#10906,#10908,.T.);
#10906 = VERTEX_POINT('',#10907);
#10907 = CARTESIAN_POINT('',(291.,79.2,3.));
#10908 = LINE('',#10909,#10910);
#10909 = CARTESIAN_POINT('',(291.,0.,3.));
#10910 = VECTOR('',#10911,1.);
#10911 = DIRECTION('',(0.,1.,0.));
#10912 = ORIENTED_EDGE('',*,*,#10913,.F.);
#10913 = EDGE_CURVE('',#10601,#10906,#10914,.T.);
#10914 = LINE('',#10915,#10916);
#10915 = CARTESIAN_POINT('',(140.74,79.2,3.));
#10916 = VECTOR('',#10917,1.);
#10917 = DIRECTION('',(1.,0.,0.));
#10918 = PLANE('',#10919);
#10919 = AXIS2_PLACEMENT_3D('',#10920,#10921,#10922);
#10920 = CARTESIAN_POINT('',(140.74,76.2,3.));
#10921 = DIRECTION('',(0.,0.,1.));
#10922 = DIRECTION('',(1.,0.,0.));
#10923 = ADVANCED_FACE('',(#10924),#10943,.T.);
#10924 = FACE_BOUND('',#10925,.T.);
#10925 = EDGE_LOOP('',(#10926,#10927,#10936,#10942));
#10926 = ORIENTED_EDGE('',*,*,#10622,.F.);
#10927 = ORIENTED_EDGE('',*,*,#10928,.F.);
#10928 = EDGE_CURVE('',#10929,#10623,#10931,.T.);
#10929 = VERTEX_POINT('',#10930);
#10930 = CARTESIAN_POINT('',(238.99,70.778076211353,3.));
#10931 = CIRCLE('',#10932,3.);
#10932 = AXIS2_PLACEMENT_3D('',#10933,#10934,#10935);
#10933 = CARTESIAN_POINT('',(237.49,68.18,3.));
#10934 = DIRECTION('',(0.,0.,1.));
#10935 = DIRECTION('',(1.,0.,0.));
#10936 = ORIENTED_EDGE('',*,*,#10937,.T.);
#10937 = EDGE_CURVE('',#10929,#10593,#10938,.T.);
#10938 = LINE('',#10939,#10940);
#10939 = CARTESIAN_POINT('',(238.99,57.15,3.));
#10940 = VECTOR('',#10941,1.);
#10941 = DIRECTION('',(0.,1.,0.));
#10942 = ORIENTED_EDGE('',*,*,#10592,.F.);
#10943 = PLANE('',#10944);
#10944 = AXIS2_PLACEMENT_3D('',#10945,#10946,#10947);
#10945 = CARTESIAN_POINT('',(235.99,57.15,3.));
#10946 = DIRECTION('',(0.,0.,1.));
#10947 = DIRECTION('',(1.,0.,0.));
#10948 = ADVANCED_FACE('',(#10949),#10968,.F.);
#10949 = FACE_BOUND('',#10950,.F.);
#10950 = EDGE_LOOP('',(#10951,#10952,#10961,#10967));
#10951 = ORIENTED_EDGE('',*,*,#10638,.F.);
#10952 = ORIENTED_EDGE('',*,*,#10953,.F.);
#10953 = EDGE_CURVE('',#10954,#10631,#10956,.T.);
#10954 = VERTEX_POINT('',#10955);
#10955 = CARTESIAN_POINT('',(238.99,70.778076211353,0.));
#10956 = CIRCLE('',#10957,3.);
#10957 = AXIS2_PLACEMENT_3D('',#10958,#10959,#10960);
#10958 = CARTESIAN_POINT('',(237.49,68.18,0.));
#10959 = DIRECTION('',(0.,0.,1.));
#10960 = DIRECTION('',(1.,0.,0.));
#10961 = ORIENTED_EDGE('',*,*,#10962,.T.);
#10962 = EDGE_CURVE('',#10954,#10747,#10963,.T.);
#10963 = LINE('',#10964,#10965);
#10964 = CARTESIAN_POINT('',(238.99,57.15,0.));
#10965 = VECTOR('',#10966,1.);
#10966 = DIRECTION('',(0.,1.,0.));
#10967 = ORIENTED_EDGE('',*,*,#10746,.F.);
#10968 = PLANE('',#10969);
#10969 = AXIS2_PLACEMENT_3D('',#10970,#10971,#10972);
#10970 = CARTESIAN_POINT('',(235.99,57.15,0.));
#10971 = DIRECTION('',(0.,0.,1.));
#10972 = DIRECTION('',(1.,0.,0.));
#10973 = ADVANCED_FACE('',(#10974),#11001,.T.);
#10974 = FACE_BOUND('',#10975,.F.);
#10975 = EDGE_LOOP('',(#10976,#10985,#10986,#10995));
#10976 = ORIENTED_EDGE('',*,*,#10977,.F.);
#10977 = EDGE_CURVE('',#10631,#10978,#10980,.T.);
#10978 = VERTEX_POINT('',#10979);
#10979 = CARTESIAN_POINT('',(235.99,65.581923788647,0.));
#10980 = CIRCLE('',#10981,3.);
#10981 = AXIS2_PLACEMENT_3D('',#10982,#10983,#10984);
#10982 = CARTESIAN_POINT('',(237.49,68.18,0.));
#10983 = DIRECTION('',(0.,0.,1.));
#10984 = DIRECTION('',(1.,0.,0.));
#10985 = ORIENTED_EDGE('',*,*,#10630,.F.);
#10986 = ORIENTED_EDGE('',*,*,#10987,.T.);
#10987 = EDGE_CURVE('',#10623,#10988,#10990,.T.);
#10988 = VERTEX_POINT('',#10989);
#10989 = CARTESIAN_POINT('',(235.99,65.581923788647,3.));
#10990 = CIRCLE('',#10991,3.);
#10991 = AXIS2_PLACEMENT_3D('',#10992,#10993,#10994);
#10992 = CARTESIAN_POINT('',(237.49,68.18,3.));
#10993 = DIRECTION('',(0.,0.,1.));
#10994 = DIRECTION('',(1.,0.,0.));
#10995 = ORIENTED_EDGE('',*,*,#10996,.T.);
#10996 = EDGE_CURVE('',#10988,#10978,#10997,.T.);
#10997 = LINE('',#10998,#10999);
#10998 = CARTESIAN_POINT('',(235.99,65.581923788647,0.));
#10999 = VECTOR('',#11000,1.);
#11000 = DIRECTION('',(-0.,-0.,-1.));
#11001 = CYLINDRICAL_SURFACE('',#11002,3.);
#11002 = AXIS2_PLACEMENT_3D('',#11003,#11004,#11005);
#11003 = CARTESIAN_POINT('',(237.49,68.18,0.));
#11004 = DIRECTION('',(-0.,-0.,-1.));
#11005 = DIRECTION('',(1.,0.,0.));
#11006 = ADVANCED_FACE('',(#11007),#11018,.T.);
#11007 = FACE_BOUND('',#11008,.T.);
#11008 = EDGE_LOOP('',(#11009,#11010,#11011,#11012));
#11009 = ORIENTED_EDGE('',*,*,#10776,.F.);
#11010 = ORIENTED_EDGE('',*,*,#10656,.T.);
#11011 = ORIENTED_EDGE('',*,*,#10670,.T.);
#11012 = ORIENTED_EDGE('',*,*,#11013,.F.);
#11013 = EDGE_CURVE('',#10777,#10671,#11014,.T.);
#11014 = LINE('',#11015,#11016);
#11015 = CARTESIAN_POINT('',(210.41,60.15,0.));
#11016 = VECTOR('',#11017,1.);
#11017 = DIRECTION('',(0.,0.,1.));
#11018 = PLANE('',#11019);
#11019 = AXIS2_PLACEMENT_3D('',#11020,#11021,#11022);
#11020 = CARTESIAN_POINT('',(207.41,60.15,0.));
#11021 = DIRECTION('',(0.,1.,0.));
#11022 = DIRECTION('',(0.,0.,1.));
#11023 = ADVANCED_FACE('',(#11024),#11049,.T.);
#11024 = FACE_BOUND('',#11025,.T.);
#11025 = EDGE_LOOP('',(#11026,#11034,#11035,#11043));
#11026 = ORIENTED_EDGE('',*,*,#11027,.F.);
#11027 = EDGE_CURVE('',#10671,#11028,#11030,.T.);
#11028 = VERTEX_POINT('',#11029);
#11029 = CARTESIAN_POINT('',(235.99,60.15,3.));
#11030 = LINE('',#11031,#11032);
#11031 = CARTESIAN_POINT('',(0.,60.15,3.));
#11032 = VECTOR('',#11033,1.);
#11033 = DIRECTION('',(1.,0.,0.));
#11034 = ORIENTED_EDGE('',*,*,#10680,.F.);
#11035 = ORIENTED_EDGE('',*,*,#11036,.T.);
#11036 = EDGE_CURVE('',#10254,#11037,#11039,.T.);
#11037 = VERTEX_POINT('',#11038);
#11038 = CARTESIAN_POINT('',(235.99,57.15,3.));
#11039 = LINE('',#11040,#11041);
#11040 = CARTESIAN_POINT('',(0.,57.15,3.));
#11041 = VECTOR('',#11042,1.);
#11042 = DIRECTION('',(1.,0.,0.));
#11043 = ORIENTED_EDGE('',*,*,#11044,.T.);
#11044 = EDGE_CURVE('',#11037,#11028,#11045,.T.);
#11045 = LINE('',#11046,#11047);
#11046 = CARTESIAN_POINT('',(235.99,57.15,3.));
#11047 = VECTOR('',#11048,1.);
#11048 = DIRECTION('',(0.,1.,0.));
#11049 = PLANE('',#11050);
#11050 = AXIS2_PLACEMENT_3D('',#11051,#11052,#11053);
#11051 = CARTESIAN_POINT('',(0.,57.15,3.));
#11052 = DIRECTION('',(0.,0.,1.));
#11053 = DIRECTION('',(1.,0.,0.));
#11054 = ADVANCED_FACE('',(#11055),#11073,.F.);
#11055 = FACE_BOUND('',#11056,.F.);
#11056 = EDGE_LOOP('',(#11057,#11065,#11066,#11067));
#11057 = ORIENTED_EDGE('',*,*,#11058,.F.);
#11058 = EDGE_CURVE('',#10382,#11059,#11061,.T.);
#11059 = VERTEX_POINT('',#11060);
#11060 = CARTESIAN_POINT('',(235.99,57.15,0.));
#11061 = LINE('',#11062,#11063);
#11062 = CARTESIAN_POINT('',(0.,57.15,0.));
#11063 = VECTOR('',#11064,1.);
#11064 = DIRECTION('',(1.,0.,0.));
#11065 = ORIENTED_EDGE('',*,*,#10714,.F.);
#11066 = ORIENTED_EDGE('',*,*,#11036,.T.);
#11067 = ORIENTED_EDGE('',*,*,#11068,.F.);
#11068 = EDGE_CURVE('',#11059,#11037,#11069,.T.);
#11069 = LINE('',#11070,#11071);
#11070 = CARTESIAN_POINT('',(235.99,57.15,0.));
#11071 = VECTOR('',#11072,1.);
#11072 = DIRECTION('',(0.,0.,1.));
#11073 = PLANE('',#11074);
#11074 = AXIS2_PLACEMENT_3D('',#11075,#11076,#11077);
#11075 = CARTESIAN_POINT('',(0.,57.15,0.));
#11076 = DIRECTION('',(0.,1.,0.));
#11077 = DIRECTION('',(0.,0.,1.));
#11078 = ADVANCED_FACE('',(#11079),#11090,.F.);
#11079 = FACE_BOUND('',#11080,.F.);
#11080 = EDGE_LOOP('',(#11081,#11082,#11083,#11084));
#11081 = ORIENTED_EDGE('',*,*,#10800,.F.);
#11082 = ORIENTED_EDGE('',*,*,#10731,.F.);
#11083 = ORIENTED_EDGE('',*,*,#10848,.T.);
#11084 = ORIENTED_EDGE('',*,*,#11085,.T.);
#11085 = EDGE_CURVE('',#10849,#10801,#11086,.T.);
#11086 = LINE('',#11087,#11088);
#11087 = CARTESIAN_POINT('',(291.,57.15,0.));
#11088 = VECTOR('',#11089,1.);
#11089 = DIRECTION('',(0.,0.,1.));
#11090 = PLANE('',#11091);
#11091 = AXIS2_PLACEMENT_3D('',#11092,#11093,#11094);
#11092 = CARTESIAN_POINT('',(291.,0.,0.));
#11093 = DIRECTION('',(1.,0.,0.));
#11094 = DIRECTION('',(0.,0.,1.));
#11095 = ADVANCED_FACE('',(#11096),#11121,.F.);
#11096 = FACE_BOUND('',#11097,.F.);
#11097 = EDGE_LOOP('',(#11098,#11099,#11107,#11115));
#11098 = ORIENTED_EDGE('',*,*,#10754,.F.);
#11099 = ORIENTED_EDGE('',*,*,#11100,.T.);
#11100 = EDGE_CURVE('',#10747,#11101,#11103,.T.);
#11101 = VERTEX_POINT('',#11102);
#11102 = CARTESIAN_POINT('',(291.,76.2,0.));
#11103 = LINE('',#11104,#11105);
#11104 = CARTESIAN_POINT('',(140.74,76.2,0.));
#11105 = VECTOR('',#11106,1.);
#11106 = DIRECTION('',(1.,0.,0.));
#11107 = ORIENTED_EDGE('',*,*,#11108,.T.);
#11108 = EDGE_CURVE('',#11101,#11109,#11111,.T.);
#11109 = VERTEX_POINT('',#11110);
#11110 = CARTESIAN_POINT('',(291.,79.2,0.));
#11111 = LINE('',#11112,#11113);
#11112 = CARTESIAN_POINT('',(291.,0.,0.));
#11113 = VECTOR('',#11114,1.);
#11114 = DIRECTION('',(0.,1.,0.));
#11115 = ORIENTED_EDGE('',*,*,#11116,.F.);
#11116 = EDGE_CURVE('',#10755,#11109,#11117,.T.);
#11117 = LINE('',#11118,#11119);
#11118 = CARTESIAN_POINT('',(140.74,79.2,0.));
#11119 = VECTOR('',#11120,1.);
#11120 = DIRECTION('',(1.,0.,0.));
#11121 = PLANE('',#11122);
#11122 = AXIS2_PLACEMENT_3D('',#11123,#11124,#11125);
#11123 = CARTESIAN_POINT('',(140.74,76.2,0.));
#11124 = DIRECTION('',(0.,0.,1.));
#11125 = DIRECTION('',(1.,0.,0.));
#11126 = ADVANCED_FACE('',(#11127),#11145,.F.);
#11127 = FACE_BOUND('',#11128,.F.);
#11128 = EDGE_LOOP('',(#11129,#11137,#11138,#11139));
#11129 = ORIENTED_EDGE('',*,*,#11130,.F.);
#11130 = EDGE_CURVE('',#10777,#11131,#11133,.T.);
#11131 = VERTEX_POINT('',#11132);
#11132 = CARTESIAN_POINT('',(235.99,60.15,0.));
#11133 = LINE('',#11134,#11135);
#11134 = CARTESIAN_POINT('',(0.,60.15,0.));
#11135 = VECTOR('',#11136,1.);
#11136 = DIRECTION('',(1.,0.,0.));
#11137 = ORIENTED_EDGE('',*,*,#10786,.F.);
#11138 = ORIENTED_EDGE('',*,*,#11058,.T.);
#11139 = ORIENTED_EDGE('',*,*,#11140,.T.);
#11140 = EDGE_CURVE('',#11059,#11131,#11141,.T.);
#11141 = LINE('',#11142,#11143);
#11142 = CARTESIAN_POINT('',(235.99,57.15,0.));
#11143 = VECTOR('',#11144,1.);
#11144 = DIRECTION('',(0.,1.,0.));
#11145 = PLANE('',#11146);
#11146 = AXIS2_PLACEMENT_3D('',#11147,#11148,#11149);
#11147 = CARTESIAN_POINT('',(0.,57.15,0.));
#11148 = DIRECTION('',(0.,0.,1.));
#11149 = DIRECTION('',(1.,0.,0.));
#11150 = ADVANCED_FACE('',(#11151),#11176,.T.);
#11151 = FACE_BOUND('',#11152,.T.);
#11152 = EDGE_LOOP('',(#11153,#11161,#11162,#11170));
#11153 = ORIENTED_EDGE('',*,*,#11154,.F.);
#11154 = EDGE_CURVE('',#10801,#11155,#11157,.T.);
#11155 = VERTEX_POINT('',#11156);
#11156 = CARTESIAN_POINT('',(291.,60.15,3.));
#11157 = LINE('',#11158,#11159);
#11158 = CARTESIAN_POINT('',(291.,0.,3.));
#11159 = VECTOR('',#11160,1.);
#11160 = DIRECTION('',(0.,1.,0.));
#11161 = ORIENTED_EDGE('',*,*,#10817,.T.);
#11162 = ORIENTED_EDGE('',*,*,#11163,.T.);
#11163 = EDGE_CURVE('',#10810,#11164,#11166,.T.);
#11164 = VERTEX_POINT('',#11165);
#11165 = CARTESIAN_POINT('',(294.,60.15,3.));
#11166 = LINE('',#11167,#11168);
#11167 = CARTESIAN_POINT('',(294.,57.15,3.));
#11168 = VECTOR('',#11169,1.);
#11169 = DIRECTION('',(0.,1.,0.));
#11170 = ORIENTED_EDGE('',*,*,#11171,.F.);
#11171 = EDGE_CURVE('',#11155,#11164,#11172,.T.);
#11172 = LINE('',#11173,#11174);
#11173 = CARTESIAN_POINT('',(0.,60.15,3.));
#11174 = VECTOR('',#11175,1.);
#11175 = DIRECTION('',(1.,0.,0.));
#11176 = PLANE('',#11177);
#11177 = AXIS2_PLACEMENT_3D('',#11178,#11179,#11180);
#11178 = CARTESIAN_POINT('',(291.,0.,3.));
#11179 = DIRECTION('',(0.,0.,1.));
#11180 = DIRECTION('',(1.,0.,0.));
#11181 = ADVANCED_FACE('',(#11182),#11193,.T.);
#11182 = FACE_BOUND('',#11183,.T.);
#11183 = EDGE_LOOP('',(#11184,#11185,#11186,#11192));
#11184 = ORIENTED_EDGE('',*,*,#10833,.F.);
#11185 = ORIENTED_EDGE('',*,*,#10857,.T.);
#11186 = ORIENTED_EDGE('',*,*,#11187,.T.);
#11187 = EDGE_CURVE('',#10858,#10810,#11188,.T.);
#11188 = LINE('',#11189,#11190);
#11189 = CARTESIAN_POINT('',(294.,57.15,0.));
#11190 = VECTOR('',#11191,1.);
#11191 = DIRECTION('',(0.,0.,1.));
#11192 = ORIENTED_EDGE('',*,*,#10809,.F.);
#11193 = PLANE('',#11194);
#11194 = AXIS2_PLACEMENT_3D('',#11195,#11196,#11197);
#11195 = CARTESIAN_POINT('',(294.,0.,0.));
#11196 = DIRECTION('',(1.,0.,0.));
#11197 = DIRECTION('',(0.,0.,1.));
#11198 = ADVANCED_FACE('',(#11199),#11224,.F.);
#11199 = FACE_BOUND('',#11200,.F.);
#11200 = EDGE_LOOP('',(#11201,#11209,#11210,#11218));
#11201 = ORIENTED_EDGE('',*,*,#11202,.F.);
#11202 = EDGE_CURVE('',#10849,#11203,#11205,.T.);
#11203 = VERTEX_POINT('',#11204);
#11204 = CARTESIAN_POINT('',(291.,60.15,0.));
#11205 = LINE('',#11206,#11207);
#11206 = CARTESIAN_POINT('',(291.,0.,0.));
#11207 = VECTOR('',#11208,1.);
#11208 = DIRECTION('',(0.,1.,0.));
#11209 = ORIENTED_EDGE('',*,*,#10865,.T.);
#11210 = ORIENTED_EDGE('',*,*,#11211,.T.);
#11211 = EDGE_CURVE('',#10858,#11212,#11214,.T.);
#11212 = VERTEX_POINT('',#11213);
#11213 = CARTESIAN_POINT('',(294.,60.15,0.));
#11214 = LINE('',#11215,#11216);
#11215 = CARTESIAN_POINT('',(294.,57.15,0.));
#11216 = VECTOR('',#11217,1.);
#11217 = DIRECTION('',(0.,1.,0.));
#11218 = ORIENTED_EDGE('',*,*,#11219,.F.);
#11219 = EDGE_CURVE('',#11203,#11212,#11220,.T.);
#11220 = LINE('',#11221,#11222);
#11221 = CARTESIAN_POINT('',(0.,60.15,0.));
#11222 = VECTOR('',#11223,1.);
#11223 = DIRECTION('',(1.,0.,0.));
#11224 = PLANE('',#11225);
#11225 = AXIS2_PLACEMENT_3D('',#11226,#11227,#11228);
#11226 = CARTESIAN_POINT('',(291.,0.,0.));
#11227 = DIRECTION('',(0.,0.,1.));
#11228 = DIRECTION('',(1.,0.,0.));
#11229 = ADVANCED_FACE('',(#11230),#11241,.T.);
#11230 = FACE_BOUND('',#11231,.T.);
#11231 = EDGE_LOOP('',(#11232,#11233,#11234,#11235));
#11232 = ORIENTED_EDGE('',*,*,#11116,.F.);
#11233 = ORIENTED_EDGE('',*,*,#10882,.T.);
#11234 = ORIENTED_EDGE('',*,*,#10913,.T.);
#11235 = ORIENTED_EDGE('',*,*,#11236,.F.);
#11236 = EDGE_CURVE('',#11109,#10906,#11237,.T.);
#11237 = LINE('',#11238,#11239);
#11238 = CARTESIAN_POINT('',(291.,79.2,0.));
#11239 = VECTOR('',#11240,1.);
#11240 = DIRECTION('',(0.,0.,1.));
#11241 = PLANE('',#11242);
#11242 = AXIS2_PLACEMENT_3D('',#11243,#11244,#11245);
#11243 = CARTESIAN_POINT('',(140.74,79.2,0.));
#11244 = DIRECTION('',(0.,1.,0.));
#11245 = DIRECTION('',(0.,0.,1.));
#11246 = ADVANCED_FACE('',(#11247),#11272,.T.);
#11247 = FACE_BOUND('',#11248,.T.);
#11248 = EDGE_LOOP('',(#11249,#11250,#11258,#11266));
#11249 = ORIENTED_EDGE('',*,*,#10905,.F.);
#11250 = ORIENTED_EDGE('',*,*,#11251,.T.);
#11251 = EDGE_CURVE('',#10898,#11252,#11254,.T.);
#11252 = VERTEX_POINT('',#11253);
#11253 = CARTESIAN_POINT('',(294.,76.2,3.));
#11254 = LINE('',#11255,#11256);
#11255 = CARTESIAN_POINT('',(140.74,76.2,3.));
#11256 = VECTOR('',#11257,1.);
#11257 = DIRECTION('',(1.,0.,0.));
#11258 = ORIENTED_EDGE('',*,*,#11259,.T.);
#11259 = EDGE_CURVE('',#11252,#11260,#11262,.T.);
#11260 = VERTEX_POINT('',#11261);
#11261 = CARTESIAN_POINT('',(294.,79.2,3.));
#11262 = LINE('',#11263,#11264);
#11263 = CARTESIAN_POINT('',(294.,0.,3.));
#11264 = VECTOR('',#11265,1.);
#11265 = DIRECTION('',(0.,1.,0.));
#11266 = ORIENTED_EDGE('',*,*,#11267,.F.);
#11267 = EDGE_CURVE('',#10906,#11260,#11268,.T.);
#11268 = LINE('',#11269,#11270);
#11269 = CARTESIAN_POINT('',(291.,79.2,3.));
#11270 = VECTOR('',#11271,1.);
#11271 = DIRECTION('',(1.,0.,0.));
#11272 = PLANE('',#11273);
#11273 = AXIS2_PLACEMENT_3D('',#11274,#11275,#11276);
#11274 = CARTESIAN_POINT('',(291.,0.,3.));
#11275 = DIRECTION('',(0.,0.,1.));
#11276 = DIRECTION('',(1.,0.,0.));
#11277 = ADVANCED_FACE('',(#11278),#11294,.F.);
#11278 = FACE_BOUND('',#11279,.F.);
#11279 = EDGE_LOOP('',(#11280,#11281,#11287,#11288));
#11280 = ORIENTED_EDGE('',*,*,#11100,.F.);
#11281 = ORIENTED_EDGE('',*,*,#11282,.T.);
#11282 = EDGE_CURVE('',#10747,#10593,#11283,.T.);
#11283 = LINE('',#11284,#11285);
#11284 = CARTESIAN_POINT('',(238.99,76.2,0.));
#11285 = VECTOR('',#11286,1.);
#11286 = DIRECTION('',(0.,0.,1.));
#11287 = ORIENTED_EDGE('',*,*,#10897,.T.);
#11288 = ORIENTED_EDGE('',*,*,#11289,.F.);
#11289 = EDGE_CURVE('',#11101,#10898,#11290,.T.);
#11290 = LINE('',#11291,#11292);
#11291 = CARTESIAN_POINT('',(291.,76.2,0.));
#11292 = VECTOR('',#11293,1.);
#11293 = DIRECTION('',(0.,0.,1.));
#11294 = PLANE('',#11295);
#11295 = AXIS2_PLACEMENT_3D('',#11296,#11297,#11298);
#11296 = CARTESIAN_POINT('',(140.74,76.2,0.));
#11297 = DIRECTION('',(0.,1.,0.));
#11298 = DIRECTION('',(0.,0.,1.));
#11299 = ADVANCED_FACE('',(#11300),#11311,.T.);
#11300 = FACE_BOUND('',#11301,.T.);
#11301 = EDGE_LOOP('',(#11302,#11303,#11309,#11310));
#11302 = ORIENTED_EDGE('',*,*,#10937,.F.);
#11303 = ORIENTED_EDGE('',*,*,#11304,.T.);
#11304 = EDGE_CURVE('',#10929,#10954,#11305,.T.);
#11305 = LINE('',#11306,#11307);
#11306 = CARTESIAN_POINT('',(238.99,70.778076211353,0.));
#11307 = VECTOR('',#11308,1.);
#11308 = DIRECTION('',(-0.,-0.,-1.));
#11309 = ORIENTED_EDGE('',*,*,#10962,.T.);
#11310 = ORIENTED_EDGE('',*,*,#11282,.T.);
#11311 = PLANE('',#11312);
#11312 = AXIS2_PLACEMENT_3D('',#11313,#11314,#11315);
#11313 = CARTESIAN_POINT('',(238.99,57.15,0.));
#11314 = DIRECTION('',(1.,0.,0.));
#11315 = DIRECTION('',(0.,0.,1.));
#11316 = ADVANCED_FACE('',(#11317),#11343,.T.);
#11317 = FACE_BOUND('',#11318,.T.);
#11318 = EDGE_LOOP('',(#11319,#11330,#11336,#11337));
#11319 = ORIENTED_EDGE('',*,*,#11320,.F.);
#11320 = EDGE_CURVE('',#11321,#11323,#11325,.T.);
#11321 = VERTEX_POINT('',#11322);
#11322 = CARTESIAN_POINT('',(238.99,68.18,3.));
#11323 = VERTEX_POINT('',#11324);
#11324 = CARTESIAN_POINT('',(235.99,68.18,3.));
#11325 = CIRCLE('',#11326,1.5);
#11326 = AXIS2_PLACEMENT_3D('',#11327,#11328,#11329);
#11327 = CARTESIAN_POINT('',(237.49,68.18,3.));
#11328 = DIRECTION('',(0.,0.,1.));
#11329 = DIRECTION('',(1.,0.,0.));
#11330 = ORIENTED_EDGE('',*,*,#11331,.T.);
#11331 = EDGE_CURVE('',#11321,#10929,#11332,.T.);
#11332 = LINE('',#11333,#11334);
#11333 = CARTESIAN_POINT('',(238.99,57.15,3.));
#11334 = VECTOR('',#11335,1.);
#11335 = DIRECTION('',(0.,1.,0.));
#11336 = ORIENTED_EDGE('',*,*,#10928,.T.);
#11337 = ORIENTED_EDGE('',*,*,#11338,.F.);
#11338 = EDGE_CURVE('',#11323,#10623,#11339,.T.);
#11339 = LINE('',#11340,#11341);
#11340 = CARTESIAN_POINT('',(235.99,57.15,3.));
#11341 = VECTOR('',#11342,1.);
#11342 = DIRECTION('',(0.,1.,0.));
#11343 = PLANE('',#11344);
#11344 = AXIS2_PLACEMENT_3D('',#11345,#11346,#11347);
#11345 = CARTESIAN_POINT('',(237.49,68.18,3.));
#11346 = DIRECTION('',(0.,0.,1.));
#11347 = DIRECTION('',(1.,0.,0.));
#11348 = ADVANCED_FACE('',(#11349),#11375,.F.);
#11349 = FACE_BOUND('',#11350,.F.);
#11350 = EDGE_LOOP('',(#11351,#11362,#11368,#11369));
#11351 = ORIENTED_EDGE('',*,*,#11352,.F.);
#11352 = EDGE_CURVE('',#11353,#11355,#11357,.T.);
#11353 = VERTEX_POINT('',#11354);
#11354 = CARTESIAN_POINT('',(238.99,68.18,0.));
#11355 = VERTEX_POINT('',#11356);
#11356 = CARTESIAN_POINT('',(235.99,68.18,0.));
#11357 = CIRCLE('',#11358,1.5);
#11358 = AXIS2_PLACEMENT_3D('',#11359,#11360,#11361);
#11359 = CARTESIAN_POINT('',(237.49,68.18,0.));
#11360 = DIRECTION('',(0.,0.,1.));
#11361 = DIRECTION('',(1.,0.,0.));
#11362 = ORIENTED_EDGE('',*,*,#11363,.T.);
#11363 = EDGE_CURVE('',#11353,#10954,#11364,.T.);
#11364 = LINE('',#11365,#11366);
#11365 = CARTESIAN_POINT('',(238.99,57.15,0.));
#11366 = VECTOR('',#11367,1.);
#11367 = DIRECTION('',(0.,1.,0.));
#11368 = ORIENTED_EDGE('',*,*,#10953,.T.);
#11369 = ORIENTED_EDGE('',*,*,#11370,.F.);
#11370 = EDGE_CURVE('',#11355,#10631,#11371,.T.);
#11371 = LINE('',#11372,#11373);
#11372 = CARTESIAN_POINT('',(235.99,57.15,0.));
#11373 = VECTOR('',#11374,1.);
#11374 = DIRECTION('',(0.,1.,0.));
#11375 = PLANE('',#11376);
#11376 = AXIS2_PLACEMENT_3D('',#11377,#11378,#11379);
#11377 = CARTESIAN_POINT('',(237.49,68.18,0.));
#11378 = DIRECTION('',(0.,0.,1.));
#11379 = DIRECTION('',(1.,0.,0.));
#11380 = ADVANCED_FACE('',(#11381),#11391,.F.);
#11381 = FACE_BOUND('',#11382,.F.);
#11382 = EDGE_LOOP('',(#11383,#11389,#11390));
#11383 = ORIENTED_EDGE('',*,*,#11384,.T.);
#11384 = EDGE_CURVE('',#10978,#11355,#11385,.T.);
#11385 = LINE('',#11386,#11387);
#11386 = CARTESIAN_POINT('',(235.99,57.15,0.));
#11387 = VECTOR('',#11388,1.);
#11388 = DIRECTION('',(0.,1.,0.));
#11389 = ORIENTED_EDGE('',*,*,#11370,.T.);
#11390 = ORIENTED_EDGE('',*,*,#10977,.T.);
#11391 = PLANE('',#11392);
#11392 = AXIS2_PLACEMENT_3D('',#11393,#11394,#11395);
#11393 = CARTESIAN_POINT('',(237.49,68.18,0.));
#11394 = DIRECTION('',(0.,0.,1.));
#11395 = DIRECTION('',(1.,0.,0.));
#11396 = ADVANCED_FACE('',(#11397),#11418,.F.);
#11397 = FACE_BOUND('',#11398,.F.);
#11398 = EDGE_LOOP('',(#11399,#11405,#11411,#11417));
#11399 = ORIENTED_EDGE('',*,*,#11400,.F.);
#11400 = EDGE_CURVE('',#11028,#10988,#11401,.T.);
#11401 = LINE('',#11402,#11403);
#11402 = CARTESIAN_POINT('',(235.99,57.15,3.));
#11403 = VECTOR('',#11404,1.);
#11404 = DIRECTION('',(0.,1.,0.));
#11405 = ORIENTED_EDGE('',*,*,#11406,.F.);
#11406 = EDGE_CURVE('',#11131,#11028,#11407,.T.);
#11407 = LINE('',#11408,#11409);
#11408 = CARTESIAN_POINT('',(235.99,60.15,0.));
#11409 = VECTOR('',#11410,1.);
#11410 = DIRECTION('',(0.,0.,1.));
#11411 = ORIENTED_EDGE('',*,*,#11412,.T.);
#11412 = EDGE_CURVE('',#11131,#10978,#11413,.T.);
#11413 = LINE('',#11414,#11415);
#11414 = CARTESIAN_POINT('',(235.99,57.15,0.));
#11415 = VECTOR('',#11416,1.);
#11416 = DIRECTION('',(0.,1.,0.));
#11417 = ORIENTED_EDGE('',*,*,#10996,.F.);
#11418 = PLANE('',#11419);
#11419 = AXIS2_PLACEMENT_3D('',#11420,#11421,#11422);
#11420 = CARTESIAN_POINT('',(235.99,57.15,0.));
#11421 = DIRECTION('',(1.,0.,0.));
#11422 = DIRECTION('',(0.,0.,1.));
#11423 = ADVANCED_FACE('',(#11424),#11434,.T.);
#11424 = FACE_BOUND('',#11425,.T.);
#11425 = EDGE_LOOP('',(#11426,#11432,#11433));
#11426 = ORIENTED_EDGE('',*,*,#11427,.T.);
#11427 = EDGE_CURVE('',#10988,#11323,#11428,.T.);
#11428 = LINE('',#11429,#11430);
#11429 = CARTESIAN_POINT('',(235.99,57.15,3.));
#11430 = VECTOR('',#11431,1.);
#11431 = DIRECTION('',(0.,1.,0.));
#11432 = ORIENTED_EDGE('',*,*,#11338,.T.);
#11433 = ORIENTED_EDGE('',*,*,#10987,.T.);
#11434 = PLANE('',#11435);
#11435 = AXIS2_PLACEMENT_3D('',#11436,#11437,#11438);
#11436 = CARTESIAN_POINT('',(237.49,68.18,3.));
#11437 = DIRECTION('',(0.,0.,1.));
#11438 = DIRECTION('',(1.,0.,0.));
#11439 = ADVANCED_FACE('',(#11440),#11446,.T.);
#11440 = FACE_BOUND('',#11441,.T.);
#11441 = EDGE_LOOP('',(#11442,#11443,#11444,#11445));
#11442 = ORIENTED_EDGE('',*,*,#11130,.F.);
#11443 = ORIENTED_EDGE('',*,*,#11013,.T.);
#11444 = ORIENTED_EDGE('',*,*,#11027,.T.);
#11445 = ORIENTED_EDGE('',*,*,#11406,.F.);
#11446 = PLANE('',#11447);
#11447 = AXIS2_PLACEMENT_3D('',#11448,#11449,#11450);
#11448 = CARTESIAN_POINT('',(0.,60.15,0.));
#11449 = DIRECTION('',(0.,1.,0.));
#11450 = DIRECTION('',(0.,0.,1.));
#11451 = ADVANCED_FACE('',(#11452),#11477,.T.);
#11452 = FACE_BOUND('',#11453,.T.);
#11453 = EDGE_LOOP('',(#11454,#11455,#11463,#11471));
#11454 = ORIENTED_EDGE('',*,*,#11044,.F.);
#11455 = ORIENTED_EDGE('',*,*,#11456,.T.);
#11456 = EDGE_CURVE('',#11037,#11457,#11459,.T.);
#11457 = VERTEX_POINT('',#11458);
#11458 = CARTESIAN_POINT('',(238.99,57.15,3.));
#11459 = LINE('',#11460,#11461);
#11460 = CARTESIAN_POINT('',(235.99,57.15,3.));
#11461 = VECTOR('',#11462,1.);
#11462 = DIRECTION('',(1.,0.,0.));
#11463 = ORIENTED_EDGE('',*,*,#11464,.T.);
#11464 = EDGE_CURVE('',#11457,#11465,#11467,.T.);
#11465 = VERTEX_POINT('',#11466);
#11466 = CARTESIAN_POINT('',(238.99,60.15,3.));
#11467 = LINE('',#11468,#11469);
#11468 = CARTESIAN_POINT('',(238.99,57.15,3.));
#11469 = VECTOR('',#11470,1.);
#11470 = DIRECTION('',(0.,1.,0.));
#11471 = ORIENTED_EDGE('',*,*,#11472,.F.);
#11472 = EDGE_CURVE('',#11028,#11465,#11473,.T.);
#11473 = LINE('',#11474,#11475);
#11474 = CARTESIAN_POINT('',(0.,60.15,3.));
#11475 = VECTOR('',#11476,1.);
#11476 = DIRECTION('',(1.,0.,0.));
#11477 = PLANE('',#11478);
#11478 = AXIS2_PLACEMENT_3D('',#11479,#11480,#11481);
#11479 = CARTESIAN_POINT('',(235.99,57.15,3.));
#11480 = DIRECTION('',(0.,0.,1.));
#11481 = DIRECTION('',(1.,0.,0.));
#11482 = ADVANCED_FACE('',(#11483),#11501,.F.);
#11483 = FACE_BOUND('',#11484,.F.);
#11484 = EDGE_LOOP('',(#11485,#11493,#11494,#11495));
#11485 = ORIENTED_EDGE('',*,*,#11486,.F.);
#11486 = EDGE_CURVE('',#11059,#11487,#11489,.T.);
#11487 = VERTEX_POINT('',#11488);
#11488 = CARTESIAN_POINT('',(238.99,57.15,0.));
#11489 = LINE('',#11490,#11491);
#11490 = CARTESIAN_POINT('',(235.99,57.15,0.));
#11491 = VECTOR('',#11492,1.);
#11492 = DIRECTION('',(1.,0.,0.));
#11493 = ORIENTED_EDGE('',*,*,#11068,.T.);
#11494 = ORIENTED_EDGE('',*,*,#11456,.T.);
#11495 = ORIENTED_EDGE('',*,*,#11496,.F.);
#11496 = EDGE_CURVE('',#11487,#11457,#11497,.T.);
#11497 = LINE('',#11498,#11499);
#11498 = CARTESIAN_POINT('',(238.99,57.15,0.));
#11499 = VECTOR('',#11500,1.);
#11500 = DIRECTION('',(0.,0.,1.));
#11501 = PLANE('',#11502);
#11502 = AXIS2_PLACEMENT_3D('',#11503,#11504,#11505);
#11503 = CARTESIAN_POINT('',(235.99,57.15,0.));
#11504 = DIRECTION('',(0.,1.,0.));
#11505 = DIRECTION('',(0.,0.,1.));
#11506 = ADVANCED_FACE('',(#11507),#11523,.F.);
#11507 = FACE_BOUND('',#11508,.F.);
#11508 = EDGE_LOOP('',(#11509,#11515,#11516,#11522));
#11509 = ORIENTED_EDGE('',*,*,#11510,.F.);
#11510 = EDGE_CURVE('',#11487,#10849,#11511,.T.);
#11511 = LINE('',#11512,#11513);
#11512 = CARTESIAN_POINT('',(0.,57.15,0.));
#11513 = VECTOR('',#11514,1.);
#11514 = DIRECTION('',(1.,0.,0.));
#11515 = ORIENTED_EDGE('',*,*,#11496,.T.);
#11516 = ORIENTED_EDGE('',*,*,#11517,.T.);
#11517 = EDGE_CURVE('',#11457,#10801,#11518,.T.);
#11518 = LINE('',#11519,#11520);
#11519 = CARTESIAN_POINT('',(0.,57.15,3.));
#11520 = VECTOR('',#11521,1.);
#11521 = DIRECTION('',(1.,0.,0.));
#11522 = ORIENTED_EDGE('',*,*,#11085,.F.);
#11523 = PLANE('',#11524);
#11524 = AXIS2_PLACEMENT_3D('',#11525,#11526,#11527);
#11525 = CARTESIAN_POINT('',(0.,57.15,0.));
#11526 = DIRECTION('',(0.,1.,0.));
#11527 = DIRECTION('',(0.,0.,1.));
#11528 = ADVANCED_FACE('',(#11529),#11554,.F.);
#11529 = FACE_BOUND('',#11530,.F.);
#11530 = EDGE_LOOP('',(#11531,#11532,#11540,#11548));
#11531 = ORIENTED_EDGE('',*,*,#11108,.F.);
#11532 = ORIENTED_EDGE('',*,*,#11533,.T.);
#11533 = EDGE_CURVE('',#11101,#11534,#11536,.T.);
#11534 = VERTEX_POINT('',#11535);
#11535 = CARTESIAN_POINT('',(294.,76.2,0.));
#11536 = LINE('',#11537,#11538);
#11537 = CARTESIAN_POINT('',(140.74,76.2,0.));
#11538 = VECTOR('',#11539,1.);
#11539 = DIRECTION('',(1.,0.,0.));
#11540 = ORIENTED_EDGE('',*,*,#11541,.T.);
#11541 = EDGE_CURVE('',#11534,#11542,#11544,.T.);
#11542 = VERTEX_POINT('',#11543);
#11543 = CARTESIAN_POINT('',(294.,79.2,0.));
#11544 = LINE('',#11545,#11546);
#11545 = CARTESIAN_POINT('',(294.,0.,0.));
#11546 = VECTOR('',#11547,1.);
#11547 = DIRECTION('',(0.,1.,0.));
#11548 = ORIENTED_EDGE('',*,*,#11549,.F.);
#11549 = EDGE_CURVE('',#11109,#11542,#11550,.T.);
#11550 = LINE('',#11551,#11552);
#11551 = CARTESIAN_POINT('',(291.,79.2,0.));
#11552 = VECTOR('',#11553,1.);
#11553 = DIRECTION('',(1.,0.,0.));
#11554 = PLANE('',#11555);
#11555 = AXIS2_PLACEMENT_3D('',#11556,#11557,#11558);
#11556 = CARTESIAN_POINT('',(291.,0.,0.));
#11557 = DIRECTION('',(0.,0.,1.));
#11558 = DIRECTION('',(1.,0.,0.));
#11559 = ADVANCED_FACE('',(#11560),#11578,.F.);
#11560 = FACE_BOUND('',#11561,.F.);
#11561 = EDGE_LOOP('',(#11562,#11563,#11564,#11572));
#11562 = ORIENTED_EDGE('',*,*,#11140,.F.);
#11563 = ORIENTED_EDGE('',*,*,#11486,.T.);
#11564 = ORIENTED_EDGE('',*,*,#11565,.T.);
#11565 = EDGE_CURVE('',#11487,#11566,#11568,.T.);
#11566 = VERTEX_POINT('',#11567);
#11567 = CARTESIAN_POINT('',(238.99,60.15,0.));
#11568 = LINE('',#11569,#11570);
#11569 = CARTESIAN_POINT('',(238.99,57.15,0.));
#11570 = VECTOR('',#11571,1.);
#11571 = DIRECTION('',(0.,1.,0.));
#11572 = ORIENTED_EDGE('',*,*,#11573,.F.);
#11573 = EDGE_CURVE('',#11131,#11566,#11574,.T.);
#11574 = LINE('',#11575,#11576);
#11575 = CARTESIAN_POINT('',(0.,60.15,0.));
#11576 = VECTOR('',#11577,1.);
#11577 = DIRECTION('',(1.,0.,0.));
#11578 = PLANE('',#11579);
#11579 = AXIS2_PLACEMENT_3D('',#11580,#11581,#11582);
#11580 = CARTESIAN_POINT('',(235.99,57.15,0.));
#11581 = DIRECTION('',(0.,0.,1.));
#11582 = DIRECTION('',(1.,0.,0.));
#11583 = ADVANCED_FACE('',(#11584),#11595,.T.);
#11584 = FACE_BOUND('',#11585,.T.);
#11585 = EDGE_LOOP('',(#11586,#11592,#11593,#11594));
#11586 = ORIENTED_EDGE('',*,*,#11587,.F.);
#11587 = EDGE_CURVE('',#11465,#11155,#11588,.T.);
#11588 = LINE('',#11589,#11590);
#11589 = CARTESIAN_POINT('',(0.,60.15,3.));
#11590 = VECTOR('',#11591,1.);
#11591 = DIRECTION('',(1.,0.,0.));
#11592 = ORIENTED_EDGE('',*,*,#11464,.F.);
#11593 = ORIENTED_EDGE('',*,*,#11517,.T.);
#11594 = ORIENTED_EDGE('',*,*,#11154,.T.);
#11595 = PLANE('',#11596);
#11596 = AXIS2_PLACEMENT_3D('',#11597,#11598,#11599);
#11597 = CARTESIAN_POINT('',(0.,57.15,3.));
#11598 = DIRECTION('',(0.,0.,1.));
#11599 = DIRECTION('',(1.,0.,0.));
#11600 = ADVANCED_FACE('',(#11601),#11617,.T.);
#11601 = FACE_BOUND('',#11602,.T.);
#11602 = EDGE_LOOP('',(#11603,#11609,#11610,#11616));
#11603 = ORIENTED_EDGE('',*,*,#11604,.F.);
#11604 = EDGE_CURVE('',#11155,#10898,#11605,.T.);
#11605 = LINE('',#11606,#11607);
#11606 = CARTESIAN_POINT('',(291.,0.,3.));
#11607 = VECTOR('',#11608,1.);
#11608 = DIRECTION('',(0.,1.,0.));
#11609 = ORIENTED_EDGE('',*,*,#11171,.T.);
#11610 = ORIENTED_EDGE('',*,*,#11611,.T.);
#11611 = EDGE_CURVE('',#11164,#11252,#11612,.T.);
#11612 = LINE('',#11613,#11614);
#11613 = CARTESIAN_POINT('',(294.,0.,3.));
#11614 = VECTOR('',#11615,1.);
#11615 = DIRECTION('',(0.,1.,0.));
#11616 = ORIENTED_EDGE('',*,*,#11251,.F.);
#11617 = PLANE('',#11618);
#11618 = AXIS2_PLACEMENT_3D('',#11619,#11620,#11621);
#11619 = CARTESIAN_POINT('',(291.,0.,3.));
#11620 = DIRECTION('',(0.,0.,1.));
#11621 = DIRECTION('',(1.,0.,0.));
#11622 = ADVANCED_FACE('',(#11623),#11634,.T.);
#11623 = FACE_BOUND('',#11624,.T.);
#11624 = EDGE_LOOP('',(#11625,#11626,#11627,#11633));
#11625 = ORIENTED_EDGE('',*,*,#11187,.F.);
#11626 = ORIENTED_EDGE('',*,*,#11211,.T.);
#11627 = ORIENTED_EDGE('',*,*,#11628,.T.);
#11628 = EDGE_CURVE('',#11212,#11164,#11629,.T.);
#11629 = LINE('',#11630,#11631);
#11630 = CARTESIAN_POINT('',(294.,60.15,0.));
#11631 = VECTOR('',#11632,1.);
#11632 = DIRECTION('',(0.,0.,1.));
#11633 = ORIENTED_EDGE('',*,*,#11163,.F.);
#11634 = PLANE('',#11635);
#11635 = AXIS2_PLACEMENT_3D('',#11636,#11637,#11638);
#11636 = CARTESIAN_POINT('',(294.,57.15,0.));
#11637 = DIRECTION('',(1.,0.,0.));
#11638 = DIRECTION('',(0.,0.,1.));
#11639 = ADVANCED_FACE('',(#11640),#11651,.F.);
#11640 = FACE_BOUND('',#11641,.F.);
#11641 = EDGE_LOOP('',(#11642,#11648,#11649,#11650));
#11642 = ORIENTED_EDGE('',*,*,#11643,.F.);
#11643 = EDGE_CURVE('',#11566,#11203,#11644,.T.);
#11644 = LINE('',#11645,#11646);
#11645 = CARTESIAN_POINT('',(0.,60.15,0.));
#11646 = VECTOR('',#11647,1.);
#11647 = DIRECTION('',(1.,0.,0.));
#11648 = ORIENTED_EDGE('',*,*,#11565,.F.);
#11649 = ORIENTED_EDGE('',*,*,#11510,.T.);
#11650 = ORIENTED_EDGE('',*,*,#11202,.T.);
#11651 = PLANE('',#11652);
#11652 = AXIS2_PLACEMENT_3D('',#11653,#11654,#11655);
#11653 = CARTESIAN_POINT('',(0.,57.15,0.));
#11654 = DIRECTION('',(0.,0.,1.));
#11655 = DIRECTION('',(1.,0.,0.));
#11656 = ADVANCED_FACE('',(#11657),#11673,.F.);
#11657 = FACE_BOUND('',#11658,.F.);
#11658 = EDGE_LOOP('',(#11659,#11665,#11666,#11672));
#11659 = ORIENTED_EDGE('',*,*,#11660,.F.);
#11660 = EDGE_CURVE('',#11203,#11101,#11661,.T.);
#11661 = LINE('',#11662,#11663);
#11662 = CARTESIAN_POINT('',(291.,0.,0.));
#11663 = VECTOR('',#11664,1.);
#11664 = DIRECTION('',(0.,1.,0.));
#11665 = ORIENTED_EDGE('',*,*,#11219,.T.);
#11666 = ORIENTED_EDGE('',*,*,#11667,.T.);
#11667 = EDGE_CURVE('',#11212,#11534,#11668,.T.);
#11668 = LINE('',#11669,#11670);
#11669 = CARTESIAN_POINT('',(294.,0.,0.));
#11670 = VECTOR('',#11671,1.);
#11671 = DIRECTION('',(0.,1.,0.));
#11672 = ORIENTED_EDGE('',*,*,#11533,.F.);
#11673 = PLANE('',#11674);
#11674 = AXIS2_PLACEMENT_3D('',#11675,#11676,#11677);
#11675 = CARTESIAN_POINT('',(291.,0.,0.));
#11676 = DIRECTION('',(0.,0.,1.));
#11677 = DIRECTION('',(1.,0.,0.));
#11678 = ADVANCED_FACE('',(#11679),#11690,.T.);
#11679 = FACE_BOUND('',#11680,.T.);
#11680 = EDGE_LOOP('',(#11681,#11682,#11683,#11684));
#11681 = ORIENTED_EDGE('',*,*,#11549,.F.);
#11682 = ORIENTED_EDGE('',*,*,#11236,.T.);
#11683 = ORIENTED_EDGE('',*,*,#11267,.T.);
#11684 = ORIENTED_EDGE('',*,*,#11685,.F.);
#11685 = EDGE_CURVE('',#11542,#11260,#11686,.T.);
#11686 = LINE('',#11687,#11688);
#11687 = CARTESIAN_POINT('',(294.,79.2,0.));
#11688 = VECTOR('',#11689,1.);
#11689 = DIRECTION('',(0.,0.,1.));
#11690 = PLANE('',#11691);
#11691 = AXIS2_PLACEMENT_3D('',#11692,#11693,#11694);
#11692 = CARTESIAN_POINT('',(291.,79.2,0.));
#11693 = DIRECTION('',(0.,1.,0.));
#11694 = DIRECTION('',(0.,0.,1.));
#11695 = ADVANCED_FACE('',(#11696),#11707,.T.);
#11696 = FACE_BOUND('',#11697,.T.);
#11697 = EDGE_LOOP('',(#11698,#11704,#11705,#11706));
#11698 = ORIENTED_EDGE('',*,*,#11699,.F.);
#11699 = EDGE_CURVE('',#11534,#11252,#11700,.T.);
#11700 = LINE('',#11701,#11702);
#11701 = CARTESIAN_POINT('',(294.,76.2,0.));
#11702 = VECTOR('',#11703,1.);
#11703 = DIRECTION('',(0.,0.,1.));
#11704 = ORIENTED_EDGE('',*,*,#11541,.T.);
#11705 = ORIENTED_EDGE('',*,*,#11685,.T.);
#11706 = ORIENTED_EDGE('',*,*,#11259,.F.);
#11707 = PLANE('',#11708);
#11708 = AXIS2_PLACEMENT_3D('',#11709,#11710,#11711);
#11709 = CARTESIAN_POINT('',(294.,0.,0.));
#11710 = DIRECTION('',(1.,0.,0.));
#11711 = DIRECTION('',(0.,0.,1.));
#11712 = ADVANCED_FACE('',(#11713),#11724,.F.);
#11713 = FACE_BOUND('',#11714,.F.);
#11714 = EDGE_LOOP('',(#11715,#11716,#11722,#11723));
#11715 = ORIENTED_EDGE('',*,*,#11604,.F.);
#11716 = ORIENTED_EDGE('',*,*,#11717,.F.);
#11717 = EDGE_CURVE('',#11203,#11155,#11718,.T.);
#11718 = LINE('',#11719,#11720);
#11719 = CARTESIAN_POINT('',(291.,60.15,0.));
#11720 = VECTOR('',#11721,1.);
#11721 = DIRECTION('',(0.,0.,1.));
#11722 = ORIENTED_EDGE('',*,*,#11660,.T.);
#11723 = ORIENTED_EDGE('',*,*,#11289,.T.);
#11724 = PLANE('',#11725);
#11725 = AXIS2_PLACEMENT_3D('',#11726,#11727,#11728);
#11726 = CARTESIAN_POINT('',(291.,0.,0.));
#11727 = DIRECTION('',(1.,0.,0.));
#11728 = DIRECTION('',(0.,0.,1.));
#11729 = ADVANCED_FACE('',(#11730),#11757,.T.);
#11730 = FACE_BOUND('',#11731,.F.);
#11731 = EDGE_LOOP('',(#11732,#11741,#11749,#11756));
#11732 = ORIENTED_EDGE('',*,*,#11733,.F.);
#11733 = EDGE_CURVE('',#11734,#10954,#11736,.T.);
#11734 = VERTEX_POINT('',#11735);
#11735 = CARTESIAN_POINT('',(240.49,68.18,0.));
#11736 = CIRCLE('',#11737,3.);
#11737 = AXIS2_PLACEMENT_3D('',#11738,#11739,#11740);
#11738 = CARTESIAN_POINT('',(237.49,68.18,0.));
#11739 = DIRECTION('',(0.,0.,1.));
#11740 = DIRECTION('',(1.,0.,0.));
#11741 = ORIENTED_EDGE('',*,*,#11742,.T.);
#11742 = EDGE_CURVE('',#11734,#11743,#11745,.T.);
#11743 = VERTEX_POINT('',#11744);
#11744 = CARTESIAN_POINT('',(240.49,68.18,3.));
#11745 = LINE('',#11746,#11747);
#11746 = CARTESIAN_POINT('',(240.49,68.18,0.));
#11747 = VECTOR('',#11748,1.);
#11748 = DIRECTION('',(0.,0.,1.));
#11749 = ORIENTED_EDGE('',*,*,#11750,.T.);
#11750 = EDGE_CURVE('',#11743,#10929,#11751,.T.);
#11751 = CIRCLE('',#11752,3.);
#11752 = AXIS2_PLACEMENT_3D('',#11753,#11754,#11755);
#11753 = CARTESIAN_POINT('',(237.49,68.18,3.));
#11754 = DIRECTION('',(0.,0.,1.));
#11755 = DIRECTION('',(1.,0.,0.));
#11756 = ORIENTED_EDGE('',*,*,#11304,.T.);
#11757 = CYLINDRICAL_SURFACE('',#11758,3.);
#11758 = AXIS2_PLACEMENT_3D('',#11759,#11760,#11761);
#11759 = CARTESIAN_POINT('',(237.49,68.18,0.));
#11760 = DIRECTION('',(-0.,-0.,-1.));
#11761 = DIRECTION('',(1.,0.,0.));
#11762 = ADVANCED_FACE('',(#11763),#11788,.F.);
#11763 = FACE_BOUND('',#11764,.T.);
#11764 = EDGE_LOOP('',(#11765,#11766,#11772,#11773,#11780,#11781));
#11765 = ORIENTED_EDGE('',*,*,#11352,.F.);
#11766 = ORIENTED_EDGE('',*,*,#11767,.T.);
#11767 = EDGE_CURVE('',#11353,#11321,#11768,.T.);
#11768 = LINE('',#11769,#11770);
#11769 = CARTESIAN_POINT('',(238.99,68.18,0.));
#11770 = VECTOR('',#11771,1.);
#11771 = DIRECTION('',(0.,0.,1.));
#11772 = ORIENTED_EDGE('',*,*,#11320,.T.);
#11773 = ORIENTED_EDGE('',*,*,#11774,.T.);
#11774 = EDGE_CURVE('',#11323,#11321,#11775,.T.);
#11775 = CIRCLE('',#11776,1.5);
#11776 = AXIS2_PLACEMENT_3D('',#11777,#11778,#11779);
#11777 = CARTESIAN_POINT('',(237.49,68.18,3.));
#11778 = DIRECTION('',(0.,0.,1.));
#11779 = DIRECTION('',(1.,0.,0.));
#11780 = ORIENTED_EDGE('',*,*,#11767,.F.);
#11781 = ORIENTED_EDGE('',*,*,#11782,.F.);
#11782 = EDGE_CURVE('',#11355,#11353,#11783,.T.);
#11783 = CIRCLE('',#11784,1.5);
#11784 = AXIS2_PLACEMENT_3D('',#11785,#11786,#11787);
#11785 = CARTESIAN_POINT('',(237.49,68.18,0.));
#11786 = DIRECTION('',(0.,0.,1.));
#11787 = DIRECTION('',(1.,0.,0.));
#11788 = CYLINDRICAL_SURFACE('',#11789,1.5);
#11789 = AXIS2_PLACEMENT_3D('',#11790,#11791,#11792);
#11790 = CARTESIAN_POINT('',(237.49,68.18,0.));
#11791 = DIRECTION('',(-0.,-0.,-1.));
#11792 = DIRECTION('',(1.,0.,0.));
#11793 = ADVANCED_FACE('',(#11794),#11813,.T.);
#11794 = FACE_BOUND('',#11795,.T.);
#11795 = EDGE_LOOP('',(#11796,#11805,#11806,#11807));
#11796 = ORIENTED_EDGE('',*,*,#11797,.T.);
#11797 = EDGE_CURVE('',#11798,#11743,#11800,.T.);
#11798 = VERTEX_POINT('',#11799);
#11799 = CARTESIAN_POINT('',(238.99,65.581923788647,3.));
#11800 = CIRCLE('',#11801,3.);
#11801 = AXIS2_PLACEMENT_3D('',#11802,#11803,#11804);
#11802 = CARTESIAN_POINT('',(237.49,68.18,3.));
#11803 = DIRECTION('',(0.,0.,1.));
#11804 = DIRECTION('',(1.,0.,0.));
#11805 = ORIENTED_EDGE('',*,*,#11750,.T.);
#11806 = ORIENTED_EDGE('',*,*,#11331,.F.);
#11807 = ORIENTED_EDGE('',*,*,#11808,.F.);
#11808 = EDGE_CURVE('',#11798,#11321,#11809,.T.);
#11809 = LINE('',#11810,#11811);
#11810 = CARTESIAN_POINT('',(238.99,57.15,3.));
#11811 = VECTOR('',#11812,1.);
#11812 = DIRECTION('',(0.,1.,0.));
#11813 = PLANE('',#11814);
#11814 = AXIS2_PLACEMENT_3D('',#11815,#11816,#11817);
#11815 = CARTESIAN_POINT('',(237.49,68.18,3.));
#11816 = DIRECTION('',(0.,0.,1.));
#11817 = DIRECTION('',(1.,0.,0.));
#11818 = ADVANCED_FACE('',(#11819),#11838,.F.);
#11819 = FACE_BOUND('',#11820,.F.);
#11820 = EDGE_LOOP('',(#11821,#11830,#11831,#11832));
#11821 = ORIENTED_EDGE('',*,*,#11822,.T.);
#11822 = EDGE_CURVE('',#11823,#11734,#11825,.T.);
#11823 = VERTEX_POINT('',#11824);
#11824 = CARTESIAN_POINT('',(238.99,65.581923788647,0.));
#11825 = CIRCLE('',#11826,3.);
#11826 = AXIS2_PLACEMENT_3D('',#11827,#11828,#11829);
#11827 = CARTESIAN_POINT('',(237.49,68.18,0.));
#11828 = DIRECTION('',(0.,0.,1.));
#11829 = DIRECTION('',(1.,0.,0.));
#11830 = ORIENTED_EDGE('',*,*,#11733,.T.);
#11831 = ORIENTED_EDGE('',*,*,#11363,.F.);
#11832 = ORIENTED_EDGE('',*,*,#11833,.F.);
#11833 = EDGE_CURVE('',#11823,#11353,#11834,.T.);
#11834 = LINE('',#11835,#11836);
#11835 = CARTESIAN_POINT('',(238.99,57.15,0.));
#11836 = VECTOR('',#11837,1.);
#11837 = DIRECTION('',(0.,1.,0.));
#11838 = PLANE('',#11839);
#11839 = AXIS2_PLACEMENT_3D('',#11840,#11841,#11842);
#11840 = CARTESIAN_POINT('',(237.49,68.18,0.));
#11841 = DIRECTION('',(0.,0.,1.));
#11842 = DIRECTION('',(1.,0.,0.));
#11843 = ADVANCED_FACE('',(#11844),#11856,.F.);
#11844 = FACE_BOUND('',#11845,.F.);
#11845 = EDGE_LOOP('',(#11846,#11853,#11854,#11855));
#11846 = ORIENTED_EDGE('',*,*,#11847,.T.);
#11847 = EDGE_CURVE('',#10978,#11823,#11848,.T.);
#11848 = CIRCLE('',#11849,3.);
#11849 = AXIS2_PLACEMENT_3D('',#11850,#11851,#11852);
#11850 = CARTESIAN_POINT('',(237.49,68.18,0.));
#11851 = DIRECTION('',(0.,0.,1.));
#11852 = DIRECTION('',(1.,0.,0.));
#11853 = ORIENTED_EDGE('',*,*,#11833,.T.);
#11854 = ORIENTED_EDGE('',*,*,#11782,.F.);
#11855 = ORIENTED_EDGE('',*,*,#11384,.F.);
#11856 = PLANE('',#11857);
#11857 = AXIS2_PLACEMENT_3D('',#11858,#11859,#11860);
#11858 = CARTESIAN_POINT('',(237.49,68.18,0.));
#11859 = DIRECTION('',(0.,0.,1.));
#11860 = DIRECTION('',(1.,0.,0.));
#11861 = ADVANCED_FACE('',(#11862),#11879,.T.);
#11862 = FACE_BOUND('',#11863,.T.);
#11863 = EDGE_LOOP('',(#11864,#11865,#11866,#11872));
#11864 = ORIENTED_EDGE('',*,*,#11400,.F.);
#11865 = ORIENTED_EDGE('',*,*,#11472,.T.);
#11866 = ORIENTED_EDGE('',*,*,#11867,.T.);
#11867 = EDGE_CURVE('',#11465,#11798,#11868,.T.);
#11868 = LINE('',#11869,#11870);
#11869 = CARTESIAN_POINT('',(238.99,57.15,3.));
#11870 = VECTOR('',#11871,1.);
#11871 = DIRECTION('',(0.,1.,0.));
#11872 = ORIENTED_EDGE('',*,*,#11873,.F.);
#11873 = EDGE_CURVE('',#10988,#11798,#11874,.T.);
#11874 = CIRCLE('',#11875,3.);
#11875 = AXIS2_PLACEMENT_3D('',#11876,#11877,#11878);
#11876 = CARTESIAN_POINT('',(237.49,68.18,3.));
#11877 = DIRECTION('',(0.,0.,1.));
#11878 = DIRECTION('',(1.,0.,0.));
#11879 = PLANE('',#11880);
#11880 = AXIS2_PLACEMENT_3D('',#11881,#11882,#11883);
#11881 = CARTESIAN_POINT('',(235.99,57.15,3.));
#11882 = DIRECTION('',(0.,0.,1.));
#11883 = DIRECTION('',(1.,0.,0.));
#11884 = ADVANCED_FACE('',(#11885),#11896,.F.);
#11885 = FACE_BOUND('',#11886,.F.);
#11886 = EDGE_LOOP('',(#11887,#11888,#11889,#11895));
#11887 = ORIENTED_EDGE('',*,*,#11412,.F.);
#11888 = ORIENTED_EDGE('',*,*,#11573,.T.);
#11889 = ORIENTED_EDGE('',*,*,#11890,.T.);
#11890 = EDGE_CURVE('',#11566,#11823,#11891,.T.);
#11891 = LINE('',#11892,#11893);
#11892 = CARTESIAN_POINT('',(238.99,57.15,0.));
#11893 = VECTOR('',#11894,1.);
#11894 = DIRECTION('',(0.,1.,0.));
#11895 = ORIENTED_EDGE('',*,*,#11847,.F.);
#11896 = PLANE('',#11897);
#11897 = AXIS2_PLACEMENT_3D('',#11898,#11899,#11900);
#11898 = CARTESIAN_POINT('',(235.99,57.15,0.));
#11899 = DIRECTION('',(0.,0.,1.));
#11900 = DIRECTION('',(1.,0.,0.));
#11901 = ADVANCED_FACE('',(#11902),#11908,.T.);
#11902 = FACE_BOUND('',#11903,.T.);
#11903 = EDGE_LOOP('',(#11904,#11905,#11906,#11907));
#11904 = ORIENTED_EDGE('',*,*,#11873,.T.);
#11905 = ORIENTED_EDGE('',*,*,#11808,.T.);
#11906 = ORIENTED_EDGE('',*,*,#11774,.F.);
#11907 = ORIENTED_EDGE('',*,*,#11427,.F.);
#11908 = PLANE('',#11909);
#11909 = AXIS2_PLACEMENT_3D('',#11910,#11911,#11912);
#11910 = CARTESIAN_POINT('',(237.49,68.18,3.));
#11911 = DIRECTION('',(0.,0.,1.));
#11912 = DIRECTION('',(1.,0.,0.));
#11913 = ADVANCED_FACE('',(#11914),#11925,.T.);
#11914 = FACE_BOUND('',#11915,.T.);
#11915 = EDGE_LOOP('',(#11916,#11917,#11923,#11924));
#11916 = ORIENTED_EDGE('',*,*,#11643,.F.);
#11917 = ORIENTED_EDGE('',*,*,#11918,.T.);
#11918 = EDGE_CURVE('',#11566,#11465,#11919,.T.);
#11919 = LINE('',#11920,#11921);
#11920 = CARTESIAN_POINT('',(238.99,60.15,0.));
#11921 = VECTOR('',#11922,1.);
#11922 = DIRECTION('',(0.,0.,1.));
#11923 = ORIENTED_EDGE('',*,*,#11587,.T.);
#11924 = ORIENTED_EDGE('',*,*,#11717,.F.);
#11925 = PLANE('',#11926);
#11926 = AXIS2_PLACEMENT_3D('',#11927,#11928,#11929);
#11927 = CARTESIAN_POINT('',(0.,60.15,0.));
#11928 = DIRECTION('',(0.,1.,0.));
#11929 = DIRECTION('',(0.,0.,1.));
#11930 = ADVANCED_FACE('',(#11931),#11937,.T.);
#11931 = FACE_BOUND('',#11932,.T.);
#11932 = EDGE_LOOP('',(#11933,#11934,#11935,#11936));
#11933 = ORIENTED_EDGE('',*,*,#11628,.F.);
#11934 = ORIENTED_EDGE('',*,*,#11667,.T.);
#11935 = ORIENTED_EDGE('',*,*,#11699,.T.);
#11936 = ORIENTED_EDGE('',*,*,#11611,.F.);
#11937 = PLANE('',#11938);
#11938 = AXIS2_PLACEMENT_3D('',#11939,#11940,#11941);
#11939 = CARTESIAN_POINT('',(294.,0.,0.));
#11940 = DIRECTION('',(1.,0.,0.));
#11941 = DIRECTION('',(0.,0.,1.));
#11942 = ADVANCED_FACE('',(#11943),#11954,.T.);
#11943 = FACE_BOUND('',#11944,.F.);
#11944 = EDGE_LOOP('',(#11945,#11946,#11947,#11953));
#11945 = ORIENTED_EDGE('',*,*,#11742,.F.);
#11946 = ORIENTED_EDGE('',*,*,#11822,.F.);
#11947 = ORIENTED_EDGE('',*,*,#11948,.F.);
#11948 = EDGE_CURVE('',#11798,#11823,#11949,.T.);
#11949 = LINE('',#11950,#11951);
#11950 = CARTESIAN_POINT('',(238.99,65.581923788647,0.));
#11951 = VECTOR('',#11952,1.);
#11952 = DIRECTION('',(-0.,-0.,-1.));
#11953 = ORIENTED_EDGE('',*,*,#11797,.T.);
#11954 = CYLINDRICAL_SURFACE('',#11955,3.);
#11955 = AXIS2_PLACEMENT_3D('',#11956,#11957,#11958);
#11956 = CARTESIAN_POINT('',(237.49,68.18,0.));
#11957 = DIRECTION('',(-0.,-0.,-1.));
#11958 = DIRECTION('',(1.,0.,0.));
#11959 = ADVANCED_FACE('',(#11960),#11966,.T.);
#11960 = FACE_BOUND('',#11961,.T.);
#11961 = EDGE_LOOP('',(#11962,#11963,#11964,#11965));
#11962 = ORIENTED_EDGE('',*,*,#11867,.F.);
#11963 = ORIENTED_EDGE('',*,*,#11918,.F.);
#11964 = ORIENTED_EDGE('',*,*,#11890,.T.);
#11965 = ORIENTED_EDGE('',*,*,#11948,.F.);
#11966 = PLANE('',#11967);
#11967 = AXIS2_PLACEMENT_3D('',#11968,#11969,#11970);
#11968 = CARTESIAN_POINT('',(238.99,57.15,0.));
#11969 = DIRECTION('',(1.,0.,0.));
#11970 = DIRECTION('',(0.,0.,1.));
#11971 = ( GEOMETRIC_REPRESENTATION_CONTEXT(3) 
GLOBAL_UNCERTAINTY_ASSIGNED_CONTEXT((#11975)) 
GLOBAL_UNIT_ASSIGNED_CONTEXT((#11972,#11973,#11974)) 
REPRESENTATION_CONTEXT('Context #1',
  '3D Context with UNIT and UNCERTAINTY') );
#11972 = ( LENGTH_UNIT() NAMED_UNIT(*) SI_UNIT(.MILLI.,.METRE.) );
#11973 = ( NAMED_UNIT(*) PLANE_ANGLE_UNIT() SI_UNIT($,.RADIAN.) );
#11974 = ( NAMED_UNIT(*) SI_UNIT($,.STERADIAN.) SOLID_ANGLE_UNIT() );
#11975 = UNCERTAINTY_MEASURE_WITH_UNIT(LENGTH_MEASURE(1.E-07),#11972,
  'distance_accuracy_value','confusion accuracy');
#11976 = PRODUCT_RELATED_PRODUCT_CATEGORY('part',$,(#7));
#11977 = MECHANICAL_DESIGN_GEOMETRIC_PRESENTATION_REPRESENTATION('',(
    #11978),#11971);
#11978 = STYLED_ITEM('color',(#11979),#15);
#11979 = PRESENTATION_STYLE_ASSIGNMENT((#11980,#11986));
#11980 = SURFACE_STYLE_USAGE(.BOTH.,#11981);
#11981 = SURFACE_SIDE_STYLE('',(#11982));
#11982 = SURFACE_STYLE_FILL_AREA(#11983);
#11983 = FILL_AREA_STYLE('',(#11984));
#11984 = FILL_AREA_STYLE_COLOUR('',#11985);
#11985 = COLOUR_RGB('',0.800000010877,0.800000010877,0.800000010877);
#11986 = CURVE_STYLE('',#11987,POSITIVE_LENGTH_MEASURE(0.1),#11988);
#11987 = DRAUGHTING_PRE_DEFINED_CURVE_FONT('continuous');
#11988 = COLOUR_RGB('',9.803921802644E-02,9.803921802644E-02,
  9.803921802644E-02);
ENDSEC;
END-ISO-10303-21;
